CustomerID,Recency,Frequency,Monetary,Is_France,Is_Germany,Is_United Kingdom,Log_R,Log_F,Log_M,Scaled_R,Scaled_F,Scaled_M
12346.0,165,11,372.86,False,False,True,5.111987788356544,2.4849066497880004,5.923881395784186,0.9137913705420152,2.297186258929065,-0.40465320776318
12426.0,298,1,762.48,False,True,False,5.700443573390687,0.6931471805599453,6.6378869291616915,1.3880664101056417,-1.0194460782877899,0.2802462211119089
12427.0,7,1,303.5,False,True,False,2.0794415416798357,0.6931471805599453,5.718671087149952,-1.530336170897096,-1.0194460782877899,-0.6014982133165996
12441.0,2,1,173.55,True,False,False,1.0986122886681098,0.6931471805599453,5.162211233551045,-2.3208506744639323,-1.0194460782877899,-1.1352742389994468
12466.0,318,1,56.73,True,False,False,5.765191102784844,0.6931471805599453,4.055776969072842,1.4402506826475105,-1.0194460782877899,-2.1966052237108658
12468.0,162,3,2941.2,False,True,False,5.093750200806762,1.3862943611198906,7.986912879816112,0.899092504838425,0.26360245192940907,1.5742797543960003
12475.0,45,1,426.26,False,True,False,3.828641396489095,0.6931471805599453,6.057392727222088,-0.12054149907444375,-1.0194460782877899,-0.27658440384562644
12480.0,35,3,2183.2200000000003,False,True,False,3.58351893845611,1.3862943611198906,7.689014064392341,-0.3181017345894741,0.26360245192940907,1.2885246460550792
12492.0,39,1,452.0,False,True,False,3.6888794541139363,0.6931471805599453,6.115892125483034,-0.23318479774746423,-1.0194460782877899,-0.22046970643014457
12494.0,1,3,626.77,True,False,False,0.6931471805599453,1.3862943611198906,6.4421738573469876,-2.6476415482736133,0.26360245192940907,0.09251130192269166
12499.0,196,1,393.72,False,True,False,5.2832037287379885,0.6931471805599453,5.9781766527810465,1.0517855052986675,-1.0194460782877899,-0.3525712717425036
12500.0,71,8,1697.39,False,True,False,4.276666119016055,2.1972245773362196,7.437436022477224,0.24055095409878485,1.764673005494323,1.0472020663684647
12504.0,53,2,297.0,False,True,False,3.9889840465642745,1.0986122886681098,5.697093486505405,0.008689139220207557,-0.26891080150533303,-0.6221962130758416
12516.0,66,2,1336.56,False,True,False,4.204692619390966,1.0986122886681098,7.198602337577074,0.1825427991101455,-0.26891080150533303,0.8181043258923281
12519.0,112,1,385.7,False,True,False,4.727387818712341,0.6931471805599453,5.957649198613251,0.603817077726472,-1.0194460782877899,-0.3722619337591931
12523.0,10,12,2582.38,True,False,False,2.3978952727983707,2.5649493574615367,7.85685389803225,-1.2736734618769707,2.445349133013286,1.4495225666996052
12525.0,134,3,973.73,True,False,False,4.90527477843843,1.3862943611198906,6.882160509570649,0.7471878236815803,0.26360245192940907,0.514562102278774
12527.0,130,2,386.8,False,True,False,4.875197323201151,1.0986122886681098,5.9604897428085515,0.7229464335288678,-0.26891080150533303,-0.36953718303092803
12529.0,164,1,316.48,True,False,False,5.10594547390058,0.6931471805599453,5.760414824222675,0.9089214737706007,-1.0194460782877899,-0.5614561403301654
12530.0,51,5,2096.98,False,True,False,3.9512437185814275,1.791759469228055,7.648730256022339,-0.0217282617170106,1.0141377287118658,1.249882988454731
12531.0,322,1,1807.98,False,True,False,5.777652323222656,0.6931471805599453,7.500518429502228,1.4502939959540684,-1.0194460782877899,1.1077129483207593
12533.0,263,2,1367.89,False,True,False,5.575949103146316,1.0986122886681098,7.221755471439273,1.2877281666857459,-0.26891080150533303,0.8403136329881382
12553.0,21,2,916.47,True,False,False,3.091042453358316,1.0986122886681098,6.821619881846465,-0.7150207731887119,-0.26891080150533303,0.45648938517265913
12562.0,21,2,1185.18,True,False,False,3.091042453358316,1.0986122886681098,7.078493338699342,-0.7150207731887119,-0.26891080150533303,0.7028915146624414
12568.0,280,1,70.0,False,True,False,5.638354669333745,0.6931471805599453,4.2626798770413155,1.3380248977660874,-1.0194460782877899,-1.998136616850253
12573.0,17,4,556.87,True,False,False,2.8903717578961645,1.6094379124341003,6.324125960328047,-0.876754423277733,0.6766518209102622,-0.020724427309998506
12575.0,93,2,622.8199999999999,True,False,False,4.543294782270004,1.0986122886681098,6.435861865217934,0.4554444482739268,-0.26891080150533303,0.0864566152260729
12577.0,17,5,995.9499999999999,True,False,False,2.8903717578961645,1.791759469228055,6.9047006182529085,-0.876754423277733,1.0141377287118658,0.5361833738818612
12580.0,212,1,637.2,False,True,False,5.3612921657094255,0.6931471805599453,6.4586517138441435,1.114722088600234,-1.0194460782877899,0.10831744624009272
12592.0,155,3,2145.06,False,True,False,5.049856007249537,1.3862943611198906,7.671388881793274,0.8637153007809296,0.26360245192940907,1.271617945852327
12595.0,140,1,299.02,False,True,False,4.948759890378168,0.6931471805599453,5.703849139100744,0.7822353220836085,-1.0194460782877899,-0.6157159515261313
12598.0,99,3,1511.01,True,False,False,4.605170185988092,1.3862943611198906,7.321195170474221,0.5053138867139089,0.26360245192940907,0.9356997187995174
12599.0,17,6,1264.14,True,False,False,2.8903717578961645,1.9459101490553132,7.1429380669746925,-0.876754423277733,1.2994779980390392,0.7647091834709842
12600.0,7,12,2444.88,False,True,False,2.0794415416798357,2.5649493574615367,7.802160255354363,-1.530336170897096,2.445349133013286,1.3970584850054684
12601.0,40,1,104.19999999999999,False,True,False,3.713572066704308,0.6931471805599453,4.65586330030361,-0.21328340479480876,-1.0194460782877899,-1.6209811335283624
12605.0,12,4,1232.95,False,True,False,2.5649493574615367,1.6094379124341003,7.117975685005857,-1.1390336390935285,0.6766518209102622,0.7407643814287036
12608.0,40,1,415.79,False,False,True,3.713572066704308,0.6931471805599453,6.03258249782888,-0.21328340479480876,-1.0194460782877899,-0.3003832557414757
12609.0,10,6,2309.01,False,True,False,2.3978952727983707,1.9459101490553132,7.745007132510798,-1.2736734618769707,1.2994779980390392,1.342235182714211
12613.0,24,5,3490.69,False,True,False,3.2188758248682006,1.791759469228055,8.158141138677466,-0.6119914906626093,1.0141377287118658,1.7385279726789433
12615.0,49,4,3449.79,True,False,False,3.912023005428146,1.6094379124341003,8.146358469319471,-0.05333880197435037,0.6766518209102622,1.727225618374011
12616.0,24,1,417.8,True,False,False,3.2188758248682006,0.6931471805599453,6.037393478996382,-0.6119914906626093,-1.0194460782877899,-0.29576839199054067
12619.0,196,1,140.14,False,True,False,5.2832037287379885,0.6931471805599453,4.949752305572684,1.0517855052986675,-1.0194460782877899,-1.3390723772904263
12623.0,52,6,3442.7400000000002,False,True,False,3.970291913552122,1.9459101490553132,8.144313369085756,-0.006376074427667188,1.2994779980390392,1.7252638857030633
12625.0,145,2,2481.06,False,True,False,4.983606621708336,1.0986122886681098,7.816844139525548,0.8103205840533239,-0.26891080150533303,1.4111437874469486
12632.0,156,2,804.88,False,True,False,5.056245805348308,1.0986122886681098,6.691934848047708,0.8688652573675951,-0.26891080150533303,0.33209090164514554
12633.0,18,3,3514.18,False,True,False,2.9444389791664403,1.3862943611198906,8.164846012037465,-0.8331781102237836,0.26360245192940907,1.744959524985296
12635.0,28,2,1241.23,False,True,False,3.367295829986474,1.0986122886681098,7.12466343053395,-0.49237009243739077,-0.26891080150533303,0.7471795041112768
12637.0,14,4,2318.41,True,False,False,2.70805020110221,1.6094379124341003,7.749068121973169,-1.0236993013143005,0.6766518209102622,1.3461306278241227
12644.0,66,3,1440.58,False,True,False,4.204692619390966,1.3862943611198906,7.2734950132839185,0.1825427991101455,0.26360245192940907,0.8899440363997606
12645.0,45,4,1764.12,False,True,False,3.828641396489095,1.6094379124341003,7.475973955724828,-0.12054149907444375,0.6766518209102622,1.0841690186362636
12648.0,73,3,793.95,False,True,False,4.30406509320417,1.3862943611198906,6.678279219594718,0.26263358103109885,0.26360245192940907,0.31899193855428337
12649.0,18,5,1671.1399999999999,False,True,False,2.9444389791664403,1.791759469228055,7.42185952219673,-0.8331781102237836,1.0141377287118658,1.0322605348994889
12651.0,14,3,263.75,True,False,False,2.70805020110221,1.3862943611198906,5.578785984481516,-1.0236993013143005,0.26360245192940907,-0.7356809646358253
12652.0,70,1,97.05000000000001,False,True,False,4.2626798770413155,0.6931471805599453,4.585477552642355,0.22927852610229346,-1.0194460782877899,-1.6884976388222386
12655.0,59,1,261.35,True,False,False,4.0943445622221,0.6931471805599453,5.569679490132721,0.09360607606221706,-1.0194460782877899,-0.7444162369649351
12656.0,61,3,2356.66,True,False,False,4.127134385045092,1.3862943611198906,7.765424880709422,0.12003354081346623,0.26360245192940907,1.3618206108746946
12662.0,9,10,3138.2400000000002,False,True,False,2.302585092994046,2.3978952727983707,8.051736011389762,-1.3504901751239817,2.1361240451745016,1.6364604010678436
12663.0,260,2,239.4,False,True,False,5.564520407322694,1.0986122886681098,5.4823042026610525,1.27851703255849,-0.26891080150533303,-0.8282297113564597
12665.0,53,2,250.6,False,True,False,3.9889840465642745,1.0986122886681098,5.527840524826286,0.008689139220207557,-0.26891080150533303,-0.7845496562502888
12670.0,21,2,764.24,True,False,False,3.091042453358316,1.0986122886681098,6.640189510115181,-0.7150207731887119,-0.26891080150533303,0.2824549384204757
12671.0,242,1,2622.481,False,True,False,5.493061443340548,0.6931471805599453,7.872257340866884,1.2209235755278292,-1.0194460782877899,1.4642980953292593
12672.0,231,1,211.15,True,False,False,5.44673737166631,0.6931471805599453,5.357293571648334,1.1835879736273858,-1.0194460782877899,-0.9481443419601089
12673.0,37,1,619.5,False,True,False,3.6375861597263857,0.6931471805599453,6.430525604644662,-0.27452542153552467,-1.0194460782877899,0.08133788484078561
12677.0,191,2,395.1,True,False,False,5.2574953720277815,1.0986122886681098,5.981666704627871,1.031065457665621,-0.26891080150533303,-0.3492234902409687
12686.0,7,1,89.14,True,False,False,2.0794415416798357,0.6931471805599453,4.501364017262502,-1.530336170897096,-1.0194460782877899,-1.7691823249335812
12691.0,56,1,134.6,True,False,False,4.04305126783455,0.6931471805599453,4.909709375506295,0.05226545227415695,-1.0194460782877899,-1.3774829758795195
12692.0,273,1,110.95,True,False,False,5.6131281063880705,0.6931471805599453,4.718052343044764,1.3176931592678074,-1.0194460782877899,-1.561327198279116
12693.0,32,3,847.11,False,True,False,3.4965075614664802,1.3862943611198906,6.743010344360515,-0.3882298993790306,0.26360245192940907,0.38108432903313444
12694.0,57,1,973.68,True,False,False,4.060443010546419,0.6931471805599453,6.882109211998551,0.06628259625086781,-1.0194460782877899,0.5145128958284175
12695.0,164,3,825.02,True,False,False,5.10594547390058,1.3862943611198906,6.716618986302906,0.9089214737706007,0.26360245192940907,0.35576880244976067
12698.0,226,1,339.75,False,True,False,5.424950017481403,0.6931471805599453,5.831149070576642,1.1660281186122226,-1.0194460782877899,-0.49360534273119505
12699.0,53,1,638.11,False,True,False,3.9889840465642745,0.6931471805599453,6.460076583537422,0.008689139220207557,-1.0194460782877899,0.10968423178099947
12701.0,165,4,1648.7,False,True,False,5.111987788356544,1.6094379124341003,7.408348732181879,0.9137913705420152,0.6766518209102622,1.0193005059749929
12703.0,269,3,722.98,False,True,False,5.598421958998375,1.3862943611198906,6.584763767694766,1.3058405123698393,0.26360245192940907,0.22928860069036022
12708.0,4,9,2601.19,False,True,False,1.6094379124341003,2.302585092994046,7.864108677159832,-1.909142863812241,1.959700351127462,1.4564816081199026
12711.0,247,2,1339.05,False,True,False,5.5134287461649825,1.0986122886681098,7.200462205681664,1.237338918189984,-0.26891080150533303,0.8198883773360063
12712.0,1,10,2797.53,False,True,False,0.6931471805599453,2.3978952727983707,7.936849558302542,-2.6476415482736133,2.1361240451745016,1.5262572409708761
12720.0,5,6,2478.94,False,True,False,1.791759469228055,1.9459101490553132,7.8159896453179725,-1.7621979857756733,1.2994779980390392,1.410324126299538
12721.0,21,2,1356.95,True,False,False,3.091042453358316,1.0986122886681098,7.213731488589559,-0.7150207731887119,-0.26891080150533303,0.8326167440787814
12724.0,19,3,1286.11,True,False,False,2.995732273553991,1.3862943611198906,7.160154674029237,-0.7918374864357232,0.26360245192940907,0.7812239635218414
12726.0,23,4,1405.5,True,False,False,3.1780538303479458,1.6094379124341003,7.248859627929911,-0.6448926083991554,0.6766518209102622,0.8663129011069246
12727.0,78,3,1698.8300000000002,True,False,False,4.3694478524670215,1.3862943611198906,7.438283525043974,0.3153298269085502,0.26360245192940907,1.0480150208860461
12728.0,19,1,233.84,True,False,False,2.995732273553991,0.6931471805599453,5.458904431195985,-0.7918374864357232,-1.0194460782877899,-0.8506756019876164
12730.0,157,1,829.25,False,True,False,5.062595033026967,0.6931471805599453,6.721726860256856,0.8739825155968092,-1.0194460782877899,0.3606684562903655
12734.0,10,2,529.25,True,False,False,2.3978952727983707,1.0986122886681098,6.2733485934447915,-1.2736734618769707,-0.26891080150533303,-0.06943187837639679
12737.0,134,2,3710.5,True,False,False,4.90527477843843,1.0986122886681098,8.219191386557602,0.7471878236815803,-0.26891080150533303,1.7970895355116507
12738.0,8,1,155.35,False,True,False,2.1972245773362196,0.6931471805599453,5.05209708390385,-1.4354071119659917,-1.0194460782877899,-1.2408996363933293
12745.0,122,3,925.41,False,False,True,4.812184355372417,1.3862943611198906,6.8313169012337,0.6721601577031311,0.26360245192940907,0.46579111006082813
12746.0,176,1,254.55,False,False,True,5.176149732573829,0.6931471805599453,5.543418085214289,0.9655036816553582,-1.0194460782877899,-0.7696071078885948
12749.0,35,4,2806.48,False,False,True,3.58351893845611,1.6094379124341003,7.940042562811623,-0.3181017345894741,0.6766518209102622,1.5293200841316579
12777.0,93,1,519.45,False,False,True,4.543294782270004,0.6931471805599453,6.254693821961477,0.4554444482739268,-1.0194460782877899,-0.08732619674992408
12819.0,94,1,540.52,False,False,True,4.553876891600541,0.6931471805599453,6.294380000200352,0.4639732629258481,-1.0194460782877899,-0.04925780716551263
12820.0,33,7,1747.18,False,False,True,3.5263605246161616,2.0794415416798357,7.466330525742312,-0.36416944209576146,1.546650982146608,1.0749186986055783
12821.0,247,1,128.07999999999998,False,False,True,5.5134287461649825,0.6931471805599453,4.860432367183761,1.237338918189984,-1.0194460782877899,-1.424751229806247
12825.0,157,2,518.63,False,False,True,5.062595033026967,1.0986122886681098,6.253117019850299,0.8739825155968092,-0.26891080150533303,-0.08883872125416223
12826.0,1,6,1481.03,False,False,True,0.6931471805599453,1.9459101490553132,7.301168048566127,-2.6476415482736133,1.2994779980390392,0.9164889932299534
12829.0,186,1,92.30000000000001,False,False,True,5.231108616854587,0.6931471805599453,4.535820107853298,1.009798644300881,-1.0194460782877899,-1.7361308208993298
12831.0,99,2,236.06,False,False,True,4.605170185988092,1.0986122886681098,5.468313273651354,0.5053138867139089,-0.26891080150533303,-0.8416503066323059
12837.0,205,1,554.31,False,False,True,5.327876168789581,0.6931471805599453,6.3195265163692245,1.0877899491527518,-1.0194460782877899,-0.025136377068481534
12838.0,9,9,2715.35,False,False,True,2.302585092994046,2.302585092994046,7.907044346355461,-1.3504901751239817,1.959700351127462,1.4976670246689197
12840.0,73,3,1315.2,False,False,True,4.30406509320417,1.3862943611198906,7.182504076022019,0.26263358103109885,0.26360245192940907,0.8026623025052211
12841.0,5,17,3518.33,False,False,True,1.791759469228055,2.8903717578961645,8.166025909565922,-1.7621979857756733,3.0477215357115215,1.7460913245380936
12842.0,40,2,799.0,False,False,True,3.713572066704308,1.0986122886681098,6.684611727667927,-0.21328340479480876,-0.26891080150533303,0.3250663048721064
12844.0,78,2,322.64,False,False,True,4.3694478524670215,1.0986122886681098,5.779631786939639,0.3153298269085502,-0.26891080150533303,-0.5430225481879547
12846.0,318,1,15.58,False,False,True,5.765191102784844,0.6931471805599453,2.8081971497071487,1.4402506826475105,-1.0194460782877899,-3.3933280302102937
12847.0,23,1,765.36,False,False,True,3.1780538303479458,0.6931471805599453,6.641652033227792,-0.6448926083991554,-1.0194460782877899,0.28385784245653495
12848.0,311,1,208.0,False,False,True,5.7430031878094825,0.6931471805599453,5.342334251964811,1.4223679894691885,-1.0194460782877899,-0.9624938519129792
12849.0,17,4,2039.67,False,False,True,2.8903717578961645,1.6094379124341003,7.621033464289034,-0.876754423277733,0.6766518209102622,1.2233152435941548
12850.0,81,1,330.0,False,False,True,4.406719247264253,0.6931471805599453,5.802118375377063,0.3453692838934502,-1.0194460782877899,-0.5214526151017387
12851.0,113,1,148.95,False,False,True,4.736198448394496,0.6931471805599453,5.010301905195018,0.6109181409624159,-1.0194460782877899,-1.2809910540214289
12853.0,63,5,1950.4,False,False,True,4.1588830833596715,1.791759469228055,7.576302342673849,0.14562189516768048,1.0141377287118658,1.1804075654109607
12854.0,197,4,1669.52,False,False,True,5.288267030694535,1.6094379124341003,7.420890234188477,1.0558663518071685,0.6766518209102622,1.0313307594674586
12855.0,8,4,612.84,False,False,True,2.1972245773362196,1.6094379124341003,6.41973430786941,-1.4354071119659917,0.6766518209102622,0.07098649027493457
12857.0,72,4,2581.6,False,False,True,4.290459441148391,1.6094379124341003,7.856551922412551,0.25166789536506495,0.6766518209102622,1.4492329009760248
12858.0,19,1,177.92,False,False,True,2.995732273553991,0.6931471805599453,5.186938778564647,-0.7918374864357232,-1.0194460782877899,-1.1115547008928077
12859.0,94,1,575.1,False,False,True,4.553876891600541,0.6931471805599453,6.356281256738337,0.4639732629258481,-1.0194460782877899,0.010120073351697564
12860.0,329,1,55.47,False,False,True,5.799092654460526,0.6931471805599453,4.033709523684745,1.4675741624588596,-1.0194460782877899,-2.217773099919815
12861.0,255,1,68.25,False,False,True,5.545177444479562,0.6931471805599453,4.237723145067448,1.2629272725441985,-1.0194460782877899,-2.0220759992169905
12862.0,61,2,1008.3199999999999,False,False,True,4.127134385045092,1.0986122886681098,6.917032115762346,0.12003354081346623,-0.26891080150533303,0.54801218361312
12863.0,15,5,2271.35,False,False,True,2.772588722239781,1.791759469228055,7.728569817272442,-0.971683482208837,1.0141377287118658,1.3264679270099926
12864.0,144,1,152.45,False,False,True,4.976733742420574,0.6931471805599453,5.033374781065745,0.8047812807122406,-1.0194460782877899,-1.258858733237282
12868.0,9,3,640.0,False,False,True,2.302585092994046,1.3862943611198906,6.46302945692067,-1.3504901751239817,0.26360245192940907,0.11251673264994964
12869.0,317,1,337.66999999999996,False,False,True,5.762051382780177,0.6931471805599453,5.825026181941565,1.437720176758532,-1.0194460782877899,-0.4994786346500867
12870.0,11,3,1676.95,False,False,True,2.4849066497880004,1.3862943611198906,7.42532808920537,-1.2035452970874143,0.26360245192940907,1.0355877073823054
12871.0,75,1,363.38,False,False,True,4.330733340286331,0.6931471805599453,5.8981972791375386,0.28412726715273423,-1.0194460782877899,-0.42929032330378053
12872.0,1,11,3085.52,False,False,True,0.6931471805599453,2.4849066497880004,8.03479952164448,-2.6476415482736133,2.297186258929065,1.6202143194740202
12873.0,33,2,1653.3,False,False,True,3.5263605246161616,1.0986122886681098,7.411133237612971,-0.36416944209576146,-0.26891080150533303,1.0219715023332887
12875.0,107,3,1013.76,False,False,True,4.68213122712422,1.3862943611198906,6.9224074103144515,0.5673418279084664,0.26360245192940907,0.5531683567751924
12877.0,37,8,1419.4,False,False,True,3.6375861597263857,2.1972245773362196,7.258693801068933,-0.27452542153552467,1.764673005494323,0.8757461887377835
12880.0,17,2,640.13,False,False,True,2.8903717578961645,1.0986122886681098,6.463232244470209,-0.876754423277733,-0.26891080150533303,0.11271125365905914
12887.0,19,1,222.4,False,False,True,2.995732273553991,0.6931471805599453,5.4089638866351,-0.7918374864357232,-1.0194460782877899,-0.8985803434056028
12889.0,17,4,385.46000000000004,False,False,True,2.8903717578961645,1.6094379124341003,5.957028369786855,-0.876754423277733,0.6766518209102622,-0.37285745478634363
12890.0,23,1,336.8,False,False,True,3.1780538303479458,0.6931471805599453,5.8224540043737,-0.6448926083991554,-1.0194460782877899,-0.5019459585920493
12891.0,94,8,509.5,False,False,True,4.553876891600541,2.1972245773362196,6.23539063760472,0.4639732629258481,1.764673005494323,-0.10584249574676054
12892.0,32,1,263.38,False,False,True,3.4965075614664802,0.6931471805599453,5.577387462151254,-0.3882298993790306,-1.0194460782877899,-0.7370224768517522
12894.0,211,1,157.35,False,False,True,5.356586274672012,0.6931471805599453,5.064807772984649,1.1109293029488503,-1.0194460782877899,-1.2287070926592947
12897.0,17,2,297.75,False,False,True,2.8903717578961645,1.0986122886681098,5.699607103245721,-0.876754423277733,-0.26891080150533303,-0.6197850627564461
12898.0,99,2,310.96000000000004,False,False,True,4.605170185988092,1.0986122886681098,5.742874974462297,0.5053138867139089,-0.26891080150533303,-0.5782809862478316
12899.0,49,1,366.4,False,False,True,3.912023005428146,0.6931471805599453,5.906451172781026,-0.05333880197435037,-1.0194460782877899,-0.4213728958075553
12900.0,58,1,340.33,False,False,True,4.07753744390572,0.6931471805599453,5.832849751258659,0.08006011915741833,-1.0194460782877899,-0.4919739895086192
12903.0,64,1,833.53,False,False,True,4.174387269895637,0.6931471805599453,6.726868692126177,0.1581177340561029,-1.0194460782877899,0.3656006837676668
12905.0,212,2,1018.42,False,False,True,5.3612921657094255,1.0986122886681098,6.926989117097435,1.114722088600234,-0.26891080150533303,0.5575632924055851
12907.0,31,2,508.91,False,False,True,3.4657359027997265,1.0986122886681098,6.23423423955737,-0.4130307935205781,-0.26891080150533303,-0.10695175376390159
12908.0,16,3,1026.0,False,False,True,2.833213344056216,1.3862943611198906,6.934397209928558,-0.9228221307840204,0.26360245192940907,0.5646693977673866
12909.0,60,3,924.52,False,False,True,4.110873864173311,1.3862943611198906,6.830355741720633,0.10692812257148,0.26360245192940907,0.4648691317696468
12910.0,15,5,2721.48,False,False,True,2.772588722239781,1.791759469228055,7.909298508590968,-0.971683482208837,1.0141377287118658,1.499829297026093
12911.0,187,1,1680.47,False,False,True,5.236441962829949,0.6931471805599453,7.4274236898079655,1.0140971369621858,-1.0194460782877899,1.0375978817980118
12914.0,36,1,223.98,False,False,True,3.6109179126442243,0.6931471805599453,5.4160115093646795,-0.29601910765716044,-1.0194460782877899,-0.8918200137487965
12915.0,8,3,811.1,False,False,True,2.1972245773362196,1.3862943611198906,6.699623485288365,-1.4354071119659917,0.26360245192940907,0.33946611515370706
12916.0,78,3,1647.87,False,False,True,4.3694478524670215,1.3862943611198906,7.40784548379393,0.3153298269085502,0.26360245192940907,1.018817772274236
12917.0,36,5,3765.2,False,False,True,3.6109179126442243,1.791759469228055,8.233821814551542,-0.29601910765716044,1.0141377287118658,1.8111235608921645
12920.0,207,3,323.86,False,False,True,5.337538079701318,1.3862943611198906,5.78339432029125,1.0955771156595069,0.26360245192940907,-0.5394133927638337
12923.0,26,2,612.9,False,False,True,3.295836866004329,1.0986122886681098,6.419832048433451,-0.5499635494680514,-0.26891080150533303,0.07108024649020177
12924.0,29,8,1535.7,False,False,True,3.4011973816621555,2.1972245773362196,7.337392539061287,-0.4650466126260415,1.764673005494323,0.9512368091664282
12925.0,228,1,35.28,False,False,True,5.43372200355424,0.6931471805599453,3.591266625246936,1.1730980364336694,-1.0194460782877899,-2.642180018752023
12926.0,47,4,1548.46,False,False,True,3.871201010907891,1.6094379124341003,7.345661762115635,-0.08623991971089644,0.6766518209102622,0.959168941177189
12927.0,30,1,197.31,False,False,True,3.4339872044851463,0.6931471805599453,5.289831462897738,-0.4386191478747927,-1.0194460782877899,-1.0128563891279045
12928.0,14,7,2242.19,False,False,True,2.70805020110221,2.0794415416798357,7.715654238913073,-1.0236993013143005,1.546650982146608,1.314078846213827
12932.0,175,8,1698.56,False,False,True,5.170483995038151,2.1972245773362196,7.438124673014305,0.9609372928760642,1.764673005494323,1.047862644385711
12933.0,16,5,1079.5,False,False,True,2.833213344056216,1.791759469228055,6.985179175946941,-0.9228221307840204,1.0141377287118658,0.6133812604873017
12934.0,372,1,181.65,False,False,True,5.921578419643816,0.6931471805599453,5.207571753241291,1.5662934589730666,-1.0194460782877899,-1.0917628198618854
12935.0,11,8,2083.16,False,False,True,2.4849066497880004,2.1972245773362196,7.642121175358037,-1.2035452970874143,1.764673005494323,1.243543323899251
12937.0,99,5,1593.34,False,False,True,4.605170185988092,1.791759469228055,7.374215136479505,0.5053138867139089,1.0141377287118658,0.98655835047457
12941.0,360,1,377.49,False,False,True,5.8888779583328805,0.6931471805599453,5.936189652449227,1.539938016514305,-1.0194460782877899,-0.39284669147407203
12942.0,1,1,258.75,False,False,True,0.6931471805599453,0.6931471805599453,5.5597196299793366,-2.6476415482736133,-1.0194460782877899,-0.7539700880372938
12943.0,194,2,496.5,False,False,True,5.272999558563747,1.0986122886681098,6.209595556598647,1.0435612965540435,-0.26891080150533303,-0.13058605223612585
12945.0,292,1,437.16,False,False,True,5.680172609017068,0.6931471805599453,6.082584140475466,1.3717287129076554,-1.0194460782877899,-0.2524199068729223
12946.0,72,1,324.45,False,False,True,4.290459441148391,0.6931471805599453,5.785208840018396,0.25166789536506495,-1.0194460782877899,-0.5376728410920193
12947.0,9,1,304.04,False,False,True,2.302585092994046,0.6931471805599453,5.720442915549309,-1.3504901751239817,-1.0194460782877899,-0.5997986126803919
12948.0,366,2,252.48000000000002,False,False,True,5.905361848054571,1.0986122886681098,5.535284924455317,1.5532234623349515,-0.26891080150533303,-0.7774087241203618
12951.0,22,9,2149.65,False,False,True,3.1354942159291497,2.302585092994046,7.6735254010119345,-0.6791941877627027,1.959700351127462,1.2736673708556867
12953.0,158,1,498.96000000000004,False,False,True,5.0689042022202315,0.6931471805599453,6.214528095222021,0.879067488070273,-1.0194460782877899,-0.12585458626264473
12954.0,274,1,162.45,False,False,True,5.616771097666572,0.6931471805599453,5.09650713317022,1.3206292844222927,-1.0194460782877899,-1.1982999421935234
12956.0,320,3,413.82,False,False,True,5.771441123130016,1.3862943611198906,6.027844691200732,1.4452879831922025,0.26360245192940907,-0.30492792787922424
12958.0,36,2,539.49,False,False,True,3.6109179126442243,1.0986122886681098,6.2924761355205066,-0.29601910765716044,-0.26891080150533303,-0.05108406168445655
12959.0,120,1,150.95,False,False,True,4.795790545596741,0.6931471805599453,5.023551519362802,0.6589473132079308,-1.0194460782877899,-1.2682815542316943
12960.0,49,4,1322.07,False,False,True,3.912023005428146,1.6094379124341003,7.187710072768178,-0.05333880197435037,0.6766518209102622,0.8076560792079082
12961.0,15,1,211.99,False,False,True,2.772588722239781,0.6931471805599453,5.361245216250509,-0.971683482208837,-1.0194460782877899,-0.9443537843178671
12963.0,1,5,1744.96,False,False,True,0.6931471805599453,1.791759469228055,7.465059826629675,-2.6476415482736133,1.0141377287118658,1.0736997989530779
12964.0,73,1,132.24,False,False,True,4.30406509320417,0.6931471805599453,4.892152013325479,0.26263358103109885,-1.0194460782877899,-1.3943246203319248
12967.0,7,2,2646.02,False,False,True,2.0794415416798357,1.0986122886681098,7.881189757922018,-1.530336170897096,-0.26891080150533303,1.4728663865448686
12969.0,238,1,122.45,False,False,True,5.476463551931511,0.6931471805599453,4.8158362157911885,1.2075462482843946,-1.0194460782877899,-1.467529439765372
12970.0,16,6,1072.73,False,False,True,2.833213344056216,1.9459101490553132,6.978893846815331,-0.9228221307840204,1.2994779980390392,0.6073521498833988
12972.0,49,4,1161.2,False,False,True,3.912023005428146,1.6094379124341003,7.058070039641005,-0.05333880197435037,0.6766518209102622,0.6833007619204668
12973.0,49,1,385.55,False,False,True,3.912023005428146,0.6931471805599453,5.957261225766484,-0.05333880197435037,-1.0194460782877899,-0.372634091072755
12974.0,201,1,264.15,False,False,True,5.308267697401205,0.6931471805599453,5.580295703583139,1.0719861984207155,-1.0194460782877899,-0.7342327885333625
12975.0,72,6,2100.09,False,False,True,4.290459441148391,1.9459101490553132,7.650211536671941,0.25166789536506495,1.2994779980390392,1.2513038853854832
12976.0,14,7,2417.7799999999997,False,False,True,2.70805020110221,2.0794415416798357,7.791018559801949,-1.0236993013143005,1.546650982146608,1.386370975506135
12977.0,137,3,478.39,False,False,True,4.927253685157205,1.3862943611198906,6.172514462375131,0.7649020634234969,0.26360245192940907,-0.16615555284715577
12978.0,21,5,2502.82,False,False,True,3.091042453358316,1.791759469228055,7.825572844652115,-0.7150207731887119,1.0141377287118658,1.4195166709563032
12982.0,30,7,2354.27,False,False,True,3.4339872044851463,2.0794415416798357,7.764410649560275,-0.4386191478747927,1.546650982146608,1.3608477243880697
12983.0,234,1,490.08000000000004,False,False,True,5.459585514144159,0.6931471805599453,6.196607047312639,1.1939431327352996,-1.0194460782877899,-0.14304509096352228
12986.0,64,10,2729.84,False,False,True,4.174387269895637,2.3978952727983707,7.912364533159128,0.1581177340561029,2.1361240451745016,1.502770336524367
12987.0,56,3,753.51,False,False,True,4.04305126783455,1.3862943611198906,6.626068531930543,0.05226545227415695,0.26360245192940907,0.2689095953640062
12990.0,53,4,546.0,False,False,True,3.9889840465642745,1.6094379124341003,6.304448802421981,0.008689139220207557,0.6766518209102622,-0.03959945499780764
12991.0,25,1,261.06,False,False,True,3.258096538021482,0.6931471805599453,5.568573485176439,-0.5803809504052695,-1.0194460782877899,-0.7454771561419996
12992.0,361,1,93.35000000000001,False,False,True,5.8916442118257715,0.6931471805599453,4.54701127181456,1.5421675212929993,-1.0194460782877899,-1.7253958595478986
12993.0,81,4,844.87,False,False,True,4.406719247264253,1.6094379124341003,6.740365683496054,0.3453692838934502,0.6766518209102622,0.378547476542553
12996.0,11,1,355.5,False,False,True,2.4849066497880004,0.6931471805599453,5.8763342398543505,-1.2035452970874143,-1.0194460782877899,-0.45026212592790965
12997.0,30,4,884.02,False,False,True,3.4339872044851463,1.6094379124341003,6.785610243622635,-0.4386191478747927,0.6766518209102622,0.42194766315429466
12998.0,128,3,920.08,False,False,True,4.859812404361672,1.3862943611198906,6.825546894589419,0.7105467202847302,0.26360245192940907,0.46025631506199927
13000.0,361,1,497.65000000000003,False,False,True,5.8916442118257715,0.6931471805599453,6.2119044468478775,1.5421675212929993,-1.0194460782877899,-0.12837128282733354
13002.0,52,2,293.18,False,False,True,3.970291913552122,1.0986122886681098,5.684191824891197,-0.006376074427667188,-0.26891080150533303,-0.6345719444365092
13005.0,67,2,485.98,False,False,True,4.219507705176107,1.0986122886681098,6.188223054477479,0.19448324659249747,-0.26891080150533303,-0.1510873142181956
13007.0,215,1,175.25,False,False,True,5.375278407684165,0.6931471805599453,5.171903441692378,1.1259945165967253,-1.0194460782877899,-1.1259771292289715
13008.0,33,2,382.66,False,False,True,3.5263605246161616,1.0986122886681098,5.949756743708192,-0.36416944209576146,-0.26891080150533303,-0.379832656399573
13009.0,308,1,234.0,False,False,True,5.733341276897746,0.6931471805599453,5.459585514144159,1.4145808229624335,-1.0194460782877899,-0.8500222830700245
13010.0,10,2,330.12,False,False,True,2.3978952727983707,1.0986122886681098,5.802480847440477,-1.2736734618769707,-0.26891080150533303,-0.5211049190439208
13011.0,8,1,50.550000000000004,False,False,True,2.1972245773362196,0.6931471805599453,3.942552210462969,-1.4354071119659917,-1.0194460782877899,-2.305214427535371
13012.0,65,3,1310.99,False,False,True,4.189654742026425,1.3862943611198906,7.179300347523768,0.17042278930922797,0.26360245192940907,0.799589172513716
13014.0,68,1,1914.8,False,False,True,4.23410650459726,0.6931471805599453,7.557890568948792,0.20624937473523788,-1.0194460782877899,1.1627463391047463
13015.0,74,6,3240.14,False,False,True,4.31748811353631,1.9459101490553132,8.08368039875288,0.27345207183533093,1.2994779980390392,1.667102590291883
13018.0,49,7,2485.46,False,False,True,3.912023005428146,2.0794415416798357,7.818615291156305,-0.05333880197435037,1.546650982146608,1.412842738902714
13019.0,15,6,1229.95,False,False,True,2.772588722239781,1.9459101490553132,7.115541507975305,-0.971683482208837,1.2994779980390392,0.7384294324961377
13020.0,198,2,618.96,False,False,True,5.293304824724492,1.0986122886681098,6.42965495982885,1.0599266398077916,-0.26891080150533303,0.08050273145719555
13021.0,10,8,2270.86,False,False,True,2.3978952727983707,2.1972245773362196,7.7283541582241595,-1.2736734618769707,1.764673005494323,1.326261059202818
13023.0,164,1,759.13,False,False,True,5.10594547390058,0.6931471805599453,6.633489471284123,0.9089214737706007,-1.0194460782877899,0.27602802356573286
13024.0,106,2,555.87,False,False,True,4.672828834461906,1.0986122886681098,6.32233181950912,0.5598444206942619,-0.26891080150533303,-0.022445430810337796
13025.0,367,1,323.39,False,False,True,5.908082938168931,0.6931471805599453,5.781946495625555,1.555416566990333,-1.0194460782877899,-0.5408021975283498
13026.0,124,4,757.72,False,False,True,4.8283137373023015,1.6094379124341003,6.631632802877041,0.6851598824870228,0.6766518209102622,0.27424704138537714
13029.0,10,2,679.8,False,False,True,2.3978952727983707,1.0986122886681098,6.523268577259164,-1.2736734618769707,-0.26891080150533303,0.17030023317915166
13030.0,4,1,427.74,False,False,True,1.6094379124341003,0.6931471805599453,6.06085067459299,-1.909142863812241,-1.0194460782877899,-0.27326741809593963
13031.0,43,5,3419.27,False,False,True,3.784189633918261,1.791759469228055,8.137474774308892,-0.1563680845004533,1.0141377287118658,1.7187040630714001
13032.0,28,7,1833.37,False,False,True,3.367295829986474,2.0794415416798357,7.514456377288726,-0.49237009243739077,1.546650982146608,1.1210827221284028
13033.0,65,1,30.0,False,False,True,4.189654742026425,0.6931471805599453,3.4339872044851463,0.17042278930922797,-1.0194460782877899,-2.793048016852818
13034.0,5,2,279.91,False,False,True,1.791759469228055,1.0986122886681098,5.638034333334139,-1.7621979857756733,-0.26891080150533303,-0.6788478472522672
13035.0,67,1,442.32,False,False,True,4.219507705176107,0.6931471805599453,6.094291856907453,0.19448324659249747,-1.0194460782877899,-0.24118945007272297
13036.0,320,1,307.1,False,False,True,5.771441123130016,0.6931471805599453,5.730424405602622,1.4452879831922025,-1.0194460782877899,-0.5902240134409458
13037.0,35,9,3033.88,False,False,True,3.58351893845611,2.302585092994046,8.017927163996932,-0.3181017345894741,1.959700351127462,1.6040297556627028
13039.0,220,4,1010.73,False,False,True,5.3981627015177525,1.6094379124341003,6.919417015831408,1.144438467084323,0.6766518209102622,0.5502998643366827
13041.0,86,4,799.13,False,False,True,4.465908118654584,1.6094379124341003,6.684774214466232,0.39307347006054943,0.6766518209102622,0.3252221679714196
13042.0,234,3,1556.54,False,False,True,5.459585514144159,1.3862943611198906,7.350862932514812,1.1939431327352996,0.26360245192940907,0.9641580882766905
13045.0,37,2,503.64,False,False,True,3.6375861597263857,1.0986122886681098,6.223845303774674,-0.27452542153552467,-0.26891080150533303,-0.11691718939649465
13046.0,92,1,319.94,False,False,True,4.532599493153256,0.6931471805599453,5.771254189771214,0.44682441462314787,-1.0194460782877899,-0.551058636492282
13048.0,72,5,2248.3,False,False,True,4.290459441148391,1.791759469228055,7.718374335682253,0.25166789536506495,1.0141377287118658,1.3166880594994497
13049.0,25,2,751.5600000000001,False,False,True,3.258096538021482,1.0986122886681098,6.623480727663696,-0.5803809504052695,-0.26891080150533303,0.26642728173819996
13051.0,214,2,155.8,False,False,True,5.3706380281276624,1.0986122886681098,5.054971107916307,1.1222545309364214,-0.26891080150533303,-1.2381427706371302
13052.0,56,6,2820.38,False,False,True,4.04305126783455,1.9459101490553132,7.9449814059358985,0.05226545227415695,1.2994779980390392,1.5340575976059847
13053.0,257,1,127.65,False,False,True,5.552959584921617,0.6931471805599453,4.857095538727753,1.2691994089729892,-1.0194460782877899,-1.4279520339974459
13055.0,65,1,1106.7,False,False,True,4.189654742026425,0.6931471805599453,7.010041072522887,0.17042278930922797,-1.0194460782877899,0.6372296733771418
13056.0,187,1,209.48,False,False,True,5.236441962829949,0.6931471805599453,5.349390636732037,1.0140971369621858,-1.0194460782877899,-0.9557251173989274
13057.0,166,3,722.09,False,False,True,5.117993812416755,1.3862943611198906,6.583533695739408,0.9186320185077952,0.26360245192940907,0.2281086720479104
13059.0,49,9,2119.77,False,False,True,3.912023005428146,2.302585092994046,7.659534509269334,-0.05333880197435037,1.959700351127462,1.2602468113277623
13063.0,116,1,188.4,False,False,True,4.762173934797756,0.6931471805599453,5.243861180751978,0.6318534859023524,-1.0194460782877899,-1.0569527140372124
13064.0,186,2,561.25,False,False,True,5.231108616854587,1.0986122886681098,6.331946590839425,1.009798644300881,-0.26891080150533303,-0.01322260117519479
13065.0,9,5,1055.05,False,False,True,2.302585092994046,1.791759469228055,6.962290811630151,-1.3504901751239817,1.0141377287118658,0.5914259297291489
13067.0,45,2,393.05,False,False,True,3.828641396489095,1.0986122886681098,5.976477804799659,-0.12054149907444375,-0.26891080150533303,-0.3542008669736413
13070.0,95,3,522.9,False,False,True,4.564348191467836,1.3862943611198906,6.261300826414174,0.4724127689773621,0.26360245192940907,-0.08098852377024618
13071.0,248,1,129.22,False,False,True,5.517452896464707,0.6931471805599453,4.869225327808716,1.240582244351696,-1.0194460782877899,-1.4163167101441019
13073.0,47,2,418.08,False,False,True,3.871201010907891,1.0986122886681098,6.038061832484764,-0.08623991971089644,-0.26891080150533303,-0.2951272836222147
13074.0,147,4,1378.74,False,False,True,4.997212273764115,1.6094379124341003,7.229650354603547,0.821286269719357,0.6766518209102622,0.8478866849008713
13076.0,93,1,135.4,False,False,True,4.543294782270004,0.6931471805599453,4.915591745409362,0.4554444482739268,-1.0194460782877899,-1.3718403980580498
13077.0,2,8,2335.4,False,False,True,1.0986122886681098,2.1972245773362196,7.756366562166154,-2.3208506744639323,1.764673005494323,1.3531315504867374
13079.0,53,1,199.08,False,False,True,3.9889840465642745,0.6931471805599453,5.298717286569364,0.008689139220207557,-1.0194460782877899,-1.0043327919381286
13080.0,37,3,222.65,False,False,True,3.6375861597263857,1.3862943611198906,5.410082329878857,-0.27452542153552467,0.26360245192940907,-0.8975074929820852
13082.0,60,12,3722.12,False,False,True,4.110873864173311,2.5649493574615367,8.222317305424186,0.10692812257148,2.445349133013286,1.8000880277450448
13083.0,61,1,91.67999999999999,False,False,True,4.127134385045092,0.6931471805599453,4.529152699564175,0.12003354081346623,-1.0194460782877899,-1.7425264353810497
13084.0,127,1,122.39999999999999,False,False,True,4.852030263919617,0.6931471805599453,4.8154311114712876,0.7042745838559394,-1.0194460782877899,-1.4679180301955084
13085.0,315,6,2017.2,False,False,True,5.755742213586912,1.9459101490553132,7.609961304030429,1.432635204285068,1.2994779980390392,1.2126944348146202
13086.0,18,1,439.33000000000004,False,False,True,2.9444389791664403,0.6931471805599453,6.087524445802853,-0.8331781102237836,-1.0194460782877899,-0.24768099080151582
13087.0,362,1,313.64,False,False,True,5.8944028342648505,0.6931471805599453,5.751429128123554,1.5443908757058706,-1.0194460782877899,-0.5700755386942379
13088.0,53,1,236.11,False,False,True,3.9889840465642745,0.6931471805599453,5.468524168478886,0.008689139220207557,-1.0194460782877899,-0.8414480088346318
13091.0,365,2,1976.0,False,False,True,5.902633333401366,1.0986122886681098,7.589335823170617,1.5510243737576788,-0.26891080150533303,1.1929097421185624
13092.0,50,7,1662.45,False,False,True,3.9318256327243257,2.0794415416798357,7.416649037898301,-0.03737856828608019,1.546650982146608,1.02726245357752
13094.0,4,2,505.8,False,False,True,1.6094379124341003,1.0986122886681098,6.228116448446984,-1.909142863812241,-0.26891080150533303,-0.11282015595633245
13096.0,30,1,419.70000000000005,False,False,True,3.4339872044851463,0.6931471805599453,6.041919990596475,-0.4386191478747927,-1.0194460782877899,-0.29142640153700006
13101.0,134,3,594.21,False,False,True,4.90527477843843,1.3862943611198906,6.388914284453015,0.7471878236815803,0.26360245192940907,0.04142283082266872
13103.0,73,2,465.70000000000005,False,False,True,4.30406509320417,1.0986122886681098,6.14568665295577,0.26263358103109885,-0.26891080150533303,-0.19188973905489085
13104.0,51,3,610.62,False,False,True,3.9512437185814275,1.3862943611198906,6.416111174632075,-0.0217282617170106,0.26360245192940907,0.0675110523840672
13105.0,72,1,72.0,False,False,True,4.290459441148391,0.6931471805599453,4.290459441148391,0.25166789536506495,-1.0194460782877899,-1.9714894737933442
13106.0,49,1,526.96,False,False,True,3.912023005428146,0.6931471805599453,6.269020523260754,-0.05333880197435037,-1.0194460782877899,-0.07358351678619497
13107.0,49,5,3721.45,False,False,True,3.912023005428146,1.791759469228055,8.22213733263451,-0.05333880197435037,1.0141377287118658,1.7999153914626917
13108.0,8,2,748.46,False,False,True,2.1972245773362196,1.0986122886681098,6.619352947205873,-1.4354071119659917,-0.26891080150533303,0.2624677683367959
13109.0,187,1,347.49,False,False,True,5.236441962829949,0.6931471805599453,5.853609535384296,1.0140971369621858,-1.0194460782877899,-0.4720604683570947
13110.0,73,5,1468.8000000000002,False,False,True,4.30406509320417,1.791759469228055,7.292881616094771,0.26263358103109885,1.0141377287118658,0.9085403533360903
13111.0,354,1,321.88000000000005,False,False,True,5.872117789475416,0.6931471805599453,5.777280737165245,1.5264298992519252,-1.0194460782877899,-0.5452777585084163
13112.0,177,1,20.6,False,False,True,5.181783550292085,0.6931471805599453,3.0726933146901194,0.9700443441642078,-1.0194460782877899,-3.139613928752891
13114.0,366,1,234.38,False,False,True,5.905361848054571,0.6931471805599453,5.461201229449516,1.5532234623349515,-1.0194460782877899,-0.8484724316499251
13115.0,15,6,3199.92,False,False,True,2.772588722239781,1.9459101490553132,8.071193547467612,-0.971683482208837,1.2994779980390392,1.6551247597094312
13117.0,1,12,1658.8999999999999,False,False,True,0.6931471805599453,2.5649493574615367,7.414512638572174,-2.6476415482736133,2.445349133013286,1.0252131435793301
13118.0,12,4,1217.6,False,False,True,2.5649493574615367,1.6094379124341003,7.105457937814394,-1.1390336390935285,0.6766518209102622,0.7287569143973479
13119.0,304,1,134.9,False,False,True,5.720311776607412,0.6931471805599453,4.911919321157098,1.4040794957211118,-1.0194460782877899,-1.3753631176384769
13123.0,108,2,506.75,False,False,True,4.6913478822291435,1.0986122886681098,6.229989200460494,0.5747701336124852,-0.26891080150533303,-0.1110237458103072
13124.0,21,1,916.12,False,False,True,3.091042453358316,0.6931471805599453,6.821238325199753,-0.7150207731887119,-1.0194460782877899,0.4561233825057318
13125.0,159,1,158.57,False,False,True,5.075173815233827,0.6931471805599453,5.072482697422336,0.8841205796290533,-1.0194460782877899,-1.221345032957648
13126.0,2,7,1898.6100000000001,False,False,True,1.0986122886681098,2.0794415416798357,7.549403880927272,-2.3208506744639323,1.546650982146608,1.1546056069853687
13128.0,267,1,263.5,False,False,True,5.5909869805108565,0.6931471805599453,5.577841251298354,1.2998481764866634,-1.0194460782877899,-0.7365871862088236
13129.0,88,2,233.25,False,False,True,4.48863636973214,1.0986122886681098,5.456388921118531,0.4113916554759489,-0.26891080150533303,-0.8530885684631392
13131.0,54,4,2240.47,False,False,True,4.007333185232471,1.6094379124341003,7.714887179611216,0.02347791127266091,0.6766518209102622,1.3133430557287447
13133.0,95,1,90.65,False,False,True,4.564348191467836,0.6931471805599453,4.517976974285714,0.4724127689773621,-1.0194460782877899,-1.753246587400426
13134.0,38,2,681.65,False,False,True,3.6635616461296463,1.0986122886681098,6.525982283130761,-0.25359007659558824,-0.26891080150533303,0.17290331608916726
13135.0,127,1,275.45,False,False,True,4.852030263919617,0.6931471805599453,5.622029972783942,0.7042745838559394,-1.0194460782877899,-0.6941997974654398
13136.0,11,8,3666.9500000000003,False,False,True,2.4849066497880004,2.1972245773362196,8.207388201876686,-1.2035452970874143,1.764673005494323,1.7857675021814234
13138.0,8,2,504.85,False,False,True,2.1972245773362196,1.0986122886681098,6.2262401826519,-1.4354071119659917,-0.26891080150533303,-0.11461993664625608
13139.0,73,1,3138.04,False,False,True,4.30406509320417,0.6931471805599453,8.051672299672518,0.26263358103109885,-1.0194460782877899,1.6363992865292116
13140.0,2,3,791.96,False,False,True,1.0986122886681098,1.3862943611198906,6.675772779000723,-2.3208506744639323,0.26360245192940907,0.31658767184893116
13143.0,220,1,405.1,False,False,True,5.3981627015177525,0.6931471805599453,6.006599434692252,1.144438467084323,-1.0194460782877899,-0.32530713135700634
13144.0,67,1,24.4,False,False,True,4.219507705176107,0.6931471805599453,3.2347491740244907,0.19448324659249747,-1.0194460782877899,-2.9841642013832157
13145.0,8,4,805.0,False,False,True,2.1972245773362196,1.6094379124341003,6.692083742506628,-1.4354071119659917,0.6766518209102622,0.33223372649048577
13150.0,120,3,449.96999999999997,False,False,True,4.795790545596741,1.3862943611198906,6.111400818443195,0.6589473132079308,0.26360245192940907,-0.22477792742100686
13151.0,261,2,1322.8700000000001,False,False,True,5.568344503761097,1.0986122886681098,7.1883145443650855,1.2815991222171266,-0.26891080150533303,0.8082359098004452
13152.0,53,7,2146.38,False,False,True,3.9889840465642745,2.0794415416798357,7.672003773368138,0.008689139220207557,1.546650982146608,1.2722077716572502
13154.0,35,3,1624.84,False,False,True,3.58351893845611,1.3862943611198906,7.3937798842820515,-0.3181017345894741,0.26360245192940907,1.0053255504046077
13155.0,4,3,778.42,False,False,True,1.6094379124341003,1.3862943611198906,6.658550053340067,-1.909142863812241,0.26360245192940907,0.3000670226141043
13156.0,21,3,1586.54,False,False,True,3.091042453358316,1.3862943611198906,7.369940927299805,-0.7150207731887119,0.26360245192940907,0.9824583774502406
13158.0,24,1,307.12,False,False,True,3.2188758248682006,0.6931471805599453,5.730489317484765,-0.6119914906626093,-1.0194460782877899,-0.5901617476615802
13161.0,136,1,366.13,False,False,True,4.919980925828125,0.6931471805599453,5.905716008765504,0.7590404705795485,-1.0194460782877899,-0.4220780912028607
13163.0,246,1,17.65,False,False,True,5.5093883366279774,0.6931471805599453,2.9258461460898246,1.2340824876445606,-1.0194460782877899,-3.280474940614391
13164.0,205,2,372.2,False,False,True,5.327876168789581,1.0986122886681098,5.922114468973189,1.0877899491527518,-0.26891080150533303,-0.4063481066220043
13165.0,49,1,429.68,False,False,True,3.912023005428146,0.6931471805599453,6.065365354947517,-0.05333880197435037,-1.0194460782877899,-0.2689367765927257
13166.0,50,1,466.98,False,False,True,3.9318256327243257,0.6931471805599453,6.148425559961744,-0.03737856828608019,-1.0194460782877899,-0.1892624823230555
13167.0,26,1,333.82,False,False,True,3.295836866004329,0.6931471805599453,5.813593073987639,-0.5499635494680514,-1.0194460782877899,-0.5104456772595045
13168.0,178,1,556.12,False,False,True,5.187385805840755,0.6931471805599453,6.322780656579824,0.9745595686544162,-1.0194460782877899,-0.022014890374707143
13169.0,198,1,127.2,False,False,True,5.293304824724492,0.6931471805599453,4.853591544486569,1.0599266398077916,-1.0194460782877899,-1.4313131895380984
13172.0,36,1,69.6,False,False,True,3.6109179126442243,0.6931471805599453,4.257030144499196,-0.29601910765716044,-1.0194460782877899,-2.003556040664926
13173.0,3,10,2285.7,False,False,True,1.3862943611198906,2.3978952727983707,7.734865009205049,-2.088988859585355,2.1361240451745016,1.3325064983623833
13175.0,218,2,831.45,False,False,True,5.389071729816501,1.0986122886681098,6.724373159990861,1.1371114578630055,-0.26891080150533303,0.36320688084273395
13177.0,66,1,229.75,False,False,True,4.204692619390966,0.6931471805599453,5.441334873382962,0.1825427991101455,-1.0194460782877899,-0.8675289449229369
13179.0,254,1,572.3100000000001,False,False,True,5.541263545158426,0.6931471805599453,6.3514265826367975,1.2597728048635513,-1.0194460782877899,0.005463297788921416
13180.0,243,1,86.10000000000001,False,False,True,5.497168225293202,0.6931471805599453,4.467056883858457,1.2242334999479978,-1.0194460782877899,-1.802090943951732
13181.0,17,1,359.69,False,False,True,2.8903717578961645,0.6931471805599453,5.888018863654928,-0.876754423277733,-1.0194460782877899,-0.4390538203987081
13183.0,30,6,3078.4,False,False,True,3.4339872044851463,1.9459101490553132,8.032490051795818,-0.4386191478747927,1.2994779980390392,1.6179989940928985
13187.0,260,3,130.99,False,False,True,5.564520407322694,1.3862943611198906,4.882726162140863,1.27851703255849,0.26360245192940907,-1.4033662310635207
13190.0,180,3,570.66,False,False,True,5.198497031265826,1.3862943611198906,6.348544409056351,0.9835148326047404,0.26360245192940907,0.002698614678093195
13191.0,294,1,164.69,False,False,True,5.68697535633982,0.6931471805599453,5.1101185725812055,1.37721149230705,-1.0194460782877899,-1.1852433667988573
13192.0,171,4,1646.6399999999999,False,False,True,5.147494476813453,1.6094379124341003,7.407099240004541,0.9424085351633076,0.6766518209102622,1.0181019487669076
13194.0,57,1,412.08,False,False,True,4.060443010546419,0.6931471805599453,6.023641278803203,0.06628259625086781,-1.0194460782877899,-0.30895999011938047
13195.0,50,1,172.38,False,False,True,3.9318256327243257,0.6931471805599453,5.155485717440494,-0.03737856828608019,-1.0194460782877899,-1.1417255925641974
13196.0,79,3,1271.06,False,False,True,4.382026634673881,1.3862943611198906,7.148392912598927,0.32546789094079437,0.26360245192940907,0.7699416648426166
13197.0,245,1,373.01000000000005,False,False,True,5.5053315359323625,0.6931471805599453,5.924282535024993,1.23081284639139,-1.0194460782877899,-0.4042684207775263
13198.0,23,2,1572.99,False,False,True,3.1780538303479458,1.0986122886681098,7.361369075717014,-0.6448926083991554,-0.26891080150533303,0.9742359534226784
13201.0,138,4,1240.6100000000001,False,False,True,4.9344739331306915,1.6094379124341003,7.124164203520231,0.7707213339283926,0.6766518209102622,0.746700627855294
13202.0,30,7,1580.3,False,False,True,3.4339872044851463,2.0794415416798357,7.366002572529271,-0.4386191478747927,1.546650982146608,0.9786805678858155
13203.0,22,6,1778.79,False,False,True,3.1354942159291497,1.9459101490553132,7.484250658798145,-0.6791941877627027,1.2994779980390392,1.092108325746488
13204.0,367,1,966.6600000000001,False,False,True,5.908082938168931,0.6931471805599453,6.874880785908055,1.555416566990333,-1.0194460782877899,0.5075791331758684
13205.0,79,1,2803.2,False,False,True,4.382026634673881,0.6931471805599453,7.938873572287031,0.32546789094079437,-1.0194460782877899,1.5281987469637706
13207.0,87,2,285.6,False,False,True,4.477336814478207,1.0986122886681098,5.6580875153940715,0.402284604187806,-0.26891080150533303,-0.6596121238608712
13208.0,85,3,764.6,False,False,True,4.454347296253507,1.3862943611198906,6.640659840138745,0.3837558464750486,0.26360245192940907,0.28290609565870883
13209.0,150,5,2617.9,False,False,True,5.017279836814924,1.791759469228055,7.870509661266332,0.8374600324759184,1.0141377287118658,1.4626216590772698
13211.0,17,7,1531.9,False,False,True,2.8903717578961645,2.0794415416798357,7.334916645172062,-0.876754423277733,1.546650982146608,0.9488618439435906
13213.0,19,6,2330.94,False,False,True,2.995732273553991,1.9459101490553132,7.754455818151394,-0.7918374864357232,1.2994779980390392,1.3512986970657765
13214.0,53,7,3264.23,False,False,True,3.9889840465642745,2.0794415416798357,8.091085483333597,0.008689139220207557,1.546650982146608,1.6742058100332105
13215.0,38,1,81.6,False,False,True,3.6635616461296463,0.6931471805599453,4.414009680526933,-0.25359007659558824,-1.0194460782877899,-1.8529757026360496
13217.0,291,1,132.5,False,False,True,5.676753802268282,0.6931471805599453,4.894101477840304,1.3689732727415829,-1.0194460782877899,-1.3924546248341305
13219.0,254,1,76.23,False,False,True,5.541263545158426,0.6931471805599453,4.346787982581173,1.2597728048635513,-1.0194460782877899,-1.917457139233996
13220.0,211,1,516.8,False,False,True,5.356586274672012,0.6931471805599453,6.249589067317437,1.1109293029488503,-1.0194460782877899,-0.09222285843784112
13222.0,213,1,88.5,False,False,True,5.365976015021851,0.6931471805599453,4.4942386252808095,1.118497109382521,-1.0194460782877899,-1.7760172536149983
13223.0,59,4,805.9200000000001,False,False,True,4.0943445622221,1.6094379124341003,6.69322453076615,0.09360607606221706,0.6766518209102622,0.3333280110455621
13226.0,29,1,204.25,False,False,True,3.4011973816621555,0.6931471805599453,5.324228748332538,-0.4650466126260415,-1.0194460782877899,-0.9798612930847318
13230.0,1,17,3553.81,False,False,True,0.6931471805599453,2.8903717578961645,8.176056894958146,-2.6476415482736133,3.0477215357115215,1.755713401461909
13233.0,56,2,571.34,False,False,True,4.04305126783455,1.0986122886681098,6.349733220385172,0.05226545227415695,-0.26891080150533303,0.0038389646643155534
13234.0,308,2,356.95,False,False,True,5.733341276897746,1.0986122886681098,5.880393311842194,1.4145808229624335,-0.26891080150533303,-0.44636852012756534
13237.0,23,1,643.0,False,False,True,3.1780538303479458,0.6931471805599453,6.467698726104354,-0.6448926083991554,-1.0194460782877899,0.11699566124037897
13238.0,66,2,305.9,False,False,True,4.204692619390966,1.0986122886681098,5.72652196162569,0.1825427991101455,-0.26891080150533303,-0.5939673760986193
13239.0,73,4,1265.1299999999999,False,False,True,4.30406509320417,1.6094379124341003,7.143720283056326,0.26263358103109885,0.6766518209102622,0.7654595128767431
13240.0,1,5,1074.87,False,False,True,0.6931471805599453,1.791759469228055,6.9808849155788,-2.6476415482736133,1.0141377287118658,0.6092620536519315
13241.0,47,1,115.58,False,False,True,3.871201010907891,0.6931471805599453,4.758577732617404,-0.08623991971089644,-1.0194460782877899,-1.5224538074218403
13242.0,87,4,429.0,False,False,True,4.477336814478207,1.6094379124341003,6.063785208687608,0.402284604187806,0.6766518209102622,-0.2704525089230218
13243.0,85,4,677.97,False,False,True,4.454347296253507,1.6094379124341003,6.520576943961113,0.3837558464750486,0.6766518209102622,0.16771832306445575
13245.0,68,1,558.72,False,False,True,4.23410650459726,0.6931471805599453,6.327436658687513,0.20624937473523788,-1.0194460782877899,-0.017548688034071606
13246.0,29,5,1400.1299999999999,False,False,True,3.4011973816621555,1.791759469228055,7.2450343328958695,-0.4650466126260415,1.0141377287118658,0.8626435424512563
13249.0,37,6,897.52,False,False,True,3.6375861597263857,1.9459101490553132,6.800748965296969,-0.27452542153552467,1.2994779980390392,0.4364692618590042
13250.0,96,2,256.04,False,False,True,4.574710978503383,1.0986122886681098,5.549231714807603,0.4807648174341348,-0.26891080150533303,-0.7640304682100238
13251.0,38,1,252.68,False,False,True,3.6635616461296463,0.6931471805599453,5.536073630230092,-0.25359007659558824,-1.0194460782877899,-0.7766521695707927
13252.0,30,2,399.3,False,False,True,3.4339872044851463,1.0986122886681098,5.992214265998528,-0.4386191478747927,-0.26891080150533303,-0.3391058953189583
13253.0,66,2,1920.71,False,False,True,4.204692619390966,1.0986122886681098,7.5609706936507095,0.1825427991101455,-0.26891080150533303,1.165700903951364
13254.0,12,1,51.410000000000004,False,False,True,2.5649493574615367,0.6931471805599453,3.959097412814075,-1.1390336390935285,-1.0194460782877899,-2.2893436826865297
13255.0,9,2,504.95,False,False,True,2.302585092994046,1.0986122886681098,6.226437850175769,-1.3504901751239817,-0.26891080150533303,-0.11443032694734427
13257.0,72,1,149.75,False,False,True,4.290459441148391,0.6931471805599453,5.015622835607295,0.25166789536506495,-1.0194460782877899,-1.2758870288702315
13258.0,15,2,336.59999999999997,False,False,True,2.772588722239781,1.0986122886681098,5.821861762721802,-0.971683482208837,-0.26891080150533303,-0.5025140577876145
13259.0,33,8,1141.06,False,False,True,3.5263605246161616,2.1972245773362196,7.040588928240362,-0.36416944209576146,1.764673005494323,0.6665322599205367
13262.0,25,2,373.16,False,False,True,3.258096538021482,1.0986122886681098,5.924683513417631,-0.5803809504052695,-0.26891080150533303,-0.403883788083141
13263.0,29,4,1250.6200000000001,False,False,True,3.4011973816621555,1.6094379124341003,7.132193991213237,-0.4650466126260415,0.6766518209102622,0.754403084976197
13264.0,78,1,722.5600000000001,False,False,True,4.3694478524670215,0.6931471805599453,6.584183472833434,0.3153298269085502,-1.0194460782877899,0.2287319612799828
13266.0,49,7,2300.78,False,False,True,3.912023005428146,2.0794415416798357,7.74143801564444,-0.05333880197435037,1.546650982146608,1.3388115592420036
13269.0,5,14,3545.47,False,False,True,1.791759469228055,2.70805020110221,8.173708021562236,-1.7621979857756733,2.7102356279099182,1.7534602788008722
13270.0,2,1,590.0,False,False,True,1.0986122886681098,0.6931471805599453,6.3818160174060985,-2.3208506744639323,-1.0194460782877899,0.03461392134063904
13274.0,45,1,360.85,False,False,True,3.828641396489095,0.6931471805599453,5.891229761312137,-0.12054149907444375,-1.0194460782877899,-0.4359738134956857
13275.0,19,2,241.66,False,False,True,2.995732273553991,1.0986122886681098,5.491661286623727,-0.7918374864357232,-0.26891080150533303,-0.8192540645828881
13276.0,33,3,1348.33,False,False,True,3.5263605246161616,1.3862943611198906,7.2073634519404095,-0.36416944209576146,0.26360245192940907,0.8265082974909421
13277.0,16,3,264.9,False,False,True,2.833213344056216,1.3862943611198906,5.583120298248974,-0.9228221307840204,0.26360245192940907,-0.7315233371593893
13278.0,35,3,893.12,False,False,True,3.58351893845611,1.3862943611198906,6.795839994353637,-0.3181017345894741,0.26360245192940907,0.43176040284001527
13280.0,15,4,1507.77,False,False,True,2.772588722239781,1.6094379124341003,7.319050028330509,-0.971683482208837,0.6766518209102622,0.9336420223806479
13281.0,75,1,350.85,False,False,True,4.330733340286331,0.6931471805599453,5.863204948412558,0.28412726715273423,-1.0194460782877899,-0.46285620789178716
13282.0,42,1,181.05,False,False,True,3.7612001156935624,0.6931471805599453,5.204281374621442,-0.17489684221320997,-1.0194460782877899,-1.094919067722959
13283.0,203,2,279.7,False,False,True,5.318119993844216,1.0986122886681098,5.637286483367837,1.0799268090904373,-0.26891080150533303,-0.6795652114614517
13285.0,236,2,655.47,False,False,True,5.4680601411351315,1.0986122886681098,6.486876995821337,1.2007733894064907,-0.26891080150533303,0.135392137684812
13286.0,236,1,734.91,False,False,True,5.4680601411351315,0.6931471805599453,6.601107828643053,1.2007733894064907,-1.0194460782877899,0.24496640357240404
13287.0,239,3,781.59,False,False,True,5.480638923341991,1.3862943611198906,6.662608931774919,1.2109114534387349,0.26360245192940907,0.3039604427515551
13288.0,79,5,927.61,False,False,True,4.382026634673881,1.791759469228055,6.833688844427256,0.32546789094079437,1.0141377287118658,0.4680663620899063
13289.0,359,1,307.95,False,False,True,5.886104031450156,0.6931471805599453,5.733179451506989,1.5377023272484165,-1.0194460782877899,-0.5875812757054274
13290.0,74,1,208.63,False,False,True,4.31748811353631,0.6931471805599453,5.345344071975791,0.27345207183533093,-1.0194460782877899,-0.9596067258191714
13291.0,50,10,2959.73,False,False,True,3.9318256327243257,2.3978952727983707,7.993191138533614,-0.03737856828608019,2.1361240451745016,1.5803020828079484
13292.0,51,3,415.57,False,False,True,3.9512437185814275,1.3862943611198906,6.032054514712074,-0.0217282617170106,0.26360245192940907,-0.3008897158713367
13293.0,28,6,1192.94,False,False,True,3.367295829986474,1.9459101490553132,7.085014041433629,-0.49237009243739077,1.2994779980390392,0.7091464039732446
13294.0,282,1,815.79,False,False,True,5.645446897643238,0.6931471805599453,6.705382023876393,1.3437409888431486,-1.0194460782877899,0.3449899095862777
13295.0,12,3,900.77,False,False,True,2.5649493574615367,1.3862943611198906,6.8043594986338976,-1.1390336390935285,0.26360245192940907,0.43993261347856283
13296.0,59,5,705.11,False,False,True,4.0943445622221,1.791759469228055,6.559771032721974,0.09360607606221706,1.0141377287118658,0.20531468297025557
13297.0,21,3,2278.77,False,False,True,3.091042453358316,1.3862943611198906,7.731829839667058,-0.7150207731887119,0.26360245192940907,1.3295950561032794
13299.0,59,2,1076.2,False,False,True,4.0943445622221,1.0986122886681098,6.982120360937444,0.09360607606221706,-0.26891080150533303,0.6104471366533738
13300.0,24,2,913.62,False,False,True,3.2188758248682006,1.0986122886681098,6.818508678467918,-0.6119914906626093,-0.26891080150533303,0.45350500855725445
13302.0,162,1,95.45,False,False,True,5.093750200806762,0.6931471805599453,4.569024739351738,0.899092504838425,-1.0194460782877899,-1.7042797608078035
13303.0,36,1,61.72,False,False,True,3.6109179126442243,0.6931471805599453,4.138680376042152,-0.29601910765716044,-1.0194460782877899,-2.1170813356865152
13304.0,91,3,917.57,False,False,True,4.5217885770490405,1.3862943611198906,6.822818112965189,0.4381111896138152,0.26360245192940907,0.4576387709554166
13305.0,8,7,1753.85,False,False,True,2.1972245773362196,2.0794415416798357,7.4701386621617205,-1.4354071119659917,1.546650982146608,1.078571598109583
13306.0,66,1,53.65,False,False,True,4.204692619390966,0.6931471805599453,4.000949214622548,0.1825427991101455,-1.0194460782877899,-2.249197950173192
13307.0,123,2,258.34,False,False,True,4.820281565605037,1.0986122886681098,5.5581399421207385,0.6786862295017252,-0.26891080150533303,-0.7554853806527961
13308.0,232,1,284.86,False,False,True,5.4510384535657,0.6931471805599453,5.655502180480969,1.1870544970941936,-1.0194460782877899,-0.6620920687949933
13309.0,28,1,249.58,False,False,True,3.367295829986474,0.6931471805599453,5.523778230817407,-0.49237009243739077,-1.0194460782877899,-0.7884463527274753
13310.0,16,2,409.17,False,False,True,2.833213344056216,1.0986122886681098,6.016571707907711,-0.9228221307840204,-0.26891080150533303,-0.31574137323529333
13312.0,87,1,124.75,False,False,True,4.477336814478207,0.6931471805599453,4.8342958089798485,0.402284604187806,-1.0194460782877899,-1.4498223433338164
13313.0,115,7,1890.0,False,False,True,4.7535901911063645,2.0794415416798357,7.544861068658458,0.6249352849391268,1.546650982146608,1.150247980352309
13315.0,325,1,310.26,False,False,True,5.786897381366708,0.6931471805599453,5.740628575776864,1.4577451935266839,-1.0194460782877899,-0.5804358115324498
13320.0,70,2,679.4,False,False,True,4.2626798770413155,1.0986122886681098,6.522680860521707,0.22927852610229346,-0.26891080150533303,0.16973647444198792
13324.0,64,8,3391.52,False,False,True,4.174387269895637,2.1972245773362196,8.129328287049052,0.1581177340561029,1.764673005494323,1.7108896635873945
13326.0,68,1,281.76,False,False,True,4.23410650459726,0.6931471805599453,5.644598481302753,0.20624937473523788,-1.0194460782877899,-0.6725512837319695
13330.0,91,3,1665.25,False,False,True,4.5217885770490405,1.3862943611198906,7.418330871492919,0.4381111896138152,0.26360245192940907,1.0288757280054757
13331.0,37,1,262.4,False,False,True,3.6375861597263857,0.6931471805599453,5.573673789309181,-0.27452542153552467,-1.0194460782877899,-0.7405847635423513
13333.0,47,3,1015.74,False,False,True,3.871201010907891,1.3862943611198906,6.924356709479563,-0.08623991971089644,0.26360245192940907,0.5550381936636769
13334.0,172,2,2726.93,False,False,True,5.153291594497779,1.0986122886681098,7.911298358810087,0.9470808118050087,-0.26891080150533303,1.5017476242783077
13337.0,182,1,1575.26,False,False,True,5.209486152841421,0.6931471805599453,7.362810231430298,0.9923716850694205,-1.0194460782877899,0.9756183610915365
13338.0,177,3,1958.6,False,False,True,5.181783550292085,1.3862943611198906,7.58049564976442,0.9700443441642078,0.26360245192940907,1.1844299342823112
13346.0,98,6,299.4,False,False,True,4.59511985013459,1.9459101490553132,5.705114919889979,0.49721366311890963,1.2994779980390392,-0.61450176970386
13357.0,130,4,3228.41,False,False,True,4.875197323201151,1.6094379124341003,8.08005473699317,0.7229464335288678,0.6766518209102622,1.6636247269526814
13359.0,39,1,603.75,False,False,True,3.6888794541139363,0.6931471805599453,6.404815149490137,-0.23318479774746423,-1.0194460782877899,0.05667550446936842
13360.0,67,4,1553.65,False,False,True,4.219507705176107,1.6094379124341003,7.349005718893091,0.19448324659249747,0.6766518209102622,0.962376583107117
13361.0,108,2,1450.5,False,False,True,4.6913478822291435,1.0986122886681098,7.280352783464685,0.5747701336124852,-0.26891080150533303,0.896522252758877
13362.0,14,3,2303.33,False,False,True,2.70805020110221,1.3862943611198906,7.74254524072613,-1.0236993013143005,0.26360245192940907,1.3398736488066303
13363.0,45,1,731.36,False,False,True,3.828641396489095,0.6931471805599453,6.596272196344404,-0.12054149907444375,-1.0194460782877899,0.24032789358225315
13367.0,67,1,510.20000000000005,False,False,True,4.219507705176107,0.6931471805599453,6.236760903063325,0.19448324659249747,-1.0194460782877899,-0.1045280885242193
13368.0,50,2,498.1,False,False,True,3.9318256327243257,1.0986122886681098,6.2128064764755635,-0.03737856828608019,-0.26891080150533303,-0.12750602401917252
13369.0,1,1,308.28000000000003,False,False,True,0.6931471805599453,0.6931471805599453,5.734247015460021,-2.6476415482736133,-1.0194460782877899,-0.5865572305019395
13370.0,7,1,754.87,False,False,True,2.0794415416798357,0.6931471805599453,6.62786940372116,-1.530336170897096,-1.0194460782877899,0.2706370554510958
13371.0,141,2,2297.66,False,False,True,4.955827057601261,1.0986122886681098,7.740081623439195,0.7879312147905524,-0.26891080150533303,1.3375104597360823
13374.0,50,2,422.8,False,False,True,3.9318256327243257,1.0986122886681098,6.049261645834199,-0.03737856828608019,-0.26891080150533303,-0.2843840254709082
13375.0,80,1,1013.58,False,False,True,4.394449154672439,0.6931471805599453,6.922230012736449,0.3354800130298892,-1.0194460782877899,0.5529981907272027
13377.0,32,2,1552.88,False,False,True,3.4965075614664802,1.0986122886681098,7.348510307868749,-0.3882298993790306,-0.26891080150533303,0.9619013672834736
13380.0,68,1,62.4,False,False,True,4.23410650459726,0.6931471805599453,4.14946386144318,0.20624937473523788,-1.0194460782877899,-2.10673743406784
13382.0,64,4,1164.59,False,False,True,4.174387269895637,1.6094379124341003,7.060982675571715,0.1581177340561029,0.6766518209102622,0.6860946655979747
13383.0,179,1,305.28000000000003,False,False,True,5.19295685089021,0.6931471805599453,5.724499716244923,0.9790496385601576,-1.0194460782877899,-0.595907185584102
13384.0,26,4,2528.9,False,False,True,3.295836866004329,1.6094379124341003,7.835935055248705,-0.5499635494680514,0.6766518209102622,1.42945647084261
13386.0,50,2,835.46,False,False,True,3.9318256327243257,1.0986122886681098,6.729178700993051,-0.03737856828608019,-0.26891080150533303,0.36781652619417343
13387.0,53,1,189.44,False,False,True,3.9889840465642745,0.6931471805599453,5.249337184326318,0.008689139220207557,-1.0194460782877899,-1.0516999372095
13388.0,239,1,508.55,False,False,True,5.480638923341991,0.6931471805599453,6.233527983274703,1.2109114534387349,-1.0194460782877899,-0.10762921983667843
13392.0,313,1,91.14,False,False,True,5.749392985908253,0.6931471805599453,4.523309159507771,1.427517946055854,-1.0194460782877899,-1.7481317662365516
13393.0,219,4,1131.45,False,False,True,5.393627546352362,1.6094379124341003,7.032138706272169,1.1407832886491787,0.6766518209102622,0.6584265073327299
13395.0,36,2,872.51,False,False,True,3.6109179126442243,1.0986122886681098,6.7725195777054905,-0.29601910765716044,-0.26891080150533303,0.4093906321634626
13397.0,73,5,1647.74,False,False,True,4.30406509320417,1.791759469228055,7.407766638812221,0.26263358103109885,1.0141377287118658,1.018742141371648
13398.0,84,1,213.0,False,False,True,4.442651256490317,0.6931471805599453,5.365976015021851,0.3743292423656113,-1.0194460782877899,-0.9398158343648912
13399.0,100,3,275.4,False,False,True,4.61512051684126,1.3862943611198906,5.621849091893515,0.5133335097324566,0.26360245192940907,-0.694373304830238
13400.0,218,1,310.83,False,False,True,5.389071729816501,0.6931471805599453,5.742458167518031,1.1371114578630055,-1.0194460782877899,-0.5786808022502776
13402.0,8,3,913.9000000000001,False,False,True,2.1972245773362196,1.3862943611198906,6.818814769685489,-1.4354071119659917,0.26360245192940907,0.45379862210826805
13403.0,23,2,154.5,False,False,True,3.1780538303479458,1.0986122886681098,5.0466457316192885,-0.6448926083991554,-0.26891080150533303,-1.2461287668296603
13405.0,117,3,641.36,False,False,True,4.770684624465665,1.3862943611198906,6.46514889419329,0.6387128078456773,0.26360245192940907,0.11454977204487929
13406.0,63,2,568.92,False,False,True,4.1588830833596715,1.0986122886681098,6.3454960001012966,0.14562189516768048,-0.26891080150533303,-0.00022552729937605004
13407.0,214,3,2244.7,False,False,True,5.3706380281276624,1.3862943611198906,7.7167725555844955,1.1222545309364214,0.26360245192940907,1.3151515752246732
13410.0,29,4,1198.9,False,False,True,3.4011973816621555,1.6094379124341003,7.089993498970343,-0.4650466126260415,0.6766518209102622,0.7139228762323188
13412.0,256,1,487.34999999999997,False,False,True,5.54907608489522,0.6931471805599453,6.191032361893486,1.2660694420740182,-1.0194460782877899,-0.14839252691640015
13413.0,275,6,429.44,False,False,True,5.62040086571715,1.9459101490553132,6.064807941332192,1.323554752111755,1.2994779980390392,-0.2694714675004799
13414.0,99,3,1103.64,False,False,True,4.605170185988092,1.3862943611198906,7.007274769014954,0.5053138867139089,0.26360245192940907,0.6345761369490462
13415.0,108,4,800.67,False,False,True,4.6913478822291435,1.6094379124341003,6.686697051867266,0.5747701336124852,0.6766518209102622,0.3270666217973694
13416.0,372,1,228.3,False,False,True,5.921578419643816,0.6931471805599453,5.435031189863859,1.5662934589730666,-1.0194460782877899,-0.8735756617062367
13417.0,183,4,1028.66,False,False,True,5.214935757608986,1.6094379124341003,6.936983929642267,0.9967638783020741,0.6766518209102622,0.5671506710513606
13421.0,42,6,2252.04,False,False,True,3.7612001156935624,1.9459101490553132,7.720035694380279,-0.17489684221320997,1.2994779980390392,1.3182816936804787
13423.0,64,1,217.03,False,False,True,4.174387269895637,0.6931471805599453,5.3846326679999565,0.1581177340561029,-1.0194460782877899,-0.9219197111948356
13424.0,85,1,572.77,False,False,True,4.454347296253507,0.6931471805599453,6.352228619155015,0.3837558464750486,-1.0194460782877899,0.006232639660356768
13425.0,144,2,1779.42,False,False,True,4.976733742420574,1.0986122886681098,7.484604570509295,0.8047812807122406,-0.26891080150533303,1.0924478104108324
13427.0,113,3,423.93,False,False,True,4.736198448394496,1.3862943611198906,6.0519244494765605,0.6109181409624159,0.26360245192940907,-0.2818297697843551
13428.0,150,2,281.51,False,False,True,5.017279836814924,1.0986122886681098,5.643713948190081,0.8374600324759184,-0.26891080150533303,-0.6733997592624387
13431.0,42,6,2047.14,False,False,True,3.7612001156935624,1.9459101490553132,7.624687343198003,-0.17489684221320997,1.2994779980390392,1.2268201738236084
13432.0,207,2,439.1,False,False,True,5.337538079701318,1.0986122886681098,6.0870019738170456,1.0955771156595069,-0.26891080150533303,-0.24818216445907804
13433.0,137,4,658.3199999999999,False,False,True,4.927253685157205,1.6094379124341003,6.491209000863155,0.7649020634234969,0.6766518209102622,0.1395475505497382
13434.0,21,3,1132.6200000000001,False,False,True,3.091042453358316,1.3862943611198906,7.033171331128388,-0.7150207731887119,0.26360245192940907,0.659417037715486
13435.0,12,2,665.34,False,False,True,2.5649493574615367,1.0986122886681098,6.501800050784742,-1.1390336390935285,-0.26891080150533303,0.1497068612320646
13438.0,183,1,46.5,False,False,True,5.214935757608986,0.6931471805599453,3.8607297110405954,0.9967638783020741,-1.0194460782877899,-2.3837014707077473
13439.0,24,2,702.9,False,False,True,3.2188758248682006,1.0986122886681098,6.556636300614086,-0.6119914906626093,-0.26891080150533303,0.20230773676325195
13440.0,59,7,1295.25,False,False,True,4.0943445622221,2.0794415416798357,7.167230759543737,0.09360607606221706,1.546650982146608,0.7880115956913389
13441.0,67,1,424.26,False,False,True,4.219507705176107,0.6931471805599453,6.052700746578555,0.19448324659249747,-1.0194460782877899,-0.2810851180737745
13442.0,303,3,419.87,False,False,True,5.717027701406222,1.3862943611198906,6.042323997398791,1.4014326445292522,0.26360245192940907,-0.2910388638846534
13443.0,84,6,1280.16,False,False,True,4.442651256490317,1.9459101490553132,7.155521196517061,0.3743292423656113,1.2994779980390392,0.7767793675720263
13444.0,10,2,631.6800000000001,False,False,True,2.3978952727983707,1.0986122886681098,6.449964765095288,-1.2736734618769707,-0.26891080150533303,0.09998461692907312
13445.0,262,1,241.89999999999998,False,False,True,5.572154032177765,0.6931471805599453,5.492649836008127,1.284669470553373,-1.0194460782877899,-0.8183058129557788
13450.0,10,7,2076.32,False,False,True,2.3978952727983707,2.0794415416798357,7.638833880376638,-1.2736734618769707,1.546650982146608,1.240390033973536
13452.0,108,1,139.8,False,False,True,4.6913478822291435,0.6931471805599453,4.9473404437239425,0.5747701336124852,-1.0194460782877899,-1.3413859207092207
13453.0,38,1,424.71,False,False,True,3.6635616461296463,0.6931471805599453,6.0537583632793694,-0.25359007659558824,-1.0194460782877899,-0.2800706146273797
13454.0,277,1,219.87,False,False,True,5.627621113690637,0.6931471805599453,5.397574293145378,1.3293740226166515,-1.0194460782877899,-0.9095056453977738
13455.0,2,5,1847.59,False,False,True,1.0986122886681098,1.791759469228055,7.522178465316966,-2.3208506744639323,1.0141377287118658,1.128490022818702
13457.0,324,2,148.22,False,False,True,5.783825182329737,1.0986122886681098,5.005421727043368,1.4552691072057347,-0.26891080150533303,-1.2856722939735379
13458.0,15,2,2312.7,False,False,True,2.772588722239781,1.0986122886681098,7.746603253713636,-0.971683482208837,-0.26891080150533303,1.3437662387762952
13459.0,260,2,1160.4099999999999,False,False,True,5.564520407322694,1.0986122886681098,7.057390063198797,1.27851703255849,-0.26891080150533303,0.6826485044026382
13461.0,43,3,2715.0,False,False,True,3.784189633918261,1.3862943611198906,7.906915488678587,-0.1563680845004533,0.26360245192940907,1.497543419815496
13462.0,46,4,1002.35,False,False,True,3.8501476017100584,1.6094379124341003,6.911099680232526,-0.10320824041433209,0.6766518209102622,0.5423215810669579
13464.0,30,5,2422.96,False,False,True,3.4339872044851463,1.791759469228055,7.793157845402886,-0.4386191478747927,1.0141377287118658,1.388423054121481
13465.0,82,2,931.12,False,False,True,4.418840607796598,1.0986122886681098,6.8374615617621375,0.35513868185375624,-0.26891080150533303,0.4716852863519422
13466.0,44,4,705.45,False,False,True,3.8066624897703196,1.6094379124341003,6.560252428211817,-0.13825573881636022,0.6766518209102622,0.2057764545961659
13469.0,289,1,82.4,False,False,True,5.66988092298052,0.6931471805599453,4.423648309364701,1.3634339694004995,-1.0194460782877899,-1.8437299880336724
13472.0,99,2,592.24,False,False,True,4.605170185988092,1.0986122886681098,6.385599038873762,0.5053138867139089,-0.26891080150533303,0.0382427296922615
13473.0,210,6,2235.12,False,False,True,5.351858133476067,1.9459101490553132,7.712497500097923,1.1071185844381308,1.2994779980390392,1.3110507903927793
13474.0,79,2,434.2,False,False,True,4.382026634673881,1.0986122886681098,6.0758056955417326,0.32546789094079437,-0.26891080150533303,-0.2589220316419197
13476.0,42,3,823.0,False,False,True,3.7612001156935624,1.3862943611198906,6.714170529909472,-0.17489684221320997,0.26360245192940907,0.3534201562459194
13477.0,91,5,1379.59,False,False,True,4.5217885770490405,1.791759469228055,7.230266223015561,0.4381111896138152,1.0141377287118658,0.8484774477226318
13478.0,105,5,2215.78,False,False,True,4.663439094112067,1.791759469228055,7.703810971494357,0.5522766142605914,1.0141377287118658,1.302718364100021
13479.0,88,2,550.42,False,False,True,4.48863636973214,1.0986122886681098,6.312496769241302,0.4113916554759489,-0.26891080150533303,-0.031879559814244285
13480.0,52,2,627.82,False,False,True,3.970291913552122,1.0986122886681098,6.443845047224953,-0.006376074427667188,-0.26891080150533303,0.09411436652016926
13481.0,10,6,2026.28,False,False,True,2.3978952727983707,1.9459101490553132,7.614450272087351,-1.2736734618769707,1.2994779980390392,1.217000412170119
13482.0,263,1,151.45,False,False,True,5.575949103146316,0.6931471805599453,5.026836673434263,1.2877281666857459,-1.0194460782877899,-1.2651303179427158
13484.0,19,2,476.92,False,False,True,2.995732273553991,1.0986122886681098,6.169443354467799,-0.7918374864357232,-0.26891080150533303,-0.16910146846463728
13485.0,12,10,2564.98,False,False,True,2.5649493574615367,2.3978952727983707,7.8500957509129385,-1.1390336390935285,2.1361240451745016,1.4430399123140356
13487.0,141,2,271.47,False,False,True,4.955827057601261,1.0986122886681098,5.607528516299639,0.7879312147905524,-0.26891080150533303,-0.7081101088001067
13490.0,290,1,154.25,False,False,True,5.673323267171493,0.6931471805599453,5.045036720813588,1.3662083799320754,-1.0194460782877899,-1.2476721870559226
13491.0,8,18,3350.7400000000002,False,False,True,2.1972245773362196,2.9444389791664403,8.117234892961147,-1.4354071119659917,3.147802544088004,1.6992892511020914
13495.0,4,6,3329.39,False,False,True,1.6094379124341003,1.9459101490553132,8.110844693233933,-1.909142863812241,1.2994779980390392,1.6931595449037886
13497.0,4,5,972.28,False,False,True,1.6094379124341003,1.791759469228055,6.880671810572395,-1.909142863812241,1.0141377287118658,0.5131340894049137
13498.0,366,1,327.38,False,False,True,5.905361848054571,0.6931471805599453,5.794171474383882,1.5532234623349515,-1.0194460782877899,-0.529075564360703
13500.0,37,1,299.53,False,False,True,3.6375861597263857,0.6931471805599453,5.705547582602867,-0.27452542153552467,-1.0194460782877899,-0.6140867442858483
13502.0,51,2,488.5,False,False,True,3.9512437185814275,1.0986122886681098,6.193384461970565,-0.0217282617170106,-0.26891080150533303,-0.1461363091083557
13503.0,115,5,1688.54,False,False,True,4.7535901911063645,1.791759469228055,7.4322115815177625,0.6249352849391268,1.0141377287118658,1.0421905973222791
13506.0,5,4,1180.68,False,False,True,1.791759469228055,1.6094379124341003,7.074692433732344,-1.7621979857756733,0.6766518209102622,0.6992455518240425
13508.0,278,1,176.07999999999998,False,False,True,5.631211781821365,0.6931471805599453,5.17660160786394,1.3322679771210877,-1.0194460782877899,-1.1214704816229761
13509.0,143,1,135.0,False,False,True,4.969813299576001,0.6931471805599453,4.912654885736052,0.7992036427870438,-1.0194460782877899,-1.374657538008522
13510.0,11,7,2766.73,False,False,True,2.4849066497880004,2.0794415416798357,7.925782768627297,-1.2035452970874143,1.546650982146608,1.5156415838453614
13511.0,312,1,282.76,False,False,True,5.746203190540153,0.6931471805599453,5.648128810465367,1.4249470811533742,-1.0194460782877899,-0.6691648668007488
13512.0,23,3,462.18,False,False,True,3.1780538303479458,1.3862943611198906,6.138115747433675,-0.6448926083991554,0.26360245192940907,-0.19915202012380873
13513.0,77,2,619.49,False,False,True,4.356708826689592,1.0986122886681098,6.430509488479342,0.30506261209267066,-0.26891080150533303,0.08132242564347261
13514.0,64,3,663.7,False,False,True,4.174387269895637,1.3862943611198906,6.499335811047536,0.1581177340561029,0.26360245192940907,0.1473430750851423
13515.0,85,2,374.7,False,False,True,4.454347296253507,1.0986122886681098,5.928790952579924,0.3837558464750486,-0.26891080150533303,-0.399943786773787
13516.0,53,1,295.85,False,False,True,3.9889840465642745,0.6931471805599453,5.693226960716684,0.008689139220207557,-1.0194460782877899,-0.6259051217335919
13519.0,78,1,220.46,False,False,True,4.3694478524670215,0.6931471805599453,5.400241986269962,0.3153298269085502,-1.0194460782877899,-0.9069466995464738
13523.0,2,2,1136.64,False,False,True,1.0986122886681098,1.0986122886681098,7.03671122017484,-2.3208506744639323,-0.26891080150533303,0.662812624826313
13526.0,374,2,1182.0,False,False,True,5.926926025970411,1.0986122886681098,7.075808863978387,1.5706034449849626,-0.26891080150533303,0.700316471308765
13527.0,54,5,2396.23,False,False,True,4.007333185232471,1.791759469228055,7.78206918310609,0.02347791127266091,1.0141377287118658,1.3777864160016908
13530.0,270,1,402.97999999999996,False,False,True,5.602118820879701,0.6931471805599453,6.001365371785244,1.3088200553697018,-1.0194460782877899,-0.3303278301165086
13531.0,2,5,1254.72,False,False,True,1.0986122886681098,1.791759469228055,7.135464392239267,-2.3208506744639323,1.0141377287118658,0.7575401696208003
13534.0,15,10,1850.82,False,False,True,2.772588722239781,2.3978952727983707,7.523924218258032,-0.971683482208837,2.1361240451745016,1.130164610950586
13535.0,38,1,89.5,False,False,True,3.6635616461296463,0.6931471805599453,4.505349850705881,-0.25359007659558824,-1.0194460782877899,-1.7653589721423952
13537.0,61,2,717.85,False,False,True,4.127134385045092,1.0986122886681098,6.577652712868601,0.12003354081346623,-0.26891080150533303,0.22246742471697342
13538.0,32,5,1831.88,False,False,True,3.4965075614664802,1.791759469228055,7.5136437792482385,-0.3882298993790306,1.0141377287118658,1.1203032492702556
13539.0,56,4,938.02,False,False,True,4.04305126783455,1.6094379124341003,6.844836778235963,0.05226545227415695,0.6766518209102622,0.47875985554590716
13540.0,103,3,632.39,False,False,True,4.6443908991413725,1.3862943611198906,6.451086346168101,0.536924426971248,0.26360245192940907,0.10106047726950108
13541.0,63,2,785.25,False,False,True,4.1588830833596715,1.0986122886681098,6.667274808014651,0.14562189516768048,-0.26891080150533303,0.30843611670981896
13543.0,270,2,1439.6100000000001,False,False,True,5.602118820879701,1.0986122886681098,7.272821913983301,1.3088200553697018,-0.26891080150533303,0.8892983756800343
13544.0,47,4,537.59,False,False,True,3.871201010907891,1.6094379124341003,6.288954613550847,-0.08623991971089644,0.6766518209102622,-0.054462030443860734
13545.0,26,2,374.64,False,False,True,3.295836866004329,1.0986122886681098,5.928631237936413,-0.5499635494680514,-0.26891080150533303,-0.4000969907239104
13546.0,18,2,465.15,False,False,True,2.9444389791664403,1.0986122886681098,6.1445074707427025,-0.8331781102237836,-0.26891080150533303,-0.1930208524517985
13547.0,44,1,175.53,False,False,True,3.8066624897703196,0.6931471805599453,5.173490833601192,-0.13825573881636022,-1.0194460782877899,-1.1244544466152886
13548.0,107,1,226.57999999999998,False,False,True,4.68213122712422,0.6931471805599453,5.4275018249288625,0.5673418279084664,-1.0194460782877899,-0.8807980955708281
13549.0,23,1,87.6,False,False,True,3.1780538303479458,0.6931471805599453,4.484131857611035,-0.6448926083991554,-1.0194460782877899,-1.7857120235869586
13550.0,19,1,349.51,False,False,True,2.995732273553991,0.6931471805599453,5.8593892367381235,-0.7918374864357232,-1.0194460782877899,-0.4665163738490591
13551.0,302,1,152.39999999999998,False,False,True,5.713732805509369,0.6931471805599453,5.0330488889331555,1.3987770722303965,-1.0194460782877899,-1.259171340528194
13552.0,64,10,3238.85,False,False,True,4.174387269895637,2.3978952727983707,8.083282311418373,0.1581177340561029,2.1361240451745016,1.6667207308029832
13553.0,310,1,517.8,False,False,True,5.739792912179234,0.6931471805599453,6.251518452442289,1.4197806181827326,-1.0194460782877899,-0.09037212380299857
13554.0,16,7,1638.28,False,False,True,2.833213344056216,2.0794415416798357,7.402012400028577,-0.9228221307840204,1.546650982146608,1.013222471463929
13556.0,65,2,200.82,False,False,True,4.189654742026425,1.0986122886681098,5.307376211036383,0.17042278930922797,-0.26891080150533303,-0.9960268445120907
13557.0,51,11,2448.2,False,False,True,3.9512437185814275,2.4849066497880004,7.8035167196038,-0.0217282617170106,2.297186258929065,1.3983596536187337
13559.0,148,2,990.0,False,False,True,5.003946305945459,1.0986122886681098,6.898714534329988,0.8267136670879539,-0.26891080150533303,0.530441309894468
13561.0,33,10,1678.86,False,False,True,3.5263605246161616,2.3978952727983707,7.426465735591556,-0.36416944209576146,2.1361240451745016,1.036678978141056
13562.0,37,5,3038.85,False,False,True,3.6375861597263857,1.791759469228055,8.019563451077643,-0.27452542153552467,1.0141377287118658,1.6055993402592719
13565.0,47,1,174.57999999999998,False,False,True,3.871201010907891,0.6931471805599453,5.1680947794980625,-0.08623991971089644,-1.0194460782877899,-1.1296305330749132
13566.0,70,3,833.41,False,False,True,4.2626798770413155,1.3862943611198906,6.726724888274383,0.22927852610229346,0.26360245192940907,0.36546274201321266
13567.0,64,4,1083.69,False,False,True,4.174387269895637,1.6094379124341003,6.989049510864743,0.1581177340561029,0.6766518209102622,0.6170938229967527
13569.0,3,3,520.03,False,False,True,1.3862943611198906,1.3862943611198906,6.255807621669508,-2.088988859585355,0.26360245192940907,-0.0862578005705515
13571.0,18,14,2454.2200000000003,False,False,True,2.9444389791664403,2.70805020110221,7.805971649248236,-0.8331781102237836,2.7102356279099182,1.4007145091945012
13573.0,15,4,622.07,False,False,True,2.772588722239781,1.6094379124341003,6.434658872026153,-0.971683482208837,0.6766518209102622,0.08530266149395879
13574.0,47,1,421.25,False,False,True,3.871201010907891,0.6931471805599453,6.04559755568791,-0.08623991971089644,-1.0194460782877899,-0.2878987506813268
13577.0,18,7,1801.68,False,False,True,2.9444389791664403,2.0794415416798357,7.497029725477041,-0.8331781102237836,1.546650982146608,1.1043664596975378
13578.0,45,1,147.66,False,False,True,3.828641396489095,0.6931471805599453,5.001661819297148,-0.12054149907444375,-1.0194460782877899,-1.2892789308238541
13579.0,5,4,1072.0,False,False,True,1.791759469228055,1.6094379124341003,6.9782137426306985,-1.7621979857756733,0.6766518209102622,0.6066997698305063
13580.0,42,1,107.75,False,False,True,3.7612001156935624,0.6931471805599453,4.689051669968793,-0.17489684221320997,-1.0194460782877899,-1.5891456723639996
13581.0,50,1,162.53,False,False,True,3.9318256327243257,0.6931471805599453,5.096996459744299,-0.03737856828608019,-1.0194460782877899,-1.197830562790348
13582.0,25,2,241.68,False,False,True,3.258096538021482,1.0986122886681098,5.491743703074097,-0.5803809504052695,-0.26891080150533303,-0.8191750078009029
13583.0,315,1,664.001,False,False,True,5.755742213586912,0.6931471805599453,6.499788544414122,1.432635204285068,-1.0194460782877899,0.1477773529859603
13584.0,134,2,250.05,False,False,True,4.90527477843843,1.0986122886681098,5.5256521224807145,0.7471878236815803,-0.26891080150533303,-0.786648849388948
13585.0,166,3,684.54,False,False,True,5.117993812416755,1.3862943611198906,6.530206848868181,0.9186320185077952,0.26360245192940907,0.17695566936312235
13586.0,177,1,131.53,False,False,True,5.181783550292085,0.6931471805599453,4.886809034892587,0.9700443441642078,-1.0194460782877899,-1.3994497947263993
13587.0,85,3,961.1,False,False,True,4.454347296253507,1.3862943611198906,6.869118395367219,0.3837558464750486,0.26360245192940907,0.5020516438135597
13589.0,85,4,741.09,False,False,True,4.454347296253507,1.6094379124341003,6.609470529612421,0.3837558464750486,0.6766518209102622,0.2529882029143225
13591.0,71,4,976.8100000000001,False,False,True,4.276666119016055,1.6094379124341003,6.885315377132544,0.24055095409878485,0.6766518209102622,0.5175883631273386
13593.0,23,9,3486.61,False,False,True,3.1780538303479458,2.302585092994046,8.156971966850845,-0.6448926083991554,1.959700351127462,1.7374064615997198
13594.0,121,1,136.35000000000002,False,False,True,4.804021044733257,0.6931471805599453,4.922532412541283,0.6655808112597389,-1.0194460782877899,-1.3651826640035551
13595.0,152,3,818.22,False,False,True,5.030437921392435,1.3862943611198906,6.708352668049725,0.84806499421186,0.26360245192940907,0.3478394568272947
13597.0,36,2,396.71,False,False,True,3.6109179126442243,1.0986122886681098,5.985723096478868,-0.29601910765716044,-0.26891080150533303,-0.3453324553229352
13598.0,131,4,609.42,False,False,True,4.882801922586371,1.6094379124341003,6.414147244833211,0.729075477997487,0.6766518209102622,0.0656271812728313
13600.0,270,1,298.9,False,False,True,5.602118820879701,0.6931471805599453,5.703449085754963,1.3088200553697018,-1.0194460782877899,-0.616099696882766
13601.0,28,2,491.82,False,False,True,3.367295829986474,1.0986122886681098,6.200143995811369,-0.49237009243739077,-0.26891080150533303,-0.1396523245303526
13602.0,17,3,596.28,False,False,True,2.8903717578961645,1.3862943611198906,6.392386015166274,-0.876754423277733,0.26360245192940907,0.04475303804315258
13604.0,294,1,717.62,False,False,True,5.68697535633982,0.6931471805599453,6.5773327061874705,1.37721149230705,-1.0194460782877899,0.22216046295982034
13605.0,23,2,522.67,False,False,True,3.1780538303479458,1.0986122886681098,6.260861714939627,-0.6448926083991554,-0.26891080150533303,-0.08140973506913779
13607.0,38,1,400.3,False,False,True,3.6635616461296463,0.6931471805599453,5.994709277272871,-0.25359007659558824,-1.0194460782877899,-0.3367125920223424
13608.0,176,1,236.2,False,False,True,5.176149732573829,0.6931471805599453,5.468903667123571,0.9655036816553582,-1.0194460782877899,-0.8410839802762343
13609.0,229,1,167.35,False,False,True,5.438079308923196,0.6931471805599453,5.126045145607083,1.176609874075188,-1.0194460782877899,-1.1699660331376436
13610.0,23,7,1044.0,False,False,True,3.1780538303479458,2.0794415416798357,6.951772164398911,-0.6448926083991554,1.546650982146608,0.5813360702750688
13611.0,10,7,2147.73,False,False,True,2.3978952727983707,2.0794415416798357,7.672632248916686,-1.2736734618769707,1.546650982146608,1.2728106276914692
13612.0,268,1,818.29,False,False,True,5.594711379601839,0.6931471805599453,6.708438111531965,1.3028499135264717,-1.0194460782877899,0.34792141724559883
13613.0,88,5,1039.8500000000001,False,False,True,4.48863636973214,1.791759469228055,6.947792966013668,0.4113916554759489,1.0141377287118658,0.5775190820669495
13614.0,29,2,748.73,False,False,True,3.4011973816621555,1.0986122886681098,6.6197131417148,-0.4650466126260415,-0.26891080150533303,0.2628132796835792
13616.0,204,2,288.1,False,False,True,5.3230099791384085,1.0986122886681098,5.666772649022301,1.083867968354823,-0.26891080150533303,-0.6512810356779272
13617.0,44,5,734.57,False,False,True,3.8066624897703196,1.791759469228055,6.600645708864258,-0.13825573881636022,1.0141377287118658,0.2445231218921191
13619.0,180,2,231.69,False,False,True,5.198497031265826,1.0986122886681098,5.449707095598856,0.9835148326047404,-0.26891080150533303,-0.8594980124636928
13620.0,164,1,112.34,False,False,True,5.10594547390058,0.6931471805599453,4.730392150741473,0.9089214737706007,-1.0194460782877899,-1.5494904171215171
13622.0,332,1,658.95,False,False,True,5.808142489980444,0.6931471805599453,6.492164074574964,1.4748680173387203,-1.0194460782877899,0.14046369112452753
13623.0,16,5,1818.71,False,False,True,2.833213344056216,1.791759469228055,7.5064324267154285,-0.9228221307840204,1.0141377287118658,1.1133858641797298
13624.0,24,1,462.08,False,False,True,3.2188758248682006,0.6931471805599453,6.137899825337528,-0.6119914906626093,-1.0194460782877899,-0.1993591402558236
13625.0,232,1,301.26,False,False,True,5.4510384535657,0.6931471805599453,5.711287574141974,1.1870544970941936,-1.0194460782877899,-0.6085807408403489
13626.0,15,1,449.81,False,False,True,2.772588722239781,0.6931471805599453,6.1110459647057445,-0.971683482208837,-1.0194460782877899,-0.22511831571038635
13627.0,124,2,607.43,False,False,True,4.8283137373023015,1.0986122886681098,6.41088186883415,0.6851598824870228,-0.26891080150533303,0.06249491681230239
13628.0,312,1,310.14,False,False,True,5.746203190540153,0.6931471805599453,5.740242971658976,1.4249470811533742,-1.0194460782877899,-0.5808056966772666
13632.0,30,3,1526.88,False,False,True,3.4339872044851463,1.3862943611198906,7.331636432611094,-0.4386191478747927,0.26360245192940907,0.9457153477267215
13634.0,10,11,3498.31,False,False,True,2.3978952727983707,2.4849066497880004,8.160321085185155,-1.2736734618769707,2.297186258929065,1.7406190546780298
13635.0,78,3,1928.1299999999999,False,False,True,4.3694478524670215,1.3862943611198906,7.564824403066273,0.3153298269085502,0.26360245192940907,1.169397518689466
13639.0,72,1,312.93,False,False,True,4.290459441148391,0.6931471805599453,5.749170031119376,0.25166789536506495,-1.0194460782877899,-0.5722425446565254
13640.0,247,1,405.0,False,False,True,5.5134287461649825,0.6931471805599453,6.0063531596017325,1.237338918189984,-1.0194460782877899,-0.32554336715765253
13641.0,276,5,1016.47,False,False,True,5.6240175061873385,1.791759469228055,6.925074432852604,1.326469639424804,1.0141377287118658,0.5557266593762058
13642.0,68,3,159.92,False,False,True,4.23410650459726,1.3862943611198906,5.080907347081587,0.20624937473523788,0.26360245192940907,-1.2132638102354658
13643.0,18,7,1637.33,False,False,True,2.9444389791664403,2.0794415416798357,7.401432709323092,-0.8331781102237836,1.546650982146608,1.012666411581265
13646.0,35,2,326.25,False,False,True,3.58351893845611,1.0986122886681098,5.7907244047900095,-0.3181017345894741,-0.26891080150533303,-0.5323821157608973
13647.0,130,4,1393.56,False,False,True,4.875197323201151,1.6094379124341003,7.240334232316201,0.7229464335288678,0.6766518209102622,0.8581350392924039
13648.0,36,8,1764.02,False,False,True,3.6109179126442243,2.1972245773362196,7.475917300747956,-0.29601910765716044,1.764673005494323,1.0841146731732545
13649.0,2,5,1332.28,False,False,True,1.0986122886681098,1.791759469228055,7.195397350633897,-2.3208506744639323,1.0141377287118658,0.8150299887558208
13650.0,10,4,1451.66,False,False,True,2.3978952727983707,1.6094379124341003,7.281151637564796,-1.2736734618769707,0.6766518209102622,0.8972885419420049
13651.0,17,1,132.65,False,False,True,2.8903717578961645,0.6931471805599453,4.895224442584928,-0.876754423277733,-1.0194460782877899,-1.3913774372266323
13652.0,4,3,1475.77,False,False,True,1.6094379124341003,1.3862943611198906,7.297612549349402,-1.909142863812241,0.26360245192940907,0.9130784322902067
13653.0,123,1,152.2,False,False,True,4.820281565605037,0.6931471805599453,5.0317442573064906,0.6786862295017252,-1.0194460782877899,-1.2604227894515214
13654.0,16,5,3600.67,False,False,True,2.833213344056216,1.791759469228055,8.189152905769904,-0.9228221307840204,1.0141377287118658,1.7682755594652035
13655.0,10,4,1347.54,False,False,True,2.3978952727983707,1.6094379124341003,7.20677780472792,-1.2736734618769707,0.6766518209102622,0.82594652391552
13656.0,135,2,699.2,False,False,True,4.912654885736052,1.0986122886681098,6.551366008520565,0.7531359352807564,-0.26891080150533303,0.19725228568322714
13658.0,19,4,3386.33,False,False,True,2.995732273553991,1.6094379124341003,8.127797279426828,-0.7918374864357232,0.6766518209102622,1.7094210667810017
13659.0,52,10,3321.68,False,False,True,3.970291913552122,2.3978952727983707,8.108526965192164,-0.006376074427667188,2.1361240451745016,1.6909362979709726
13660.0,36,1,314.59,False,False,True,3.6109179126442243,0.6931471805599453,5.754443902791644,-0.29601910765716044,-1.0194460782877899,-0.5671836599176203
13661.0,239,1,325.24,False,False,True,5.480638923341991,0.6931471805599453,5.787633306826145,1.2109114534387349,-1.0194460782877899,-0.535347206549526
13662.0,21,8,1352.35,False,False,True,3.091042453358316,2.1972245773362196,7.210338279122772,-0.7150207731887119,1.764673005494323,0.8293618572225654
13663.0,16,4,1858.04,False,False,True,2.833213344056216,1.6094379124341003,7.527815504434551,-0.9228221307840204,0.6766518209102622,1.1338972706504071
13665.0,22,3,1711.6599999999999,False,False,True,3.1354942159291497,1.3862943611198906,7.4458029964289425,-0.6791941877627027,0.26360245192940907,1.0552279645065892
13666.0,56,2,43.25,False,False,True,4.04305126783455,1.0986122886681098,3.7898553714539385,0.05226545227415695,-0.26891080150533303,-2.451686650703734
13669.0,43,1,195.0,False,False,True,3.784189633918261,0.6931471805599453,5.278114659230517,-0.1563680845004533,-1.0194460782877899,-1.0240955627264077
13671.0,30,1,194.95,False,False,True,3.4339872044851463,0.6931471805599453,5.27785952464564,-0.4386191478747927,-1.0194460782877899,-1.0243402968682311
13672.0,366,1,233.53000000000003,False,False,True,5.905361848054571,0.6931471805599453,5.457583511473486,1.5532234623349515,-1.0194460782877899,-0.8519426750301036
13674.0,68,1,240.68,False,False,True,4.23410650459726,0.6931471805599453,5.487614537078416,0.20624937473523788,-1.0194460782877899,-0.8231358502593564
13676.0,175,2,243.9,False,False,True,5.170483995038151,1.0986122886681098,5.500849963958122,0.9609372928760642,-0.26891080150533303,-0.8104399594194802
13677.0,40,2,556.1899999999999,False,False,True,3.713572066704308,1.0986122886681098,6.32290629486736,-0.21328340479480876,-0.26891080150533303,-0.021894373673707057
13679.0,129,3,281.26,False,False,True,4.867534450455582,1.3862943611198906,5.642828631985861,0.7167704227443619,0.26360245192940907,-0.674248985962092
13683.0,93,1,258.6,False,False,True,4.543294782270004,0.6931471805599453,5.559141984829935,0.4554444482739268,-1.0194460782877899,-0.7545241857500187
13684.0,26,3,529.75,False,False,True,3.295836866004329,1.3862943611198906,6.2742911005833655,-0.5499635494680514,0.26360245192940907,-0.0685277921043108
13686.0,16,2,337.04,False,False,True,2.833213344056216,1.0986122886681098,5.823164231676282,-0.9228221307840204,-0.26891080150533303,-0.5012646833761434
13688.0,271,1,375.5,False,False,True,5.605802066295998,0.6931471805599453,5.930918047239948,1.3117886239690153,-1.0194460782877899,-0.39790340214130016
13689.0,80,1,349.5,False,False,True,4.394449154672439,0.6931471805599453,5.859360706474645,0.3354800130298892,-1.0194460782877899,-0.4665437410895759
13691.0,32,1,212.78,False,False,True,3.4965075614664802,0.6931471805599453,5.3649474488457995,-0.3882298993790306,-1.0194460782877899,-0.9408024715176954
13692.0,44,2,1626.08,False,False,True,3.8066624897703196,1.0986122886681098,7.394542276262218,-0.13825573881636022,-0.26891080150533303,1.006056863829204
13693.0,10,9,2011.82,False,False,True,2.3978952727983707,2.302585092994046,7.607292002863751,-1.2736734618769707,1.959700351127462,1.2101339464723173
13695.0,213,1,266.6,False,False,True,5.365976015021851,0.6931471805599453,5.589493328254074,1.118497109382521,-1.0194460782877899,-0.72541010076744
13696.0,57,3,2020.4,False,False,True,4.060443010546419,1.3862943611198906,7.611545619640562,0.06628259625086781,0.26360245192940907,1.2142141665335127
13698.0,232,2,465.53000000000003,False,False,True,5.4510384535657,1.0986122886681098,6.145322326901356,1.1870544970941936,-0.26891080150533303,-0.1922392135266251
13699.0,186,1,455.57,False,False,True,5.231108616854587,0.6931471805599453,6.123742028914818,1.009798644300881,-1.0194460782877899,-0.21293980067196222
13700.0,53,3,348.34,False,False,True,3.9889840465642745,1.3862943611198906,5.856045660000246,0.008689139220207557,0.26360245192940907,-0.4697236512315458
13701.0,82,1,161.0,False,False,True,4.418840607796598,0.6931471805599453,5.087596335232384,0.35513868185375624,-1.0194460782877899,-1.2068474955851276
13702.0,81,1,135.18,False,False,True,4.406719247264253,0.6931471805599453,4.9139775400548205,0.3453692838934502,-1.0194460782877899,-1.3733888010797781
13703.0,51,1,326.06,False,False,True,3.9512437185814275,0.6931471805599453,5.790143640304245,-0.0217282617170106,-1.0194460782877899,-0.5329392056516852
13705.0,9,5,1323.47,False,False,True,2.302585092994046,1.791759469228055,7.188767658398983,-1.3504901751239817,1.0141377287118658,0.8086705528508479
13706.0,262,1,300.38,False,False,True,5.572154032177765,0.6931471805599453,5.708371926990008,1.284669470553373,-1.0194460782877899,-0.6113775329880748
13707.0,65,3,2559.45,False,False,True,4.189654742026425,1.3862943611198906,7.847938303275894,0.17042278930922797,0.26360245192940907,1.4409704120295634
13709.0,82,5,1263.7,False,False,True,4.418840607796598,1.791759469228055,7.142590218885931,0.35513868185375624,1.0141377287118658,0.764375515248273
13710.0,59,2,329.04,False,False,True,4.0943445622221,1.0986122886681098,5.799213859236143,0.09360607606221706,-0.26891080150533303,-0.5242387299889225
13711.0,42,7,1540.2,False,False,True,3.7612001156935624,2.0794415416798357,7.3403166127520025,-0.17489684221320997,1.546650982146608,0.9540416843489586
13712.0,246,1,537.58,False,False,True,5.5093883366279774,0.6931471805599453,6.288936046379463,1.2340824876445606,-1.0194460782877899,-0.05447984073311274
13713.0,44,3,743.26,False,False,True,3.8066624897703196,1.3862943611198906,6.612390436150933,-0.13825573881636022,0.26360245192940907,0.25578908081667573
13714.0,101,1,161.35,False,False,True,4.624972813284271,0.6931471805599453,5.089754498548855,0.5212741204021784,-1.0194460782877899,-1.2047773087955687
13717.0,93,2,318.29,False,False,True,4.543294782270004,1.0986122886681098,5.7660997807210626,0.4554444482739268,-0.26891080150533303,-0.5560029284474687
13719.0,29,6,1773.57,False,False,True,3.4011973816621555,1.9459101490553132,7.481313419040265,-0.4650466126260415,1.2994779980390392,1.0892908212054164
13721.0,31,1,217.39999999999998,False,False,True,3.4657359027997265,0.6931471805599453,5.38632824387075,-0.4130307935205781,-1.0194460782877899,-0.9202932546882208
13722.0,56,7,3260.0,False,False,True,4.04305126783455,2.0794415416798357,8.089789175789319,0.05226545227415695,1.546650982146608,1.672962345864911
13723.0,28,5,1009.35,False,False,True,3.367295829986474,1.791759469228055,6.9180520844595055,-0.49237009243739077,1.0141377287118658,0.5489905737592724
13724.0,273,1,213.01,False,False,True,5.6131281063880705,0.6931471805599453,5.366022742902049,1.3176931592678074,-1.0194460782877899,-0.9397710113250629
13727.0,247,6,746.57,False,False,True,5.5134287461649825,1.9459101490553132,6.616827946365326,1.237338918189984,1.2994779980390392,0.2600456979847372
13728.0,23,10,1839.03,False,False,True,3.1780538303479458,2.3978952727983707,7.517537154817943,-0.6448926083991554,2.1361240451745016,1.124037913190118
13729.0,71,3,724.73,False,False,True,4.276666119016055,1.3862943611198906,6.587178044826087,0.24055095409878485,0.26360245192940907,0.23160446093385967
13733.0,46,2,487.03000000000003,False,False,True,3.8501476017100584,1.0986122886681098,6.1903768793734475,-0.10320824041433209,-0.26891080150533303,-0.14902128899543912
13736.0,61,5,2034.31,False,False,True,4.127134385045092,1.791759469228055,7.61840342042736,0.12003354081346623,1.0141377287118658,1.2207924122510199
13738.0,32,1,440.93,False,False,True,3.4965075614664802,0.6931471805599453,6.091151498494956,-0.3882298993790306,-1.0194460782877899,-0.244201793230636
13739.0,163,1,75.3,False,False,True,5.099866427824199,0.6931471805599453,4.334672938290411,0.9040219725817091,-1.0194460782877899,-1.9290783193616747
13740.0,51,4,1247.02,False,False,True,3.9512437185814275,1.6094379124341003,7.12931357444199,-0.0217282617170106,0.6766518209102622,0.7516400870590558
13745.0,182,1,477.32,False,False,True,5.209486152841421,0.6931471805599453,6.170279964572649,0.9923716850694205,-1.0194460782877899,-0.1682989623827974
13746.0,49,1,176.69,False,False,True,3.912023005428146,0.6931471805599453,5.1800404589569835,-0.05333880197435037,-1.0194460782877899,-1.1181718137002354
13747.0,9,2,169.79999999999998,False,False,True,2.302585092994046,1.0986122886681098,5.14049328135447,-1.3504901751239817,-0.26891080150533303,-1.1561068689447762
13748.0,9,5,1320.1,False,False,True,2.302585092994046,1.791759469228055,7.186220001884308,-1.3504901751239817,1.0141377287118658,0.8062267503727123
13750.0,16,6,1954.92,False,False,True,2.833213344056216,1.9459101490553132,7.578615949962842,-0.9228221307840204,1.2994779980390392,1.1826268595715768
13752.0,163,1,404.45000000000005,False,False,True,5.099866427824199,0.6931471805599453,6.004997561390566,0.9040219725817091,-1.0194460782877899,-0.32684370503629595
13753.0,234,3,1353.31,False,False,True,5.459585514144159,1.3862943611198906,7.21104737852242,1.1939431327352996,0.26360245192940907,0.8300420505139777
13754.0,73,1,164.45000000000002,False,False,True,4.30406509320417,0.6931471805599453,5.1086690343676215,0.26263358103109885,-1.0194460782877899,-1.1866338152592775
13757.0,310,1,195.55,False,False,True,5.739792912179234,0.6931471805599453,5.280916851867869,1.4197806181827326,-1.0194460782877899,-1.0214076001726136
13760.0,40,3,1076.85,False,False,True,3.713572066704308,1.3862943611198906,6.982723595219443,-0.21328340479480876,0.26360245192940907,0.6110257803695711
13761.0,138,4,881.52,False,False,True,4.9344739331306915,1.6094379124341003,6.7827814514401705,0.7707213339283926,0.6766518209102622,0.4192341853735112
13762.0,229,4,2165.76,False,False,True,5.438079308923196,1.6094379124341003,7.680988243210912,1.176609874075188,0.6766518209102622,1.2808259937527477
13763.0,53,2,3502.48,False,False,True,3.9889840465642745,1.0986122886681098,8.161512039217158,0.008689139220207557,-0.26891080150533303,1.7417614600211324
13764.0,205,3,1431.5,False,False,True,5.327876168789581,1.3862943611198906,7.267176448588895,1.0877899491527518,0.26360245192940907,0.8838830450647763
13765.0,289,1,352.821,False,False,True,5.66988092298052,0.6931471805599453,5.86879113553233,1.3634339694004995,-1.0194460782877899,-0.45749773909978336
13766.0,131,1,190.35,False,False,True,4.882801922586371,0.6931471805599453,5.254104211871711,0.729075477997487,-1.0194460782877899,-1.047127235331649
13768.0,362,2,875.97,False,False,True,5.8944028342648505,1.0986122886681098,6.776472784261436,1.5443908757058706,-0.26891080150533303,0.41318268808715386
13769.0,3,11,3003.9100000000003,False,False,True,1.3862943611198906,2.4849066497880004,8.0080028964376,-2.088988859585355,2.297186258929065,1.5945100462688042
13770.0,58,4,785.37,False,False,True,4.07753744390572,1.6094379124341003,6.66742741958036,0.08006011915741833,0.6766518209102622,0.308582507135814
13771.0,169,5,3094.37,False,False,True,5.135798437050262,1.791759469228055,8.037662725630957,0.9329819310538703,1.0141377287118658,1.6229608062775815
13772.0,36,5,1982.09,False,False,True,3.6109179126442243,1.791759469228055,7.592411513269015,-0.29601910765716044,1.0141377287118658,1.1958600531362162
13773.0,32,2,301.54,False,False,True,3.4965075614664802,1.0986122886681098,5.7122135001340535,-0.3882298993790306,-0.26891080150533303,-0.6076925597920092
13775.0,226,1,1049.66,False,False,True,5.424950017481403,0.6931471805599453,6.9571738171118644,1.1660281186122226,-1.0194460782877899,0.5865175271197836
13776.0,64,2,623.98,False,False,True,4.174387269895637,1.0986122886681098,6.43771964922439,0.1581177340561029,-0.26891080150533303,0.08823866752891205
13778.0,127,3,945.79,False,False,True,4.852030263919617,1.3862943611198906,6.853077315691361,0.7042745838559394,0.26360245192940907,0.48666447131285806
13779.0,151,1,161.13,False,False,True,5.0238805208462765,0.6931471805599453,5.088398482561978,0.8427799558409932,-1.0194460782877899,-1.2060780474194899
13780.0,43,1,375.81,False,False,True,3.784189633918261,0.6931471805599453,5.9317410816281795,-0.1563680845004533,-1.0194460782877899,-0.39711391836828547
13781.0,228,2,650.99,False,False,True,5.43372200355424,1.0986122886681098,6.480029224385721,1.1730980364336694,-0.26891080150533303,0.12882351247663584
13782.0,89,7,881.72,False,False,True,4.499809670330265,2.0794415416798357,6.7830080495241205,0.4203969498718987,1.546650982146608,0.4194515462916366
13783.0,123,4,1542.09,False,False,True,4.820281565605037,1.6094379124341003,7.341542178594752,0.6786862295017252,0.6766518209102622,0.9552172905683912
13784.0,70,3,447.44,False,False,True,4.2626798770413155,1.3862943611198906,6.105774893285393,0.22927852610229346,0.26360245192940907,-0.23017451434834574
13785.0,64,4,542.49,False,False,True,4.174387269895637,1.6094379124341003,6.298011307127966,0.1581177340561029,0.6766518209102622,-0.045774528781060274
13786.0,3,6,3128.54,False,False,True,1.3862943611198906,1.9459101490553132,8.048641307877576,-2.088988859585355,1.2994779980390392,1.6334918517093986
13787.0,94,4,913.46,False,False,True,4.553876891600541,1.6094379124341003,6.818333727125813,0.4639732629258481,0.6766518209102622,0.45333718902549003
13788.0,141,1,3.75,False,False,True,4.955827057601261,0.6931471805599453,1.55814461804655,0.7879312147905524,-1.0194460782877899,-4.592422750034458
13789.0,24,1,239.45999999999998,False,False,True,3.2188758248682006,0.6931471805599453,5.482553755546763,-0.6119914906626093,-1.0194460782877899,-0.8279903313784238
13792.0,58,1,188.4,False,False,True,4.07753744390572,0.6931471805599453,5.243861180751978,0.08006011915741833,-1.0194460782877899,-1.0569527140372124
13793.0,282,1,96.0,False,False,True,5.645446897643238,0.6931471805599453,4.574710978503383,1.3437409888431486,-1.0194460782877899,-1.6988253185586148
13794.0,182,1,126.03,False,False,True,5.209486152841421,0.6931471805599453,4.844423279035369,0.9923716850694205,-1.0194460782877899,-1.4401077148992658
13795.0,24,4,836.3,False,False,True,3.2188758248682006,1.6094379124341003,6.7301824292103865,-0.6119914906626093,0.6766518209102622,0.3687793378961315
13796.0,135,1,289.7,False,False,True,4.912654885736052,0.6931471805599453,5.6722918075648305,0.7531359352807564,-1.0194460782877899,-0.645986863074294
13797.0,72,3,1179.45,False,False,True,4.290459441148391,1.3862943611198906,7.073651000694222,0.25166789536506495,0.26360245192940907,0.6982465723208345
13799.0,80,7,2114.71,False,False,True,4.394449154672439,2.0794415416798357,7.657145732546141,0.3354800130298892,1.546650982146608,1.2579554119800767
13800.0,66,2,1121.24,False,False,True,4.204692619390966,1.0986122886681098,7.023081966951813,0.1825427991101455,-0.26891080150533303,0.6497389617913945
13803.0,67,2,1061.84,False,False,True,4.219507705176107,1.0986122886681098,6.968699849609492,0.19448324659249747,-0.26891080150533303,0.5975737062469657
13804.0,71,2,572.73,False,False,True,4.276666119016055,1.0986122886681098,6.352158902379387,0.24055095409878485,-0.26891080150533303,0.006165764856762191
13807.0,3,3,422.2,False,False,True,1.3862943611198906,1.3862943611198906,6.04784488054409,-2.088988859585355,0.26360245192940907,-0.2857430369808833
13813.0,163,4,1398.61,False,True,False,5.099866427824199,1.6094379124341003,7.24394890536655,0.9040219725817091,0.6766518209102622,0.8616023618718853
13814.0,163,1,678.2,False,True,False,5.099866427824199,0.6931471805599453,6.520915634997138,0.9040219725817091,-1.0194460782877899,0.1680432075174394
13815.0,42,4,3448.38,False,True,False,3.7612001156935624,1.6094379124341003,8.145949783730675,-0.17489684221320997,0.6766518209102622,1.7268335926637448
13818.0,65,1,61.28,False,False,True,4.189654742026425,0.6931471805599453,4.131640346965797,0.17042278930922797,-1.0194460782877899,-2.12383438124185
13819.0,305,3,1502.0,False,False,True,5.723585101952381,1.3862943611198906,7.315218389752975,1.406717682900119,0.26360245192940907,0.9299665787730955
13820.0,54,3,660.65,False,False,True,4.007333185232471,1.3862943611198906,6.494736715219059,0.02347791127266091,0.26360245192940907,0.14293145926563217
13821.0,29,4,1025.09,False,False,True,3.4011973816621555,1.6094379124341003,6.9335107411818475,-0.4650466126260415,0.6766518209102622,0.5638190655081036
13823.0,16,5,2445.79,False,False,True,2.833213344056216,1.791759469228055,7.802532240389321,-0.9228221307840204,1.0141377287118658,1.397415306242956
13824.0,15,7,1615.82,False,False,True,2.772588722239781,2.0794415416798357,7.388216536126707,-0.971683482208837,1.546650982146608,0.999988989557237
13825.0,257,2,255.59,False,False,True,5.552959584921617,1.0986122886681098,5.5474794802608,1.2691994089729892,-0.26891080150533303,-0.7657112737279919
13829.0,57,1,102.0,False,False,True,4.060443010546419,0.6931471805599453,4.634728988229636,0.06628259625086781,-1.0194460782877899,-1.641253915170069
13830.0,217,1,156.85000000000002,False,False,True,5.384495062789089,0.6931471805599453,5.061645215004001,1.133422822300744,-1.0194460782877899,-1.2317407304302572
13832.0,58,1,561.49,False,False,True,4.07753744390572,0.6931471805599453,6.332373356142771,0.08006011915741833,-1.0194460782877899,-0.012813232761559702
13833.0,40,1,316.56,False,False,True,3.713572066704308,0.6931471805599453,5.760666776856913,-0.21328340479480876,-1.0194460782877899,-0.5612144584282385
13834.0,212,2,324.19,False,False,True,5.3612921657094255,1.0986122886681098,5.7844096268933525,1.114722088600234,-0.26891080150533303,-0.5384394746645947
13835.0,155,3,260.7,False,False,True,5.049856007249537,1.3862943611198906,5.5671988095361,0.8637153007809296,0.26360245192940907,-0.7467957937672618
13836.0,35,2,620.37,False,False,True,3.58351893845611,1.0986122886681098,6.4319267177117725,-0.3181017345894741,-0.26891080150533303,0.08268188218337513
13838.0,5,7,1274.3600000000001,False,False,True,1.791759469228055,2.0794415416798357,7.1509837706796135,-1.7621979857756733,1.546650982146608,0.7724269077949568
13839.0,122,1,139.95000000000002,False,False,True,4.812184355372417,0.6931471805599453,4.948405217560122,0.6721601577031311,-1.0194460782877899,-1.3403645518847653
13840.0,52,1,651.4,False,False,True,3.970291913552122,0.6931471805599453,6.4806578707468585,-0.006376074427667188,-1.0194460782877899,0.12942653236034873
13842.0,2,10,2244.29,False,False,True,1.0986122886681098,2.3978952727983707,7.716589967780409,-2.3208506744639323,2.1361240451745016,1.3149764305277587
13843.0,17,1,319.75,False,False,True,2.8903717578961645,0.6931471805599453,5.770662003495746,-0.876754423277733,-1.0194460782877899,-0.551626682568812
13846.0,35,1,442.73,False,False,True,3.58351893845611,0.6931471805599453,6.095216269351388,-0.3181017345894741,-1.0194460782877899,-0.2403027208734387
13847.0,355,1,310.72,False,False,True,5.87493073085203,0.6931471805599453,5.74210534897536,1.5286970328524667,-1.0194460782877899,-0.5790192383086488
13848.0,2,6,2080.0,False,False,True,1.0986122886681098,1.9459101490553132,7.640603826393634,-2.3208506744639323,1.2994779980390392,1.242087828961827
13849.0,33,3,1931.35,False,False,True,3.5263605246161616,1.3862943611198906,7.566492157785367,-0.36416944209576146,0.26360245192940907,1.1709972881607311
13851.0,15,5,1955.0,False,False,True,2.772588722239781,1.791759469228055,7.578656850594762,-0.971683482208837,1.0141377287118658,1.1826660929082013
13852.0,246,1,187.35000000000002,False,False,True,5.5093883366279774,0.6931471805599453,5.23830193413805,1.2340824876445606,-1.0194460782877899,-1.0622853405406005
13855.0,136,4,1310.3400000000001,False,False,True,4.919980925828125,1.6094379124341003,7.178804794152059,0.7590404705795485,0.6766518209102622,0.7991138201454302
13856.0,99,8,753.53,False,False,True,4.605170185988092,2.1972245773362196,6.626095038848851,0.5053138867139089,1.764673005494323,0.2689350217400794
13857.0,29,6,1001.01,False,False,True,3.4011973816621555,1.9459101490553132,6.90976326163493,-0.4650466126260415,1.2994779980390392,0.5410396409538297
13859.0,165,1,314.7,False,False,True,5.111987788356544,0.6931471805599453,5.754792395563946,0.9137913705420152,-1.0194460782877899,-0.5668493732915943
13861.0,65,2,273.26,False,False,True,4.189654742026425,1.0986122886681098,5.614076561571708,0.17042278930922797,-0.26891080150533303,-0.7018289915573958
13862.0,25,1,346.73,False,False,True,3.258096538021482,0.6931471805599453,5.851426316568763,-0.5803809504052695,-1.0194460782877899,-0.4741546892699135
13863.0,101,3,933.77,False,False,True,4.624972813284271,1.3862943611198906,6.8403005097235425,0.5212741204021784,0.26360245192940907,0.47440850591604655
13864.0,22,1,662.4000000000001,False,False,True,3.1354942159291497,0.6931471805599453,6.497378126512952,-0.6791941877627027,-1.0194460782877899,0.14546519465288374
13870.0,23,7,2941.14,False,False,True,3.1780538303479458,2.0794415416798357,7.986892486704904,-0.6448926083991554,1.546650982146608,1.574260192600515
13871.0,64,4,1482.6,False,False,True,4.174387269895637,1.6094379124341003,7.302226845615436,0.1581177340561029,0.6766518209102622,0.9175046289084836
13872.0,163,3,919.57,False,False,True,5.099866427824199,1.3862943611198906,6.8249930434091866,0.9040219725817091,0.26360245192940907,0.459725041368323
13873.0,19,5,649.32,False,False,True,2.995732273553991,1.791759469228055,6.477464549438317,-0.7918374864357232,1.0141377287118658,0.12636338531429064
13874.0,140,6,1508.7,False,False,True,4.948759890378168,1.9459101490553132,7.31966623457369,0.7822353220836085,1.2994779980390392,0.9342331092620441
13875.0,23,9,3027.58,False,False,True,3.1780538303479458,2.302585092994046,8.015849141789465,-0.6448926083991554,1.959700351127462,1.6020364430669984
13877.0,106,2,332.44,False,False,True,4.672828834461906,1.0986122886681098,5.8094629391249475,0.5598444206942619,-0.26891080150533303,-0.5144074490895542
13878.0,183,3,1191.53,False,False,True,5.214935757608986,1.3862943611198906,7.083832379678763,0.9967638783020741,0.26360245192940907,0.7080129121119101
13879.0,281,1,395.5,False,False,True,5.641907070938114,0.6931471805599453,5.982676041074902,1.3408880107718675,-1.0194460782877899,-0.348255298926198
13880.0,3,5,1171.89,False,False,True,1.3862943611198906,1.791759469228055,7.06722606761508,-2.088988859585355,1.0141377287118658,0.6920835486595901
13884.0,12,5,1100.88,False,False,True,2.5649493574615367,1.791759469228055,7.004773090861635,-1.1390336390935285,1.0141377287118658,0.6321764385456846
13888.0,40,5,1563.42,False,False,True,3.713572066704308,1.791759469228055,7.355270427253743,-0.21328340479480876,1.0141377287118658,0.9683859135362285
13889.0,18,5,1574.3300000000002,False,False,True,2.9444389791664403,1.791759469228055,7.3622200531222095,-0.8331781102237836,1.0141377287118658,0.9750522411285273
13890.0,10,4,1043.57,False,False,True,2.3978952727983707,1.6094379124341003,6.951360596462858,-1.2736734618769707,0.6766518209102622,0.5809412797150953
13891.0,14,3,863.5600000000001,False,False,True,2.70805020110221,1.3862943611198906,6.76222070699491,-1.0236993013143005,0.26360245192940907,0.39951159014208143
13892.0,113,2,634.68,False,False,True,4.736198448394496,1.0986122886681098,6.454695292066289,0.6109181409624159,-0.26891080150533303,0.10452230616152261
13895.0,151,2,1415.45,False,False,True,5.0238805208462765,1.0986122886681098,7.255909020377188,0.8427799558409932,-0.26891080150533303,0.8730749283397073
13896.0,261,1,388.55,False,False,True,5.568344503761097,0.6931471805599453,5.964992226776867,1.2815991222171266,-1.0194460782877899,-0.3652182407338965
13897.0,74,2,849.56,False,False,True,4.31748811353631,1.0986122886681098,6.745894956084825,0.27345207183533093,-0.26891080150533303,0.38385135089802225
13898.0,47,1,530.47,False,False,True,3.871201010907891,0.6931471805599453,6.275646752162638,-0.08623991971089644,-1.0194460782877899,-0.06722740303308708
13900.0,25,3,869.64,False,False,True,3.258096538021482,1.3862943611198906,6.769228573387807,-0.5803809504052695,0.26360245192940907,0.4062337841108363
13901.0,10,10,2809.14,False,False,True,2.3978952727983707,2.3978952727983707,7.94098958315077,-1.2736734618769707,2.1361240451745016,1.5302284996257884
13903.0,36,1,165.45000000000002,False,False,True,3.6109179126442243,0.6931471805599453,5.114694964021034,-0.29601910765716044,-1.0194460782877899,-1.1808535298341205
13905.0,368,1,312.65,False,False,True,5.910796644040527,0.6931471805599453,5.748277714542752,1.5576037202010717,-1.0194460782877899,-0.5730984863616471
13906.0,45,1,42.0,False,False,True,3.828641396489095,0.6931471805599453,3.7612001156935624,-0.12054149907444375,-1.0194460782877899,-2.4791737882497324
13907.0,327,1,136.8,False,False,True,5.793013608384144,0.6931471805599453,4.925803358579558,1.462674661269968,-1.0194460782877899,-1.3620450565638782
13909.0,59,2,286.6,False,False,True,4.0943445622221,1.0986122886681098,5.661570625846892,0.09360607606221706,-0.26891080150533303,-0.6562710007906328
13911.0,15,11,1654.08,False,False,True,2.772588722239781,2.4849066497880004,7.411604625011482,-0.971683482208837,2.297186258929065,1.0224236738430699
13912.0,59,1,124.95,False,False,True,4.0943445622221,0.6931471805599453,4.835885002798619,0.09360607606221706,-1.0194460782877899,-1.4482979322642
13913.0,142,1,42.22,False,False,True,4.962844630259907,0.6931471805599453,3.76630335107874,0.7935871359913728,-1.0194460782877899,-2.4742785838887946
13915.0,30,1,70.80000000000001,False,False,True,3.4339872044851463,0.6931471805599453,4.273884476054179,-0.4386191478747927,-1.0194460782877899,-1.9873887681208688
13916.0,99,4,1275.81,False,False,True,4.605170185988092,1.6094379124341003,7.152120058745075,0.5053138867139089,0.6766518209102622,0.7735168756042965
13920.0,67,4,1774.68,False,False,True,4.219507705176107,1.6094379124341003,7.481938727137536,0.19448324659249747,0.6766518209102622,1.0898906389080416
13921.0,38,4,730.7,False,False,True,3.6635616461296463,1.6094379124341003,6.595370593889984,-0.25359007659558824,0.6766518209102622,0.23946304453383854
13922.0,73,2,692.95,False,False,True,4.30406509320417,1.0986122886681098,6.542399911801849,0.26263358103109885,-0.26891080150533303,0.18865168773990415
13927.0,73,1,359.27,False,False,True,4.30406509320417,0.6931471805599453,5.886853750340702,0.26263358103109885,-1.0194460782877899,-0.44017143840891215
13929.0,52,9,2651.45,False,False,True,3.970291913552122,2.302585092994046,7.883239020169096,-0.006376074427667188,1.959700351127462,1.4748321115666345
13936.0,18,2,563.08,False,False,True,2.9444389791664403,1.0986122886681098,6.335196085410785,-0.8331781102237836,-0.26891080150533303,-0.01010557074333038
13937.0,38,1,721.28,False,False,True,3.6635616461296463,0.6931471805599453,6.582412875347679,-0.25359007659558824,-1.0194460782877899,0.2270335413797551
13939.0,67,4,992.41,False,False,True,4.219507705176107,1.6094379124341003,6.901143469061078,0.19448324659249747,0.6766518209102622,0.5327712302274787
13942.0,170,1,320.0,False,False,True,5.14166355650266,0.6931471805599453,5.771441123130016,0.9377090147720976,-1.0194460782877899,-0.5508793233851755
13943.0,213,1,246.54,False,False,True,5.365976015021851,0.6931471805599453,5.511572185111876,1.118497109382521,-1.0194460782877899,-0.8001548246394448
13944.0,289,1,200.43,False,False,True,5.66988092298052,0.6931471805599453,5.3054419264903325,1.3634339694004995,-1.0194460782877899,-0.9978822788454983
13945.0,30,2,854.15,False,False,True,3.4339872044851463,1.0986122886681098,6.7512768921457,-0.4386191478747927,-0.26891080150533303,0.38901389483083876
13946.0,12,3,1314.66,False,False,True,2.5649493574615367,1.3862943611198906,7.1820937198423,-1.1390336390935285,0.26360245192940907,0.8022686743048969
13948.0,47,3,446.76,False,False,True,3.871201010907891,1.3862943611198906,6.104257374583104,-0.08623991971089644,0.26360245192940907,-0.23163017210436962
13953.0,45,5,3125.0,False,False,True,3.828641396489095,1.791759469228055,8.047509510981422,-0.12054149907444375,1.0141377287118658,1.632406191988932
13955.0,11,1,222.21,False,False,True,2.4849066497880004,0.6931471805599453,5.408113032370921,-1.2035452970874143,-1.0194460782877899,-0.8993965129902216
13957.0,53,3,458.25,False,False,True,3.9889840465642745,1.3862943611198906,6.129594724095235,0.008689139220207557,0.26360245192940907,-0.20732568789683284
13959.0,35,3,477.98,False,False,True,3.58351893845611,1.3862943611198906,6.171658842885763,-0.3181017345894741,0.26360245192940907,-0.16697629340476794
13961.0,28,1,538.4,False,False,True,3.367295829986474,0.6931471805599453,6.2904574107056295,-0.49237009243739077,-1.0194460782877899,-0.05302049411828513
13962.0,71,1,193.25,False,False,True,4.276666119016055,0.6931471805599453,5.269145989247757,0.24055095409878485,-1.0194460782877899,-1.0326986290358586
13963.0,3,14,2347.33,False,False,True,1.3862943611198906,2.70805020110221,7.761459716217248,-2.088988859585355,2.7102356279099182,1.3580170844745003
13964.0,23,2,438.9,False,False,True,3.1780538303479458,1.0986122886681098,6.086547428354674,-0.6448926083991554,-0.26891080150533303,-0.24861818058643698
13965.0,112,3,996.61,False,False,True,4.727387818712341,1.3862943611198906,6.905362418373325,0.603817077726472,0.26360245192940907,0.536818196027228
13966.0,71,1,390.86,False,False,True,4.276666119016055,0.6931471805599453,5.970904633142621,0.24055095409878485,-1.0194460782877899,-0.3595468508722143
13967.0,32,1,85.6,False,False,True,3.4965075614664802,0.6931471805599453,4.461299815568389,-0.3882298993790306,-1.0194460782877899,-1.8076133280223576
13968.0,59,1,123.66,False,False,True,4.0943445622221,0.6931471805599453,4.825590031380704,0.09360607606221706,-1.0194460782877899,-1.4581732339457731
13970.0,22,2,846.55,False,False,True,3.1354942159291497,1.0986122886681098,6.742349834564496,-0.6791941877627027,-0.26891080150533303,0.3804507446126885
13971.0,59,6,1909.31,False,False,True,4.0943445622221,1.9459101490553132,7.555020811535782,0.09360607606221706,1.2994779980390392,1.1599935660220468
13974.0,218,1,264.13,False,False,True,5.389071729816501,0.6931471805599453,5.580220271735778,1.1371114578630055,-1.0194460782877899,-0.7343051454364419
13975.0,29,6,2832.56,False,False,True,3.4011973816621555,1.9459101490553132,7.949289150610468,-0.4650466126260415,1.2994779980390392,1.5381897390662844
13976.0,142,3,834.38,False,False,True,4.962844630259907,1.3862943611198906,6.7278867111492495,0.7935871359913728,0.26360245192940907,0.3665772037172923
13977.0,47,1,519.8100000000001,False,False,True,3.871201010907891,0.6931471805599453,6.255385291938897,-0.08623991971089644,-1.0194460782877899,-0.08666291422551758
13979.0,29,6,2546.36,False,False,True,3.4011973816621555,1.9459101490553132,7.842812807747695,-0.4650466126260415,1.2994779980390392,1.4360538549500126
13980.0,75,4,599.78,False,False,True,4.330733340286331,1.6094379124341003,6.398228810947766,0.28412726715273423,0.6766518209102622,0.05035765496376444
13981.0,51,1,331.14,False,False,True,3.9512437185814275,0.6931471805599453,5.805556566778607,-0.0217282617170106,-1.0194460782877899,-0.5181545799784786
13982.0,1,6,2573.7799999999997,False,False,True,0.6931471805599453,1.9459101490553132,7.853519372554693,-2.6476415482736133,1.2994779980390392,1.4463239716070082
13984.0,2,8,1128.09,False,False,True,1.0986122886681098,2.1972245773362196,7.029167277535796,-2.3208506744639323,1.764673005494323,0.6555762075110211
13985.0,10,7,2960.73,False,False,True,2.3978952727983707,2.0794415416798357,7.9935288360476555,-1.2736734618769707,1.546650982146608,1.5806260142394113
13987.0,15,2,682.54,False,False,True,2.772588722239781,1.0986122886681098,6.527285176763272,-0.971683482208837,-0.26891080150533303,0.1741530978668667
13988.0,19,2,609.84,False,False,True,2.995732273553991,1.0986122886681098,6.4148350590849805,-0.7918374864357232,-0.26891080150533303,0.06628695709554866
13989.0,100,3,759.98,False,False,True,4.61512051684126,1.3862943611198906,6.634607076307393,0.5133335097324566,0.26360245192940907,0.27710006993843395
13992.0,16,2,142.7,False,False,True,2.833213344056216,1.0986122886681098,4.967727793084979,-0.9228221307840204,-0.26891080150533303,-1.3218296521918056
13993.0,15,10,3309.35,False,False,True,2.772588722239781,2.3978952727983707,8.10480920296228,-0.971683482208837,2.1361240451745016,1.6873700885945602
13995.0,15,9,2508.32,False,False,True,2.772588722239781,2.302585092994046,7.827767079086708,-0.971683482208837,1.959700351127462,1.4216214584415798
13996.0,22,2,895.76,False,False,True,3.1354942159291497,1.0986122886681098,6.798788267730199,-0.6791941877627027,-0.26891080150533303,0.4345884912194193
13997.0,155,3,382.31,False,False,True,5.049856007249537,1.3862943611198906,5.948844061271341,0.8637153007809296,0.26360245192940907,-0.38070813376007234
13998.0,82,3,566.7,False,False,True,4.418840607796598,1.3862943611198906,6.341593110176681,0.35513868185375624,0.26360245192940907,-0.003969317725883053
14000.0,50,4,1410.68,False,False,True,3.9318256327243257,1.6094379124341003,7.252535763473794,-0.03737856828608019,0.6766518209102622,0.8698391806898895
14001.0,9,7,2487.01,False,False,True,2.302585092994046,2.0794415416798357,7.8192384731435975,-1.3504901751239817,1.546650982146608,1.4134405171652482
14003.0,368,1,209.41,False,False,True,5.910796644040527,0.6931471805599453,5.3490580082512205,1.5576037202010717,-1.0194460782877899,-0.9560441864339551
14004.0,29,4,1675.81,False,False,True,3.4011973816621555,1.6094379124341003,7.424648457849398,-0.4650466126260415,0.6766518209102622,1.0349357808834325
14006.0,164,4,1234.48,False,False,True,5.10594547390058,1.6094379124341003,7.119214837519414,0.9089214737706007,0.6766518209102622,0.7419530204646084
14007.0,148,1,79.48,False,False,True,5.003946305945459,0.6931471805599453,4.388008706351429,0.8267136670879539,-1.0194460782877899,-1.8779167591552615
14008.0,68,1,509.04,False,False,True,4.23410650459726,0.6931471805599453,6.234489154015341,0.20624937473523788,-1.0194460782877899,-0.10670723077561294
14009.0,98,1,404.3,False,False,True,4.59511985013459,0.6931471805599453,6.004627533634263,0.49721366311890963,-1.0194460782877899,-0.32719864878268573
14010.0,201,2,445.15,False,False,True,5.308267697401205,1.0986122886681098,6.10065521834616,1.0719861984207155,-0.26891080150533303,-0.23508548811253965
14011.0,116,2,457.82,False,False,True,4.762173934797756,1.0986122886681098,6.128657976284189,0.6318534859023524,-0.26891080150533303,-0.20822424961770727
14013.0,16,2,611.5500000000001,False,False,True,2.833213344056216,1.0986122886681098,6.41763057174018,-0.9228221307840204,-0.26891080150533303,0.06896851197356474
14014.0,12,2,1443.03,False,False,True,2.5649493574615367,1.0986122886681098,7.27519309486023,-1.1390336390935285,-0.26891080150533303,0.8915728964679696
14017.0,207,1,229.75,False,False,True,5.337538079701318,0.6931471805599453,5.441334873382962,1.0955771156595069,-1.0194460782877899,-0.8675289449229369
14018.0,281,1,367.15000000000003,False,False,True,5.641907070938114,0.6931471805599453,5.908490463814726,1.3408880107718675,-1.0194460782877899,-0.419416735527278
14020.0,112,2,606.21,False,False,True,4.727387818712341,1.0986122886681098,6.408874694984015,0.603817077726472,-0.26891080150533303,0.06056956447349401
14021.0,10,4,1084.68,False,False,True,2.3978952727983707,1.6094379124341003,6.989961797773115,-1.2736734618769707,0.6766518209102622,0.6179689209523087
14022.0,122,1,352.15000000000003,False,False,True,4.812184355372417,0.6931471805599453,5.866892895854932,0.6721601577031311,-1.0194460782877899,-0.45931859791689694
14024.0,26,1,318.04,False,False,True,3.295836866004329,0.6931471805599453,5.765316486773473,-0.5499635494680514,-1.0194460782877899,-0.5567542917804773
14026.0,106,2,713.11,False,False,True,4.672828834461906,1.0986122886681098,6.571037012097961,0.5598444206942619,-0.26891080150533303,0.21612140992072112
14032.0,2,6,1874.68,False,False,True,1.0986122886681098,1.9459101490553132,7.536726539323518,-2.3208506744639323,1.2994779980390392,1.1424450513339393
14033.0,191,1,109.44,False,False,True,5.2574953720277815,0.6931471805599453,4.704472387061954,1.031065457665621,-1.0194460782877899,-1.574353573652958
14035.0,42,4,1428.7,False,False,True,3.7612001156935624,1.6094379124341003,7.2652199110351185,-0.17489684221320997,0.6766518209102622,0.8820062648571843
14037.0,114,4,689.75,False,False,True,4.74493212836325,1.6094379124341003,6.537777963803526,0.617957185386929,0.6766518209102622,0.18421815130865649
14038.0,33,2,1509.5,False,False,True,3.5263605246161616,1.0986122886681098,7.320196000826726,-0.36416944209576146,-0.26891080150533303,0.9347412798394141
14039.0,211,1,115.08000000000001,False,False,True,5.356586274672012,0.6931471805599453,4.754279608575932,1.1109293029488503,-1.0194460782877899,-1.5265767204296892
14042.0,361,1,431.98,False,False,True,5.8916442118257715,0.6931471805599453,6.070691537559284,1.5421675212929993,-1.0194460782877899,-0.26382771334551497
14043.0,127,2,304.25,False,False,True,4.852030263919617,1.0986122886681098,5.721131112990814,0.7042745838559394,-0.26891080150533303,-0.5991384692884906
14044.0,54,6,2470.28,False,False,True,4.007333185232471,1.9459101490553132,7.812491514016605,0.02347791127266091,1.2994779980390392,1.4069685946986787
14047.0,8,10,2946.42,False,False,True,2.1972245773362196,2.3978952727983707,7.988685490397723,-1.4354071119659917,2.1361240451745016,1.575980105329165
14048.0,18,2,338.76,False,False,True,2.9444389791664403,1.0986122886681098,5.828239486005016,-0.8331781102237836,-0.26891080150533303,-0.4963963194368575
14052.0,26,1,255.45,False,False,True,3.295836866004329,0.6931471805599453,5.546933713835277,-0.5499635494680514,-1.0194460782877899,-0.7662347922382359
14053.0,33,2,312.05,False,False,True,3.5263605246161616,1.0986122886681098,5.746362922191319,-0.36416944209576146,-0.26891080150533303,-0.5749352230907128
14055.0,213,2,795.3199999999999,False,False,True,5.365976015021851,1.0986122886681098,6.680001115110244,1.118497109382521,-0.26891080150533303,0.32064364179751653
14057.0,17,5,2190.88,False,False,True,2.8903717578961645,1.791759469228055,7.692514902043823,-0.876754423277733,1.0141377287118658,1.2918827736829457
14058.0,98,2,469.19,False,False,True,4.59511985013459,1.0986122886681098,6.153136868334086,0.49721366311890963,-0.26891080150533303,-0.18474322825200118
14060.0,2,13,3378.66,False,False,True,1.0986122886681098,2.6390573296152584,8.125530391701401,-2.3208506744639323,2.582526528256238,1.707246587682606
14061.0,143,3,917.4300000000001,False,False,True,4.969813299576001,1.3862943611198906,6.822665690537023,0.7992036427870438,0.26360245192940907,0.45749256195686033
14064.0,66,10,1978.68,False,False,True,4.204692619390966,2.3978952727983707,7.590690494465665,0.1825427991101455,2.1361240451745016,1.1942091908663934
14065.0,25,3,891.02,False,False,True,3.258096538021482,1.3862943611198906,6.793488553853314,-0.5803809504052695,0.26360245192940907,0.42950481772138693
14068.0,239,3,1262.52,False,False,True,5.480638923341991,1.3862943611198906,7.1416567557492705,1.2109114534387349,0.26360245192940907,0.763480104303556
14069.0,150,2,230.06,False,False,True,5.017279836814924,1.0986122886681098,5.442677417054872,0.8374600324759184,-0.26891080150533303,-0.8662411294213095
14070.0,320,1,326.55,False,False,True,5.771441123130016,0.6931471805599453,5.791640715177885,1.4452879831922025,-1.0194460782877899,-0.5315031583411144
14072.0,302,1,390.85,False,False,True,5.713732805509369,0.6931471805599453,5.9708791134988735,1.3987770722303965,-1.0194460782877899,-0.3595713302195172
14074.0,259,1,219.39999999999998,False,False,True,5.560681631015528,0.6931471805599453,5.39544407727876,1.2754231114326207,-1.0194460782877899,-0.9115490240023147
14075.0,39,3,792.61,False,False,True,3.6888794541139363,1.3862943611198906,6.676592156697725,-0.23318479774746423,0.26360245192940907,0.31737364799403933
14077.0,31,1,115.66,False,False,True,3.4657359027997265,0.6931471805599453,4.759263721325492,-0.4130307935205781,-1.0194460782877899,-1.5217957827253628
14078.0,9,4,643.26,False,False,True,2.302585092994046,1.6094379124341003,6.468102371336729,-1.3504901751239817,0.6766518209102622,0.11738285206201639
14079.0,318,1,243.63,False,False,True,5.765191102784844,0.6931471805599453,5.499746864955492,1.4402506826475105,-1.0194460782877899,-0.8114980911027458
14080.0,49,4,1070.08,False,False,True,3.912023005428146,1.6094379124341003,6.976422764203385,-0.05333880197435037,0.6766518209102622,0.6049817998083526
14082.0,28,1,231.10999999999999,False,False,True,3.367295829986474,0.6931471805599453,5.447211397229473,-0.49237009243739077,-1.0194460782877899,-0.8618919748462384
14083.0,7,3,388.83,False,False,True,2.0794415416798357,1.3862943611198906,5.965710746656891,-1.530336170897096,0.26360245192940907,-0.36452901098362334
14084.0,148,1,150.5,False,False,True,5.003946305945459,0.6931471805599453,5.020585624949423,0.8267136670879539,-1.0194460782877899,-1.2711265453345193
14086.0,98,1,39.95,False,False,True,4.59511985013459,0.6931471805599453,3.7123518102990785,0.49721366311890963,-1.0194460782877899,-2.5260308151244932
14087.0,40,2,651.8,False,False,True,3.713572066704308,1.0986122886681098,6.481270803649897,-0.21328340479480876,-0.26891080150533303,0.130014479337796
14092.0,10,10,3152.54,False,False,True,2.3978952727983707,2.3978952727983707,8.056280910342272,-1.2736734618769707,2.1361240451745016,1.6408200293219055
14094.0,75,1,335.22,False,False,True,4.330733340286331,0.6931471805599453,5.817765707604913,0.28412726715273423,-1.0194460782877899,-0.5064431391168976
14095.0,358,1,2.95,False,False,True,5.883322388488279,0.6931471805599453,1.3737155789130306,1.5354604190892172,-1.0194460782877899,-4.769333624902627
14097.0,117,2,422.85999999999996,False,False,True,4.770684624465665,1.0986122886681098,6.049403212028428,0.6387128078456773,-0.26891080150533303,-0.28424823015694684
14099.0,11,9,2661.54,False,False,True,2.4849066497880004,2.302585092994046,7.887035833379008,-1.2035452970874143,1.959700351127462,1.4784741494465268
14104.0,25,3,555.37,False,False,True,3.258096538021482,1.3862943611198906,6.3214335405510855,-0.5803809504052695,0.26360245192940907,-0.023307091843156737
14106.0,373,1,214.79999999999998,False,False,True,5.924255797414532,0.6931471805599453,5.374352052824034,1.56845133298914,-1.0194460782877899,-0.9317812418599644
14107.0,84,4,2174.07,False,False,True,4.442651256490317,1.6094379124341003,7.684816126912939,0.3743292423656113,0.6766518209102622,1.2844978355505516
14108.0,367,2,447.05,False,False,True,5.908082938168931,1.0986122886681098,6.104904833330228,1.555416566990333,-0.26891080150533303,-0.23100910671286184
14112.0,87,6,2919.44,False,False,True,4.477336814478207,1.9459101490553132,7.979489568842,0.402284604187806,1.2994779980390392,1.567159051251753
14114.0,31,5,977.5600000000001,False,False,True,3.4657359027997265,1.791759469228055,6.886082103300643,-0.4130307935205781,1.0141377287118658,0.5183238340587055
14115.0,137,2,622.6700000000001,False,False,True,4.927253685157205,1.0986122886681098,6.435621382327133,0.7649020634234969,-0.26891080150533303,0.08622593550880985
14118.0,64,1,458.45,False,False,True,4.174387269895637,0.6931471805599453,6.130030121946894,0.1581177340561029,-1.0194460782877899,-0.2069080388367144
14119.0,11,2,183.37,False,False,True,2.4849066497880004,1.0986122886681098,5.216944608082299,-1.2035452970874143,-0.26891080150533303,-1.0827720451025233
14122.0,42,3,362.42,False,False,True,3.7612001156935624,1.3862943611198906,5.895559190220911,-0.17489684221320997,0.26360245192940907,-0.4318208717489351
14123.0,369,1,436.18,False,False,True,5.91350300563827,0.6931471805599453,6.0803450096018565,1.5597849541807298,-1.0194460782877899,-0.2545677606146953
14126.0,80,1,466.33000000000004,False,False,True,4.394449154672439,0.6931471805599453,6.147035646233371,0.3354800130298892,-1.0194460782877899,-0.19059573686275855
14127.0,16,3,1190.3700000000001,False,False,True,2.833213344056216,1.3862943611198906,7.082859184417591,-0.9228221307840204,0.26360245192940907,0.7070793887043147
14128.0,187,1,286.71,False,False,True,5.236441962829949,0.6931471805599453,5.661953028382361,1.0140971369621858,-1.0194460782877899,-0.6559041867172121
14129.0,35,4,1467.48,False,False,True,3.58351893845611,1.6094379124341003,7.291983131206469,-0.3181017345894741,0.6766518209102622,0.9076784947676557
14130.0,11,3,1398.81,False,False,True,2.4849066497880004,1.3862943611198906,7.244091792107619,-1.2035452970874143,0.26360245192940907,0.861739423901207
14131.0,284,1,187.87,False,False,True,5.652489180268651,0.6931471805599453,5.241058947707755,1.3494168254237886,-1.0194460782877899,-1.05964071535071
14133.0,369,1,305.5,False,False,True,5.91350300563827,0.6931471805599453,5.725217755376266,1.5597849541807298,-1.0194460782877899,-0.5952184169850118
14136.0,36,5,1570.81,False,False,True,3.6109179126442243,1.791759469228055,7.359983100544423,-0.29601910765716044,1.0141377287118658,0.9729064768853579
14137.0,331,1,332.7,False,False,True,5.805134968916488,0.6931471805599453,5.810242385757328,1.4724440592302734,-1.0194460782877899,-0.5136597762377336
14139.0,126,3,670.98,False,False,True,4.844187086458591,1.3862943611198906,6.510228578175494,0.6979532536978602,0.26360245192940907,0.15779180361182044
14142.0,9,2,671.34,False,False,True,2.302585092994046,1.0986122886681098,6.510764164953352,-1.3504901751239817,-0.26891080150533303,0.1583055574430171
14144.0,122,1,30.599999999999998,False,False,True,4.812184355372417,0.6931471805599453,3.4531571205928664,0.6721601577031311,-1.0194460782877899,-2.7746595534866394
14147.0,24,7,2106.8,False,False,True,3.2188758248682006,2.0794415416798357,7.653400028499837,-0.6119914906626093,1.546650982146608,1.254362399822435
14148.0,50,1,309.09000000000003,False,False,True,3.9318256327243257,0.6931471805599453,5.736862577924392,-0.03737856828608019,-1.0194460782877899,-0.58404829022866
14151.0,309,2,679.45,False,False,True,5.736572297479192,1.0986122886681098,6.5227543440063265,1.4171849139630979,-0.26891080150533303,0.16980696240642965
14152.0,23,5,1376.05,False,False,True,3.1780538303479458,1.791759469228055,7.227698808890057,-0.6448926083991554,1.0141377287118658,0.8460146930435114
14153.0,119,1,233.4,False,False,True,4.787491742782046,0.6931471805599453,5.457029057702858,0.652258764750476,-1.0194460782877899,-0.8524745267498579
14157.0,25,3,569.9,False,False,True,3.258096538021482,1.3862943611198906,6.347214062970213,-0.5803809504052695,0.26360245192940907,0.001422499533310068
14159.0,15,9,3245.0,False,False,True,2.772588722239781,2.302585092994046,8.085178748074537,-0.971683482208837,1.959700351127462,1.6685398600981869
14161.0,5,5,2208.36,False,False,True,1.791759469228055,1.791759469228055,7.700458159811537,-1.7621979857756733,1.0141377287118658,1.29950222823084
14163.0,98,1,148.71,False,False,True,4.59511985013459,0.6931471805599453,5.008700089461746,0.49721366311890963,-1.0194460782877899,-1.2825275724790541
14166.0,141,2,256.85,False,False,True,4.955827057601261,1.0986122886681098,5.552378020496968,0.7879312147905524,-0.26891080150533303,-0.7610124202132265
14167.0,100,4,721.65,False,False,True,4.61512051684126,1.6094379124341003,6.582925010894851,0.5133335097324566,0.6766518209102622,0.22752479995880986
14168.0,56,2,370.45,False,False,True,4.04305126783455,1.0986122886681098,5.917414265597815,0.05226545227415695,-0.26891080150533303,-0.41085670838614274
14169.0,66,2,624.4300000000001,False,False,True,4.204692619390966,1.0986122886681098,6.438439413172899,0.1825427991101455,-0.26891080150533303,0.08892909063379585
14170.0,11,3,597.33,False,False,True,2.4849066497880004,1.3862943611198906,6.3941424412081105,-1.2035452970874143,0.26360245192940907,0.04643786419180277
14171.0,366,1,135.0,False,False,True,5.905361848054571,0.6931471805599453,4.912654885736052,1.5532234623349515,-1.0194460782877899,-1.374657538008522
14172.0,241,3,402.72,False,False,True,5.488937726156687,1.3862943611198906,6.0007215683706585,1.2176000018961897,0.26360245192940907,-0.3309453891834136
14173.0,277,2,135.16,False,False,True,5.627621113690637,1.0986122886681098,4.913830664825064,1.3293740226166515,-0.26891080150533303,-1.3735296890088955
14176.0,3,2,339.11,False,False,True,1.3862943611198906,1.0986122886681098,5.829269094697617,-2.088988859585355,-0.26891080150533303,-0.4954086822652076
14177.0,17,9,1669.93,False,False,True,2.8903717578961645,2.302585092994046,7.421135636634754,-0.876754423277733,1.959700351127462,1.0315661581968005
14180.0,8,9,1570.73,False,False,True,2.1972245773362196,2.302585092994046,7.359932202512257,-1.4354071119659917,1.959700351127462,0.9728576536878732
14181.0,46,2,310.55,False,False,True,3.8501476017100584,1.0986122886681098,5.741559838990231,-0.10320824041433209,-0.26891080150533303,-0.5795425108321732
14182.0,79,4,678.77,False,False,True,4.382026634673881,1.6094379124341003,6.521754505661576,0.32546789094079437,0.6766518209102622,0.16884788200820422
14183.0,47,2,286.29,False,False,True,3.871201010907891,1.0986122886681098,5.660492158557335,-0.08623991971089644,-0.26891080150533303,-0.6573055048611881
14186.0,63,5,1550.63,False,False,True,4.1588830833596715,1.791759469228055,7.34706127025902,0.14562189516768048,1.0141377287118658,0.9605113990200237
14187.0,109,1,123.5,False,False,True,4.700480365792417,0.6931471805599453,4.824305715904762,0.5821305999609199,-1.0194460782877899,-1.4594051948968423
14189.0,4,2,1160.31,False,False,True,1.6094379124341003,1.0986122886681098,7.05730395725399,-1.909142863812241,-0.26891080150533303,0.682565908526746
14190.0,302,1,79.9,False,False,True,5.713732805509369,0.6931471805599453,4.393213824064446,1.3987770722303965,-1.0194460782877899,-1.8729238256523382
14191.0,30,2,132.9,False,False,True,3.4339872044851463,1.0986122886681098,4.897093252697127,-0.4386191478747927,-0.26891080150533303,-1.3895848082921383
14192.0,24,1,293.74,False,False,True,3.2188758248682006,0.6931471805599453,5.686093611785117,-0.6119914906626093,-1.0194460782877899,-0.632747683003511
14193.0,32,1,356.8,False,False,True,3.4965075614664802,0.6931471805599453,5.879974171074619,-0.3882298993790306,-1.0194460782877899,-0.4467705748160942
14195.0,75,4,1603.6,False,False,True,4.330733340286331,1.6094379124341003,7.380629783319556,0.28412726715273423,0.6766518209102622,0.9927115072104898
14197.0,46,1,390.05,False,False,True,3.8501476017100584,0.6931471805599453,5.968835429047621,-0.10320824041433209,-1.0194460782877899,-0.3615317048217176
14198.0,36,5,868.33,False,False,True,3.6109179126442243,1.791759469228055,6.767722800015255,-0.29601910765716044,1.0141377287118658,0.40478939289162896
14199.0,59,3,906.3,False,False,True,4.0943445622221,1.3862943611198906,6.810473156175584,0.09360607606221706,0.26360245192940907,0.4457970506053054
14200.0,253,1,379.2,False,False,True,5.537334267018537,0.6931471805599453,5.940697430054329,1.2566059423861191,-1.0194460782877899,-0.38852267133290297
14201.0,45,3,446.1,False,False,True,3.828641396489095,1.3862943611198906,6.102782283239935,-0.12054149907444375,0.26360245192940907,-0.23304513203289537
14202.0,17,3,847.76,False,False,True,2.8903717578961645,1.3862943611198906,6.743776460835899,-0.876754423277733,0.26360245192940907,0.3818192151256272
14203.0,33,1,339.34,False,False,True,3.5263605246161616,0.6931471805599453,5.82994511794329,-0.36416944209576146,-1.0194460782877899,-0.49476021679368987
14204.0,58,3,901.9300000000001,False,False,True,4.07753744390572,1.3862943611198906,6.805645031032358,0.08006011915741833,0.26360245192940907,0.44116574174486806
14205.0,30,7,1947.5,False,False,True,3.4339872044851463,2.0794415416798357,7.574815124778764,-0.4386191478747927,1.546650982146608,1.1789809732637846
14206.0,24,2,856.85,False,False,True,3.2188758248682006,1.0986122886681098,6.754429259029435,-0.6119914906626093,-0.26891080150533303,0.39203775694022847
14207.0,323,1,157.8,False,False,True,5.780743515792329,0.6931471805599453,5.067645548813036,1.4527853904064063,-1.0194460782877899,-1.2259849974467496
14208.0,187,1,415.31,False,False,True,5.236441962829949,0.6931471805599453,6.031430175051029,1.0140971369621858,-1.0194460782877899,-0.30148860461558946
14209.0,21,9,2919.84,False,False,True,3.091042453358316,2.302585092994046,7.979626525125769,-0.7150207731887119,1.959700351127462,1.5672904245761172
14211.0,47,9,2161.19,False,False,True,3.871201010907891,2.302585092994046,7.678876875928912,-0.08623991971089644,1.959700351127462,1.278800695379013
14212.0,81,1,1119.6599999999999,False,False,True,4.406719247264253,0.6931471805599453,7.021673076442781,0.3453692838934502,-1.0194460782877899,0.6483875040506971
14213.0,40,1,1192.2,False,False,True,3.713572066704308,0.6931471805599453,7.084394052640594,-0.21328340479480876,-1.0194460782877899,0.7085516887358846
14215.0,4,4,1626.61,False,False,True,1.6094379124341003,1.6094379124341003,7.394867960124389,-1.909142863812241,0.6766518209102622,1.0063692713397452
14216.0,50,1,310.74,False,False,True,3.9318256327243257,0.6931471805599453,5.742169507060905,-0.03737856828608019,-1.0194460782877899,-0.5789576955977129
14217.0,2,7,1411.91,False,False,True,1.0986122886681098,2.0794415416798357,7.253406686388446,-2.3208506744639323,1.546650982146608,0.8706746008357492
14219.0,45,2,543.89,False,False,True,3.828641396489095,1.0986122886681098,6.300583939429462,-0.12054149907444375,-0.26891080150533303,-0.04330676864247293
14220.0,203,2,882.5999999999999,False,False,True,5.318119993844216,1.0986122886681098,6.784004471545962,1.0799268090904373,-0.26891080150533303,0.42040734963177234
14221.0,85,8,3084.69,False,False,True,4.454347296253507,2.1972245773362196,8.034530574215601,0.3837558464750486,1.764673005494323,1.619956335562376
14224.0,26,5,847.78,False,False,True,3.295836866004329,1.791759469228055,6.7438000243454495,-0.5499635494680514,1.0141377287118658,0.38184181807963685
14225.0,70,4,2037.02,False,False,True,4.2626798770413155,1.6094379124341003,7.6197340272772065,0.22927852610229346,0.6766518209102622,1.2220687775295997
14226.0,77,1,770.34,False,False,True,4.356708826689592,0.6931471805599453,6.648129262090512,0.30506261209267066,-1.0194460782877899,0.2900710300879882
14227.0,50,5,3017.75,False,False,True,3.9318256327243257,1.791759469228055,8.012598117400882,-0.03737856828608019,1.0141377287118658,1.5989179451802016
14228.0,73,3,745.5,False,False,True,4.30406509320417,1.3862943611198906,6.615395616979245,0.26263358103109885,0.26360245192940907,0.2586717568419457
14229.0,39,4,1046.84,False,False,True,3.6888794541139363,1.6094379124341003,6.954486181469743,-0.23318479774746423,0.6766518209102622,0.5839394516984272
14230.0,71,3,979.8000000000001,False,False,True,4.276666119016055,1.3862943611198906,6.888368565181947,0.24055095409878485,0.26360245192940907,0.5205170893815912
14231.0,86,1,309.91,False,False,True,4.465908118654584,0.6931471805599453,5.739503481230614,0.39307347006054943,-1.0194460782877899,-0.5815150421211989
14233.0,101,3,1441.55,False,False,True,4.624972813284271,1.3862943611198906,7.274167659826601,0.5212741204021784,0.26360245192940907,0.8905892628180191
14235.0,134,4,1573.1299999999999,False,False,True,4.90527477843843,1.6094379124341003,7.361458017688789,0.7471878236815803,0.6766518209102622,0.9743212697162142
14236.0,8,4,1253.78,False,False,True,2.1972245773362196,1.6094379124341003,7.134715537394472,-1.4354071119659917,0.6766518209102622,0.7568218414965292
14237.0,9,2,471.14,False,False,True,2.302585092994046,1.0986122886681098,6.157275551774947,-1.3504901751239817,-0.26891080150533303,-0.18077325632260788
14238.0,298,2,287.38,False,False,True,5.700443573390687,1.0986122886681098,5.6642790548785005,1.3880664101056417,-0.26891080150533303,-0.6536729796126699
14239.0,67,10,1882.3200000000002,False,False,True,4.219507705176107,2.3978952727983707,7.5407914558012985,0.19448324659249747,2.1361240451745016,1.1463442633762986
14240.0,59,1,357.15,False,False,True,4.0943445622221,0.6931471805599453,5.88095189306046,0.09360607606221706,-1.0194460782877899,-0.44583270921366225
14241.0,332,1,120.0,False,False,True,5.808142489980444,0.6931471805599453,4.795790545596741,1.4748680173387203,-1.0194460782877899,-1.4867579575089962
14244.0,296,1,366.41999999999996,False,False,True,5.6937321388027,0.6931471805599453,5.906505607880791,1.3826572256168501,-1.0194460782877899,-0.4213206797293916
14247.0,40,4,635.89,False,False,True,3.713572066704308,1.6094379124341003,6.456596956202087,-0.21328340479480876,0.6766518209102622,0.10634644984057685
14248.0,95,2,730.37,False,False,True,4.564348191467836,1.0986122886681098,6.594919487646816,0.4724127689773621,-0.26891080150533303,0.2390303274275071
14252.0,17,1,350.99,False,False,True,2.8903717578961645,0.6931471805599453,5.863602766103642,-0.876754423277733,-1.0194460782877899,-0.4624746070544224
14253.0,129,2,363.40000000000003,False,False,True,4.867534450455582,1.0986122886681098,5.898252165385803,0.7167704227443619,-0.26891080150533303,-0.42923767446797717
14254.0,68,1,601.03,False,False,True,4.23410650459726,0.6931471805599453,6.400307277954197,0.20624937473523788,-1.0194460782877899,0.05235139422640903
14255.0,182,1,1000.63,False,False,True,5.209486152841421,0.6931471805599453,6.909383951973957,0.9923716850694205,-1.0194460782877899,0.5406757936753103
14256.0,127,3,1504.93,False,False,True,4.852030263919617,1.3862943611198906,7.317165926535884,0.7042745838559394,0.26360245192940907,0.9318347251220713
14257.0,16,4,2854.73,False,False,True,2.833213344056216,1.6094379124341003,7.957082781175368,-0.9228221307840204,0.6766518209102622,1.5456656658949086
14260.0,107,3,824.28,False,False,True,4.68213122712422,1.3862943611198906,6.71572272269298,0.5673418279084664,0.26360245192940907,0.3549090746103185
14263.0,59,1,322.93,False,False,True,4.0943445622221,0.6931471805599453,5.780527443067584,0.09360607606221706,-1.0194460782877899,-0.5421634030667732
14264.0,15,4,1183.39,False,False,True,2.772588722239781,1.6094379124341003,7.076983153098244,-0.971683482208837,0.6766518209102622,0.7014428910771379
14266.0,64,1,40.56,False,False,True,4.174387269895637,0.6931471805599453,3.727138166231027,0.1581177340561029,-1.0194460782877899,-2.511847218136064
14268.0,106,1,354.85,False,False,True,4.672828834461906,0.6931471805599453,5.87450929374528,0.5598444206942619,-1.0194460782877899,-0.4520126789550235
14269.0,75,1,295.73,False,False,True,4.330733340286331,0.6931471805599453,5.692822634419859,0.28412726715273423,-1.0194460782877899,-0.6262929658564022
14271.0,45,1,106.81,False,False,True,3.828641396489095,0.6931471805599453,4.680370418551027,-0.12054149907444375,-1.0194460782877899,-1.5974730365929906
14272.0,198,2,482.85,False,False,True,5.293304824724492,1.0986122886681098,6.181774941326951,1.0599266398077916,-0.26891080150533303,-0.1572725730259638
14274.0,322,1,256.6,False,False,True,5.777652323222656,0.6931471805599453,5.551407994230199,1.4502939959540684,-1.0194460782877899,-0.7619429038090063
14275.0,31,6,1189.3799999999999,False,False,True,3.4657359027997265,1.9459101490553132,7.082027862862419,-0.4130307935205781,1.2994779980390392,0.7062819555868767
14276.0,43,4,982.94,False,False,True,3.784189633918261,1.6094379124341003,6.891564919583409,-0.1563680845004533,0.6766518209102622,0.5235831458779436
14278.0,45,1,205.83,False,False,True,3.828641396489095,0.6931471805599453,5.331897199811232,-0.12054149907444375,-1.0194460782877899,-0.9725054424749059
14279.0,156,2,191.86,False,False,True,5.056245805348308,1.0986122886681098,5.261964537082238,0.8688652573675951,-0.26891080150533303,-1.0395873326337015
14281.0,44,1,245.15,False,False,True,3.8066624897703196,0.6931471805599453,5.50594110620421,-0.13825573881636022,-1.0194460782877899,-0.8055563552264243
14283.0,99,4,628.4399999999999,False,False,True,4.605170185988092,1.6094379124341003,6.444830535200694,0.5053138867139089,0.6766518209102622,0.09505968153552395
14284.0,289,1,704.4,False,False,True,5.66988092298052,0.6931471805599453,6.558765017801951,1.3634339694004995,-1.0194460782877899,0.20434967778198462
14285.0,149,4,1374.41,False,False,True,5.0106352940962555,1.6094379124341003,7.226507147471491,0.8321047605235898,0.6766518209102622,0.8448716091501305
14290.0,49,3,2201.91,False,False,True,3.912023005428146,1.3862943611198906,7.697534492586069,-0.05333880197435037,0.26360245192940907,1.2966977429441902
14293.0,4,6,2221.37,False,False,True,1.6094379124341003,1.9459101490553132,7.706329472988882,-1.909142863812241,1.2994779980390392,1.3051342000488853
14294.0,43,1,375.34,False,False,True,3.784189633918261,0.6931471805599453,5.930492990116498,-0.1563680845004533,-1.0194460782877899,-0.3983111320082005
14295.0,74,4,2196.71,False,False,True,4.31748811353631,1.6094379124341003,7.695171188133398,0.27345207183533093,0.6766518209102622,1.2944307775017299
14296.0,57,2,456.40000000000003,False,False,True,4.060443010546419,1.0986122886681098,6.125558281588681,0.06628259625086781,-0.26891080150533303,-0.21119758669620034
14301.0,52,3,1352.04,False,False,True,3.970291913552122,1.3862943611198906,7.2101091916657865,-0.006376074427667188,0.26360245192940907,0.8291421084095418
14302.0,66,3,742.9000000000001,False,False,True,4.204692619390966,1.3862943611198906,6.611906617197296,0.1825427991101455,0.26360245192940907,0.25532498451835006
14303.0,43,2,277.94,False,False,True,3.784189633918261,1.0986122886681098,5.630996704930548,-0.1563680845004533,-0.26891080150533303,-0.6855985899971502
14304.0,15,2,1341.56,False,False,True,2.772588722239781,1.0986122886681098,7.202333518121759,-0.971683482208837,-0.26891080150533303,0.8216834065921601
14306.0,14,4,1058.0800000000002,False,False,True,2.70805020110221,1.6094379124341003,6.965155885713242,-1.0236993013143005,0.6766518209102622,0.5941742103957024
14307.0,9,5,2075.31,False,False,True,2.302585092994046,1.791759469228055,7.638347558764022,-1.3504901751239817,1.0141377287118658,1.2399235370359638
14308.0,185,2,1147.02,False,False,True,5.225746673713202,1.0986122886681098,7.045793998330545,1.0054771033114067,-0.26891080150533303,0.6715251477419482
14309.0,49,2,1428.28,False,False,True,3.912023005428146,1.0986122886681098,7.264926099953529,-0.05333880197435037,-0.26891080150533303,0.8817244308481031
14310.0,68,1,492.1,False,False,True,4.23410650459726,0.6931471805599453,6.2007119932300805,0.20624937473523788,-1.0194460782877899,-0.13910748126304942
14311.0,203,1,206.19,False,False,True,5.318119993844216,0.6931471805599453,5.333636246672391,1.0799268090904373,-1.0194460782877899,-0.9708372870526913
14312.0,14,5,1478.7,False,False,True,2.70805020110221,1.791759469228055,7.299594643508488,-1.0236993013143005,1.0141377287118658,0.9149797272999426
14314.0,66,1,109.80000000000001,False,False,True,4.204692619390966,0.6931471805599453,4.707726774313183,0.1825427991101455,-1.0194460782877899,-1.5712318499890505
14315.0,200,2,716.69,False,False,True,5.303304908059076,1.0986122886681098,6.5760377209406,1.067986361608086,-0.26891080150533303,0.22091826718608773
14316.0,58,5,1370.34,False,False,True,4.07753744390572,1.791759469228055,7.223543642981688,0.08006011915741833,1.0141377287118658,0.8420289105467545
14318.0,96,1,158.02,False,False,True,4.574710978503383,0.6931471805599453,5.069029980473338,0.4807648174341348,-1.0194460782877899,-1.2246570015011549
14319.0,60,1,494.85,False,False,True,4.110873864173311,0.6931471805599453,6.206273461632134,0.10692812257148,-1.0194460782877899,-0.1337727235416982
14320.0,182,3,868.96,False,False,True,5.209486152841421,1.3862943611198906,6.76844723358016,0.9923716850694205,0.26360245192940907,0.4054842952581614
14321.0,67,2,687.3100000000001,False,False,True,4.219507705176107,1.0986122886681098,6.534239317847378,0.19448324659249747,-0.26891080150533303,0.18082375661413322
14322.0,65,4,474.1,False,False,True,4.189654742026425,1.6094379124341003,6.163525308192876,0.17042278930922797,0.6766518209102622,-0.17477826832720725
14324.0,45,2,701.61,False,False,True,3.828641396489095,1.0986122886681098,6.554801972579857,-0.12054149907444375,-0.26891080150533303,0.2005481842608085
14325.0,205,1,245.48000000000002,False,False,True,5.327876168789581,0.6931471805599453,5.507280854288412,1.0877899491527518,-1.0194460782877899,-0.8042712213516683
14326.0,99,2,757.13,False,False,True,4.605170185988092,1.0986122886681098,6.630854874895033,0.5053138867139089,-0.26891080150533303,0.2735008252768509
14327.0,18,5,1583.28,False,False,True,2.9444389791664403,1.791759469228055,7.367885324429574,-0.8331781102237836,1.0141377287118658,0.9804865702778855
14328.0,74,1,445.05,False,False,True,4.31748811353631,0.6931471805599453,6.1004310533597925,0.27345207183533093,-1.0194460782877899,-0.2353005151171777
14330.0,259,1,200.63,False,False,True,5.560681631015528,0.6931471805599453,5.3064343346499845,1.2754231114326207,-1.0194460782877899,-0.9969303257443207
14332.0,17,2,1077.2,False,False,True,2.8903717578961645,1.0986122886681098,6.983048263017569,-0.876754423277733,-0.26891080150533303,0.6113372132354467
14334.0,61,4,1766.27,False,False,True,4.127134385045092,1.6094379124341003,7.477191262004992,0.12003354081346623,0.6766518209102622,1.0853367019903502
14338.0,172,1,339.88,False,False,True,5.153291594497779,0.6931471805599453,5.831530509191657,0.9470808118050087,-1.0194460782877899,-0.49323945328445845
14339.0,64,1,310.75,False,False,True,4.174387269895637,0.6931471805599453,5.742201584560146,0.1581177340561029,-1.0194460782877899,-0.5789269257228551
14341.0,56,10,2285.04,False,False,True,4.04305126783455,2.3978952727983707,7.734576342014444,0.05226545227415695,2.1361240451745016,1.3322295985559556
14342.0,68,2,249.88,False,False,True,4.23410650459726,1.0986122886681098,5.524974737162043,0.20624937473523788,-0.26891080150533303,-0.7872986214091898
14343.0,57,4,1088.91,False,False,True,4.060443010546419,1.6094379124341003,6.993850403006858,0.06628259625086781,0.6766518209102622,0.6216990089967429
14344.0,3,14,2443.77,False,False,True,1.3862943611198906,2.70805020110221,7.801706327954505,-2.088988859585355,2.7102356279099182,1.3966230617455908
14346.0,61,3,1294.17,False,False,True,4.127134385045092,1.3862943611198906,7.166397239649218,0.12003354081346623,0.26360245192940907,0.7872120538488381
14347.0,372,1,82.6,False,False,True,5.921578419643816,0.6931471805599453,4.426043520090656,1.5662934589730666,-1.0194460782877899,-1.8414324169623646
14350.0,16,2,689.1,False,False,True,2.833213344056216,1.0986122886681098,6.536836514626557,-0.9228221307840204,-0.26891080150533303,0.18331507987086076
14353.0,46,2,285.9,False,False,True,3.8501476017100584,1.0986122886681098,5.659133722987319,-0.10320824041433209,-0.26891080150533303,-0.6586085644350637
14355.0,1,3,840.0500000000001,False,False,True,0.6931471805599453,1.3862943611198906,6.734651111237791,-2.6476415482736133,0.26360245192940907,0.37306585617269994
14358.0,25,2,400.06,False,False,True,3.258096538021482,1.0986122886681098,5.994111042048887,-0.5803809504052695,-0.26891080150533303,-0.33728644046480627
14361.0,214,1,214.70999999999998,False,False,True,5.3706380281276624,0.6931471805599453,5.373934913006625,1.1222545309364214,-1.0194460782877899,-0.9321813771661334
14363.0,38,2,227.47000000000003,False,False,True,3.6635616461296463,1.0986122886681098,5.431404910686392,-0.25359007659558824,-0.26891080150533303,-0.8770541172944456
14365.0,30,2,634.68,False,False,True,3.4339872044851463,1.0986122886681098,6.454695292066289,-0.4386191478747927,-0.26891080150533303,0.10452230616152261
14366.0,161,1,136.0,False,False,True,5.087596335232384,0.6931471805599453,4.919980925828125,0.8941327017181474,-1.0194460782877899,-1.367630140543909
14369.0,278,2,469.13,False,False,True,5.631211781821365,1.0986122886681098,6.153009252203234,1.3322679771210877,-0.26891080150533303,-0.18486564217045134
14370.0,86,6,1175.78,False,False,True,4.465908118654584,1.9459101490553132,7.070537173901474,0.39307347006054943,1.2994779980390392,0.6952596792334927
14372.0,79,2,860.08,False,False,True,4.382026634673881,1.0986122886681098,6.758187415326246,0.32546789094079437,-0.26891080150533303,0.3956427137381584
14374.0,177,1,108.0,False,False,True,5.181783550292085,0.6931471805599453,4.6913478822291435,0.9700443441642078,-1.0194460782877899,-1.586943064131749
14375.0,86,2,875.31,False,False,True,4.465908118654584,1.0986122886681098,6.775719909613719,0.39307347006054943,-0.26891080150533303,0.41246050402536255
14376.0,319,1,215.46,False,False,True,5.768320995793772,0.6931471805599453,5.377405772867,1.4427732683173122,-1.0194460782877899,-0.9288520052986196
14378.0,257,1,131.25,False,False,True,5.552959584921617,0.6931471805599453,4.8846940707384086,1.2691994089729892,-1.0194460782877899,-1.4014785433474863
14379.0,29,2,920.81,False,False,True,3.4011973816621555,1.0986122886681098,6.826339128567769,-0.4650466126260415,-0.26891080150533303,0.46101625398956014
14380.0,318,1,48.96,False,False,True,5.765191102784844,0.6931471805599453,3.911222685257377,1.4402506826475105,-1.0194460782877899,-2.3352668191726393
14381.0,87,1,428.65999999999997,False,False,True,4.477336814478207,0.6931471805599453,6.062994198246903,0.402284604187806,-1.0194460782877899,-0.2712112741898821
14382.0,26,1,620.73,False,False,True,3.295836866004329,0.6931471805599453,6.432505914896334,-0.5499635494680514,-1.0194460782877899,0.08323746866326634
14384.0,136,1,58.5,False,False,True,4.919980925828125,0.6931471805599453,4.085976312551584,0.7590404705795485,-1.0194460782877899,-2.167636942466388
14388.0,8,9,3488.16,False,False,True,2.1972245773362196,2.302585092994046,8.157416298547462,-1.4354071119659917,1.959700351127462,1.737832680320749
14389.0,60,3,854.55,False,False,True,4.110873864173311,1.3862943611198906,6.751744536977979,0.10692812257148,0.26360245192940907,0.3894624763383643
14390.0,8,5,1747.01,False,False,True,2.1972245773362196,1.791759469228055,7.466233277022916,-1.4354071119659917,1.0141377287118658,1.0748254141851363
14391.0,212,1,135.6,False,False,True,5.3612921657094255,0.6931471805599453,4.91705694713669,1.114722088600234,-1.0194460782877899,-1.3704349245997607
14392.0,68,1,266.4,False,False,True,4.23410650459726,0.6931471805599453,5.588745664667843,0.20624937473523788,-1.0194460782877899,-0.7261272861942503
14394.0,200,1,93.8,False,False,True,5.303304908059076,0.6931471805599453,4.551769409260976,1.067986361608086,-1.0194460782877899,-1.720831685368261
14396.0,7,6,1633.94,False,False,True,2.0794415416798357,1.9459101490553132,7.399361385410287,-1.530336170897096,1.2994779980390392,1.0106795242273467
14398.0,37,2,707.79,False,False,True,3.6375861597263857,1.0986122886681098,6.563559290839203,-0.27452542153552467,-0.26891080150533303,0.20894851450185212
14399.0,30,8,2113.16,False,False,True,3.4339872044851463,2.1972245773362196,7.65641284946965,-0.4386191478747927,1.764673005494323,1.2572524045423799
14400.0,44,2,1157.77,False,False,True,3.8066624897703196,1.0986122886681098,7.055114376709538,-0.13825573881636022,-0.26891080150533303,0.6804655852179373
14401.0,60,9,2744.42,False,False,True,4.110873864173311,2.302585092994046,7.91768934770397,0.10692812257148,1.959700351127462,1.507878087473266
14402.0,288,1,285.6,False,False,True,5.666426688112432,0.6931471805599453,5.6580875153940715,1.3606499753938315,-1.0194460782877899,-0.6596121238608712
14403.0,225,2,404.7,False,False,True,5.420534999272286,1.0986122886681098,6.005613970212401,1.162469766414731,-0.26891080150533303,-0.3262524238342704
14404.0,5,8,1424.79,False,False,True,1.791759469228055,2.1972245773362196,7.262481325052536,-1.7621979857756733,1.764673005494323,0.8793793160623711
14405.0,22,1,195.0,False,False,True,3.1354942159291497,0.6931471805599453,5.278114659230517,-0.6791941877627027,-1.0194460782877899,-1.0240955627264077
14408.0,107,4,1503.2400000000002,False,False,True,4.68213122712422,1.6094379124341003,7.316043066247219,0.5673418279084664,0.6766518209102622,0.930757637712433
14409.0,4,5,1696.64,False,False,True,1.6094379124341003,1.791759469228055,7.436994330258844,-1.909142863812241,1.0141377287118658,1.046778379528566
14410.0,12,2,1546.07,False,False,True,2.5649493574615367,1.0986122886681098,7.344118098418146,-1.1390336390935285,-0.26891080150533303,0.9576882042145709
14412.0,60,1,656.16,False,False,True,4.110873864173311,0.6931471805599453,6.487927520038136,0.10692812257148,-1.0194460782877899,0.13639983776901393
14413.0,46,3,647.67,False,False,True,3.8501476017100584,1.3862943611198906,6.4749241128107835,-0.10320824041433209,0.26360245192940907,0.12392650840794404
14414.0,10,1,902.35,False,False,True,2.3978952727983707,0.6931471805599453,6.806110075219936,-1.2736734618769707,-1.0194460782877899,0.44161182862176845
14417.0,23,1,604.2,False,False,True,3.1780538303479458,0.6931471805599453,6.405558981914201,-0.6448926083991554,-1.0194460782877899,0.05738901490956096
14419.0,18,1,202.85,False,False,True,2.9444389791664403,0.6931471805599453,5.317384429265262,-0.8331781102237836,-1.0194460782877899,-0.986426606658762
14420.0,32,3,1251.65,False,False,True,3.4965075614664802,1.3862943611198906,7.133016586267348,-0.3882298993790306,0.26360245192940907,0.7551921473243431
14421.0,148,4,1656.26,False,False,True,5.003946305945459,1.6094379124341003,7.412920915195919,0.8267136670879539,0.6766518209102622,1.0236863060684673
14423.0,73,2,651.41,False,False,True,4.30406509320417,1.0986122886681098,6.480673198649006,0.26263358103109885,-0.26891080150533303,0.12944123542767239
14425.0,70,3,661.39,False,False,True,4.2626798770413155,1.3862943611198906,6.495854506338738,0.22927852610229346,0.26360245192940907,0.14400368414860792
14427.0,130,2,900.1800000000001,False,False,True,4.875197323201151,1.0986122886681098,6.803705015679784,0.7229464335288678,-0.26891080150533303,0.4393048102186067
14429.0,39,1,516.28,False,False,True,3.6888794541139363,0.6931471805599453,6.248584313977123,-0.23318479774746423,-1.0194460782877899,-0.09318665347411564
14430.0,147,3,1220.9,False,False,True,4.997212273764115,1.3862943611198906,7.108162303322477,0.821286269719357,0.26360245192940907,0.7313510376994375
14431.0,15,3,2143.84,False,False,True,2.772588722239781,1.3862943611198906,7.670820236505398,-0.971683482208837,0.26360245192940907,1.2710724811259453
14433.0,101,1,289.6,False,False,True,4.624972813284271,0.6931471805599453,5.671947751136183,0.5212741204021784,-1.0194460782877899,-0.6463168942021578
14435.0,137,1,90.42,False,False,True,4.927253685157205,0.6931471805599453,4.515464272903598,0.7649020634234969,-1.0194460782877899,-1.7556568596757742
14436.0,189,1,182.64000000000001,False,False,True,5.247024072160486,0.6931471805599453,5.212977319381022,1.022625951614107,-1.0194460782877899,-1.0865776091194215
14437.0,1,5,895.84,False,False,True,0.6931471805599453,1.791759469228055,6.798877473796271,-2.6476415482736133,1.0141377287118658,0.4346740608415701
14441.0,10,7,2898.8,False,False,True,2.3978952727983707,2.0794415416798357,7.9723970480790936,-1.2736734618769707,1.546650982146608,1.5603556538091297
14443.0,4,2,966.27,False,False,True,1.6094379124341003,1.0986122886681098,6.874477670544418,-1.909142863812241,-0.26891080150533303,0.5071924506231158
14444.0,92,1,132.04,False,False,True,4.532599493153256,0.6931471805599453,4.890649834884672,0.44682441462314787,-1.0194460782877899,-1.395765563165113
14445.0,91,1,221.65,False,False,True,4.5217885770490405,0.6931471805599453,5.405601031767711,0.4381111896138152,-1.0194460782877899,-0.901806113053591
14446.0,22,1,201.73,False,False,True,3.1354942159291497,0.6931471805599453,5.311875044480103,-0.6791941877627027,-1.0194460782877899,-0.9917114039277122
14447.0,36,1,548.5,False,False,True,3.6109179126442243,0.6931471805599453,6.309008773843676,-0.29601910765716044,-1.0194460782877899,-0.03522536869677875
14449.0,8,5,1575.7,False,False,True,2.1972245773362196,1.791759469228055,7.363089334243436,-1.4354071119659917,1.0141377287118658,0.97588608640791
14450.0,15,4,645.19,False,False,True,2.772588722239781,1.6094379124341003,6.4710935781855445,-0.971683482208837,0.6766518209102622,0.12025212375058408
14451.0,25,10,2646.18,False,False,True,3.258096538021482,2.3978952727983707,7.881250201426248,-0.5803809504052695,2.1361240451745016,1.472924366097675
14452.0,31,2,401.15,False,False,True,3.4657359027997265,1.0986122886681098,5.996825153350078,-0.4130307935205781,-0.26891080150533303,-0.3346829686523462
14454.0,12,5,977.3,False,False,True,2.5649493574615367,1.791759469228055,6.885816371463383,-1.1390336390935285,1.0141377287118658,0.5180689346565786
14455.0,68,4,628.21,False,False,True,4.23410650459726,1.6094379124341003,6.444465064255539,0.20624937473523788,0.6766518209102622,0.0947091088439886
14458.0,16,1,237.42,False,False,True,2.833213344056216,0.6931471805599453,5.474033824289855,-0.9228221307840204,-1.0194460782877899,-0.8361629515881133
14459.0,287,1,3537.821,False,False,True,5.662960480135946,0.6931471805599453,8.171548899806611,1.3578563314753027,-1.0194460782877899,1.7513891726424868
14460.0,32,6,659.16,False,False,True,3.4965075614664802,1.9459101490553132,6.492482229882887,-0.3882298993790306,1.2994779980390392,0.14076887697884335
14462.0,68,1,265.99,False,False,True,4.23410650459726,0.6931471805599453,5.587211204515341,0.20624937473523788,-1.0194460782877899,-0.7275991947901249
14463.0,135,1,256.95,False,False,True,4.912654885736052,0.6931471805599453,5.5527657676906585,0.7531359352807564,-1.0194460782877899,-0.7606404793540982
14464.0,204,2,111.0,False,False,True,5.3230099791384085,1.0986122886681098,4.718498871295094,1.083867968354823,-0.26891080150533303,-1.5608988725458672
14465.0,64,8,2887.4100000000003,False,False,True,4.174387269895637,2.1972245773362196,7.968461456695393,0.1581177340561029,1.764673005494323,1.5565804949833546
14466.0,8,7,2374.5,False,False,True,2.1972245773362196,2.0794415416798357,7.772963220626976,-1.4354071119659917,1.546650982146608,1.3690516538608408
14467.0,25,8,1622.23,False,False,True,3.258096538021482,2.1972245773362196,7.392173270351657,-0.5803809504052695,1.764673005494323,1.003784429346141
14468.0,369,1,204.24,False,False,True,5.91350300563827,0.6931471805599453,5.324180026073764,1.5597849541807298,-1.0194460782877899,-0.9799080292032183
14469.0,52,4,2112.21,False,False,True,3.970291913552122,1.6094379124341003,7.655963397438722,-0.006376074427667188,0.6766518209102622,1.2568212742150935
14470.0,66,1,250.85,False,False,True,4.204692619390966,0.6931471805599453,5.528833672191659,0.1825427991101455,-1.0194460782877899,-0.7835969940767683
14471.0,227,2,400.95,False,False,True,5.429345628954441,1.0986122886681098,5.99632770277397,1.1695708296506748,-0.26891080150533303,-0.33516014088637414
14472.0,325,1,291.38,False,False,True,5.786897381366708,0.6931471805599453,5.67805432608347,1.4577451935266839,-1.0194460782877899,-0.6404592509511375
14474.0,215,1,730.42,False,False,True,5.375278407684165,0.6931471805599453,6.594987850159575,1.1259945165967253,-1.0194460782877899,0.23909590317413149
14475.0,44,1,225.3,False,False,True,3.8066624897703196,0.6931471805599453,5.421861552639491,-0.13825573881636022,-1.0194460782877899,-0.88620844477557
14477.0,72,3,660.0,False,False,True,4.290459441148391,1.3862943611198906,6.493753839851686,0.25166789536506495,0.26360245192940907,0.14198865035687663
14478.0,18,4,1276.66,False,False,True,2.9444389791664403,1.6094379124341003,7.152785558853802,-0.8331781102237836,0.6766518209102622,0.7741552469096666
14479.0,1,3,982.86,False,False,True,0.6931471805599453,1.3862943611198906,6.891483610507239,-2.6476415482736133,0.26360245192940907,0.5235051513285622
14480.0,38,3,1020.47,False,False,True,3.6635616461296463,1.3862943611198906,6.928998045250788,-0.25359007659558824,0.26360245192940907,0.5594903275342544
14481.0,43,3,1674.98,False,False,True,3.784189633918261,1.3862943611198906,7.4241533477966035,-0.1563680845004533,0.26360245192940907,1.0344608537623707
14482.0,15,6,2289.76,False,False,True,2.772588722239781,1.9459101490553132,7.736638919218311,-0.971683482208837,1.2994779980390392,1.3342080957564706
14483.0,372,1,120.0,False,False,True,5.921578419643816,0.6931471805599453,4.795790545596741,1.5662934589730666,-1.0194460782877899,-1.4867579575089962
14484.0,37,3,749.0600000000001,False,False,True,3.6375861597263857,1.3862943611198906,6.620153203330527,-0.27452542153552467,0.26360245192940907,0.2632354023915861
14486.0,147,2,175.5,False,False,True,4.997212273764115,1.0986122886681098,5.173320876373351,0.821286269719357,-0.26891080150533303,-1.124617475615541
14487.0,4,2,257.28000000000003,False,False,True,1.6094379124341003,1.0986122886681098,5.554044267758266,-1.909142863812241,-0.26891080150533303,-0.7594140967489392
14489.0,73,3,1111.55,False,False,True,4.30406509320417,1.3862943611198906,7.014409956850677,0.26263358103109885,0.26360245192940907,0.6414204621610461
14490.0,42,2,1273.47,False,False,True,3.7612001156935624,1.0986122886681098,7.150285684896527,-0.17489684221320997,-0.26891080150533303,0.7717572791551339
14491.0,8,1,127.2,False,False,True,2.1972245773362196,0.6931471805599453,4.853591544486569,-1.4354071119659917,-1.0194460782877899,-1.4313131895380984
14492.0,66,7,1921.91,False,False,True,4.204692619390966,2.0794415416798357,7.561594942621463,0.1825427991101455,1.546650982146608,1.1662997057022726
14493.0,26,5,2746.91,False,False,True,3.295836866004329,1.791759469228055,7.918595901714208,-0.5499635494680514,1.0141377287118658,1.5087476862296223
14494.0,37,2,261.9,False,False,True,3.6375861597263857,1.0986122886681098,5.571773731735836,-0.27452542153552467,-0.26891080150533303,-0.742407366149726
14495.0,295,1,51.0,False,False,True,5.69035945432406,0.6931471805599453,3.9512437185814275,1.379938958407616,-1.0194460782877899,-2.296877224715336
14496.0,9,6,2129.42,False,False,True,2.302585092994046,1.9459101490553132,7.66407442236403,-1.3504901751239817,1.2994779980390392,1.2646016569701923
14497.0,309,1,221.69,False,False,True,5.736572297479192,0.6931471805599453,5.405780669797565,1.4171849139630979,-1.0194460782877899,-0.9016337978847305
14498.0,37,5,1953.95,False,False,True,3.6375861597263857,1.791759469228055,7.578119896644838,-0.27452542153552467,1.0141377287118658,1.1821510276370748
14499.0,10,4,1323.65,False,False,True,2.3978952727983707,1.6094379124341003,7.188903552582921,-1.2736734618769707,0.6766518209102622,0.808800907371388
14506.0,5,3,1278.5,False,False,True,1.791759469228055,1.3862943611198906,7.154224655599844,-1.7621979857756733,0.26360245192940907,0.7755356795441276
14507.0,14,5,1901.25,False,False,True,2.70805020110221,1.791759469228055,7.550792675056632,-1.0236993013143005,1.0141377287118658,1.1559377875659929
14508.0,12,3,598.52,False,False,True,2.5649493574615367,1.3862943611198906,6.396129335045377,-1.1390336390935285,0.26360245192940907,0.04834376322306428
14509.0,170,1,110.95,False,False,True,5.14166355650266,0.6931471805599453,4.718052343044764,0.9377090147720976,-1.0194460782877899,-1.561327198279116
14510.0,11,3,1007.28,False,False,True,2.4849066497880004,1.3862943611198906,6.916001187835988,-1.2035452970874143,0.26360245192940907,0.5470232809856655
14512.0,19,5,948.19,False,False,True,2.995732273553991,1.791759469228055,6.855608989318586,-0.7918374864357232,1.0141377287118658,0.4890929424385405
14513.0,72,3,332.42,False,False,True,4.290459441148391,1.3862943611198906,5.809402956519885,0.25166789536506495,0.26360245192940907,-0.5144649865315336
14514.0,72,6,3543.63,False,False,True,4.290459441148391,1.9459101490553132,8.173189061163624,0.25166789536506495,1.2994779980390392,1.7529624735822813
14515.0,23,6,1647.17,False,False,True,3.1780538303479458,1.9459101490553132,7.4074208604890766,-0.6448926083991554,1.2994779980390392,1.018410458541518
14516.0,152,1,163.92,False,False,True,5.030437921392435,0.6931471805599453,5.105460507838699,0.84806499421186,-1.0194460782877899,-1.1897115476919586
14519.0,319,2,206.09,False,False,True,5.768320995793772,1.0986122886681098,5.333153481383494,1.4427732683173122,-0.26891080150533303,-0.971300372638432
14521.0,127,1,199.45000000000002,False,False,True,4.852030263919617,0.6931471805599453,5.300564839088516,0.7042745838559394,-1.0194460782877899,-1.002560554040758
14522.0,231,4,784.08,False,False,True,5.44673737166631,1.6094379124341003,6.665785623417879,1.1835879736273858,0.6766518209102622,0.3070076380326385
14524.0,45,4,1066.03,False,False,True,3.828641396489095,1.6094379124341003,6.972634367120183,-0.12054149907444375,0.6766518209102622,0.6013478349756666
14526.0,25,1,262.4,False,False,True,3.258096538021482,0.6931471805599453,5.573673789309181,-0.5803809504052695,-1.0194460782877899,-0.7405847635423513
14530.0,32,10,3271.4900000000002,False,False,True,3.4965075614664802,2.3978952727983707,8.093306442011624,-0.3882298993790306,2.1361240451745016,1.6763362323605282
14531.0,115,1,376.34,False,False,True,4.7535901911063645,0.6931471805599453,5.933146637783467,0.6249352849391268,-1.0194460782877899,-0.39576565905794886
14532.0,47,7,2926.33,False,False,True,3.871201010907891,2.0794415416798357,7.981846023760124,-0.08623991971089644,1.546650982146608,1.5694194463777658
14533.0,43,4,1516.65,False,False,True,3.784189633918261,1.6094379124341003,7.324918364836111,-0.1563680845004533,0.6766518209102622,0.9392711388695929
14534.0,33,8,1824.06,False,False,True,3.5263605246161616,2.1972245773362196,7.509368142188493,-0.36416944209576146,1.764673005494323,1.1162019065727495
14535.0,31,6,3166.54,False,False,True,3.4657359027997265,1.9459101490553132,8.06071054037128,-0.4130307935205781,1.2994779980390392,1.6450690875366851
14537.0,259,1,285.84000000000003,False,False,True,5.560681631015528,0.6931471805599453,5.658924569014374,1.2754231114326207,-1.0194460782877899,-0.6588091923432804
14538.0,166,3,982.59,False,False,True,5.117993812416755,1.3862943611198906,6.891209143555911,0.9186320185077952,0.26360245192940907,0.5232418728952425
14540.0,15,8,2799.08,False,False,True,2.772588722239781,2.1972245773362196,7.937403267183711,-0.971683482208837,1.764673005494323,1.5267883781662455
14541.0,52,6,1038.03,False,False,True,3.970291913552122,1.9459101490553132,6.946042864599612,-0.006376074427667188,1.2994779980390392,0.575840322725561
14544.0,106,1,957.98,False,False,True,4.672828834461906,0.6931471805599453,6.865870219608617,0.5598444206942619,-1.0194460782877899,0.4989358784336624
14545.0,310,1,349.25,False,False,True,5.739792912179234,0.6931471805599453,5.858647185217117,1.4197806181827326,-1.0194460782877899,-0.46722817598388194
14546.0,12,6,2619.81,False,False,True,2.5649493574615367,1.9459101490553132,7.871238709280286,-1.1390336390935285,1.2994779980390392,1.4633209877869757
14548.0,120,7,1974.69,False,False,True,4.795790545596741,2.0794415416798357,7.588672983409359,0.6589473132079308,1.546650982146608,1.1922739227128305
14549.0,56,3,627.3100000000001,False,False,True,4.04305126783455,1.3862943611198906,6.443033675245956,0.05226545227415695,0.26360245192940907,0.09333606974368361
14550.0,24,2,587.69,False,False,True,3.2188758248682006,1.0986122886681098,6.377899729309341,-0.6119914906626093,-0.26891080150533303,0.03085727891226548
14551.0,47,5,693.81,False,False,True,3.871201010907891,1.791759469228055,6.54363842689435,-0.08623991971089644,1.0141377287118658,0.18983971533892638
14552.0,16,2,346.21,False,False,True,2.833213344056216,1.0986122886681098,5.849929784214748,-0.9228221307840204,-0.26891080150533303,-0.4755902161764205
14553.0,47,4,982.27,False,False,True,3.871201010907891,1.6094379124341003,6.890883751811889,-0.08623991971089644,0.6766518209102622,0.5229297455947897
14555.0,17,4,1991.49,False,False,True,2.8903717578961645,1.6094379124341003,7.597140391831199,-0.876754423277733,0.6766518209102622,1.2003961611564702
14556.0,232,3,835.34,False,False,True,5.4510384535657,1.3862943611198906,6.72903522896985,1.1870544970941936,0.26360245192940907,0.3676789027414736
14558.0,290,3,655.5,False,False,True,5.673323267171493,1.3862943611198906,6.486922693742851,1.3662083799320754,0.26360245192940907,0.135435972751744
14559.0,26,1,75.6,False,False,True,3.295836866004329,0.6931471805599453,4.338597076746545,-0.5499635494680514,-1.0194460782877899,-1.9253141465901844
14562.0,26,8,1654.63,False,False,True,3.295836866004329,2.1972245773362196,7.411936880029324,-0.5499635494680514,1.764673005494323,1.0227423846391674
14563.0,145,2,679.44,False,False,True,4.983606621708336,1.0986122886681098,6.522739647741382,0.8103205840533239,-0.26891080150533303,0.1697928652279113
14565.0,109,1,760.1,False,False,True,4.700480365792417,0.6931471805599453,6.634764755273346,0.5821305999609199,-1.0194460782877899,0.277251321194451
14569.0,88,3,371.59,False,False,True,4.48863636973214,1.3862943611198906,5.920478619374696,0.4113916554759489,0.26360245192940907,-0.40791727157011565
14570.0,79,1,395.69,False,False,True,4.382026634673881,0.6931471805599453,5.983155119236841,0.32546789094079437,-1.0194460782877899,-0.3477957501633948
14571.0,61,1,161.65,False,False,True,4.127134385045092,0.6931471805599453,5.091600652919361,0.12003354081346623,-1.0194460782877899,-1.2030064120519626
14572.0,53,4,2782.34,False,False,True,3.9889840465642745,1.6094379124341003,7.931406924383504,0.008689139220207557,0.6766518209102622,1.5210364734999409
14573.0,8,5,968.0,False,False,True,2.1972245773362196,1.791759469228055,6.876264611890766,-1.4354071119659917,1.0141377287118658,0.5089065481340385
14574.0,368,1,143.70000000000002,False,False,True,5.910796644040527,0.6931471805599453,4.974662633637438,1.5576037202010717,-1.0194460782877899,-1.315177507198963
14575.0,124,1,460.71,False,False,True,4.8283137373023015,0.6931471805599453,6.134936988364375,0.6851598824870228,-1.0194460782877899,-0.20220119855355626
14576.0,8,1,35.400000000000006,False,False,True,2.1972245773362196,0.6931471805599453,3.594568774642695,-1.4354071119659917,-1.0194460782877899,-2.6390124799452614
14577.0,30,3,514.54,False,False,True,3.4339872044851463,1.3862943611198906,6.245214895015092,-0.4386191478747927,0.26360245192940907,-0.09641871963447061
14579.0,68,1,105.56,False,False,True,4.23410650459726,0.6931471805599453,4.668708206792079,0.20624937473523788,-1.0194460782877899,-1.6086598436970476
14580.0,154,1,14.850000000000001,False,False,True,5.043425116919247,0.6931471805599453,2.76316950032329,0.858532225274839,-1.0194460782877899,-3.436520148345165
14581.0,180,1,295.2,False,False,True,5.198497031265826,0.6931471805599453,5.6910349018336985,0.9835148326047404,-1.0194460782877899,-0.6280078223526131
14583.0,19,3,728.48,False,False,True,2.995732273553991,1.3862943611198906,6.592331951548632,-0.7918374864357232,0.26360245192940907,0.23654827103859205
14584.0,57,4,705.65,False,False,True,4.060443010546419,1.6094379124341003,6.56053549381416,0.06628259625086781,0.6766518209102622,0.20604798116047923
14585.0,18,4,986.22,False,False,True,2.9444389791664403,1.6094379124341003,6.894892912265193,-0.8331781102237836,0.6766518209102622,0.5267754744811576
14588.0,214,1,135.39,False,False,True,5.3706380281276624,0.6931471805599453,4.915518428938784,1.1222545309364214,-1.0194460782877899,-1.3719107258166998
14589.0,7,1,39.75,False,False,True,2.0794415416798357,0.6931471805599453,3.7074558396868715,-1.530336170897096,-1.0194460782877899,-2.5307272037648274
14590.0,60,20,3006.62,False,False,True,4.110873864173311,3.044522437723423,8.008904347302217,0.10692812257148,3.333061805038695,1.595374749906903
14593.0,33,9,3094.02,False,False,True,3.5263605246161616,2.302585092994046,8.037549647133359,-0.36416944209576146,1.959700351127462,1.6228523373725061
14594.0,9,1,255.0,False,False,True,2.302585092994046,0.6931471805599453,5.545177444479562,-1.3504901751239817,-1.0194460782877899,-0.7679194680880014
14595.0,89,2,423.85,False,False,True,4.499809670330265,1.0986122886681098,6.05173616544955,0.4203969498718987,-0.26891080150533303,-0.2820103785003068
14596.0,262,1,229.47,False,False,True,5.572154032177765,0.6931471805599453,5.4401207021224,1.284669470553373,-1.0194460782877899,-0.8686936210550418
14597.0,15,4,1318.3899999999999,False,False,True,2.772588722239781,1.6094379124341003,7.18492478755738,-0.971683482208837,0.6766518209102622,0.8049843348572641
14598.0,205,1,162.07,False,False,True,5.327876168789581,0.6931471805599453,5.094179556473186,1.0877899491527518,-1.0194460782877899,-1.2005326363057387
14599.0,26,2,474.54,False,False,True,3.295836866004329,1.0986122886681098,6.164451000424257,-0.5499635494680514,-0.26891080150533303,-0.17389031151041903
14600.0,29,1,471.84000000000003,False,False,True,3.4011973816621555,0.6931471805599453,6.158757064882177,-0.4650466126260415,-1.0194460782877899,-0.17935213641025552
14602.0,292,1,205.35999999999999,False,False,True,5.680172609017068,0.6931471805599453,5.329622216376449,1.3717287129076554,-1.0194460782877899,-0.9746876872648206
14604.0,269,1,143.85999999999999,False,False,True,5.598421958998375,0.6931471805599453,4.97576775876718,1.3058405123698393,-1.0194460782877899,-1.3141174319827174
14605.0,10,4,937.16,False,False,True,2.3978952727983707,1.6094379124341003,6.843920510152809,-1.2736734618769707,0.6766518209102622,0.4778809387063133
14608.0,15,7,1567.79,False,False,True,2.772588722239781,2.0794415416798357,7.358059900562994,-0.971683482208837,1.546650982146608,0.971061675259434
14609.0,26,6,884.64,False,False,True,3.295836866004329,1.9459101490553132,6.786310547492762,-0.5499635494680514,1.2994779980390392,0.4226194194618681
14610.0,31,2,24.35,False,False,True,3.4657359027997265,1.0986122886681098,3.232778730037192,-0.4130307935205781,-0.26891080150533303,-2.9860543211350152
14611.0,79,2,604.3299999999999,False,False,True,4.382026634673881,1.0986122886681098,6.405773763870038,0.32546789094079437,-0.26891080150533303,0.0575950413785576
14612.0,51,1,877.7,False,False,True,3.9512437185814275,0.6931471805599453,6.7784435425017975,-0.0217282617170106,-1.0194460782877899,0.4150731092816359
14613.0,316,1,76.32000000000001,False,False,True,5.75890177387728,0.6931471805599453,4.34795265434013,1.4351817007591081,-1.0194460782877899,-1.916339944779265
14614.0,22,1,295.13,False,False,True,3.1354942159291497,0.6931471805599453,5.690798547097907,-0.6791941877627027,-1.0194460782877899,-0.628234542197192
14615.0,30,5,951.76,False,False,True,3.4339872044851463,1.791759469228055,6.859363035631714,-0.4386191478747927,1.0141377287118658,0.4926939567943665
14616.0,21,2,121.7,False,False,True,3.091042453358316,1.0986122886681098,4.809742351716865,-0.7150207731887119,-0.26891080150533303,-1.473374890296271
14617.0,38,2,190.47000000000003,False,False,True,3.6635616461296463,1.0986122886681098,5.254731138385114,-0.25359007659558824,-0.26891080150533303,-1.0465258651868758
14618.0,12,4,788.88,False,False,True,2.5649493574615367,1.6094379124341003,6.6718810351891085,-1.1390336390935285,0.6766518209102622,0.31285457316929727
14619.0,177,1,896.8000000000001,False,False,True,5.181783550292085,0.6931471805599453,6.799947326347832,0.9700443441642078,-1.0194460782877899,0.43570030134992954
14621.0,147,4,1212.21,False,False,True,4.997212273764115,1.6094379124341003,7.101025018444484,0.821286269719357,0.6766518209102622,0.7245047009301239
14623.0,16,5,1170.33,False,False,True,2.833213344056216,1.791759469228055,7.065895134315066,-0.9228221307840204,1.0141377287118658,0.6908068702384318
14624.0,51,4,588.22,False,False,True,3.9512437185814275,1.6094379124341003,6.3787996283436765,-0.0217282617170106,0.6766518209102622,0.03172049397972588
14625.0,10,9,3598.25,False,False,True,2.3978952727983707,2.302585092994046,8.188480769406464,-1.2736734618769707,1.959700351127462,1.7676308224289676
14626.0,31,7,2619.65,False,False,True,3.4657359027997265,2.0794415416798357,7.8711776575885635,-0.4130307935205781,1.546650982146608,1.4632624248391584
14627.0,15,1,462.75,False,False,True,2.772588722239781,0.6931471805599453,6.139345613921645,-0.971683482208837,-1.0194460782877899,-0.19797228857296412
14628.0,78,3,1326.04,False,False,True,4.3694478524670215,1.3862943611198906,7.190706177058017,0.3153298269085502,0.26360245192940907,0.8105300486955868
14630.0,120,1,338.65,False,False,True,4.795790545596741,0.6931471805599453,5.8279156756373105,0.6589473132079308,-1.0194460782877899,-0.49670692982506565
14631.0,22,3,1018.71,False,False,True,3.1354942159291497,1.3862943611198906,6.927273552128017,-0.6791941877627027,0.26360245192940907,0.5578361325740304
14634.0,73,4,2124.46,False,False,True,4.30406509320417,1.6094379124341003,7.661743528520375,0.26263358103109885,0.6766518209102622,1.2623657809332993
14635.0,89,1,215.22,False,False,True,4.499809670330265,0.6931471805599453,5.376296407864626,0.4203969498718987,-1.0194460782877899,-0.9299161475510559
14637.0,313,1,106.67999999999999,False,False,True,5.749392985908253,0.6931471805599453,4.679163865896418,1.427517946055854,-1.0194460782877899,-1.5986304046880815
14639.0,44,3,1994.47,False,False,True,3.8066624897703196,1.3862943611198906,7.598634890549671,-0.13825573881636022,0.26360245192940907,1.2018297373276436
14640.0,45,4,1541.98,False,False,True,3.828641396489095,1.6094379124341003,7.341470890516357,-0.12054149907444375,0.6766518209102622,0.9551489085154574
14643.0,253,3,986.08,False,False,True,5.537334267018537,1.3862943611198906,6.894751089846883,1.2566059423861191,0.26360245192940907,0.526639433387971
14644.0,50,5,1416.96,False,False,True,3.9318256327243257,1.791759469228055,7.2569744979494875,-0.03737856828608019,1.0141377287118658,0.8740969722128062
14645.0,270,1,279.8,False,False,True,5.602118820879701,0.6931471805599453,5.637642672151656,1.3088200553697018,-1.0194460782877899,-0.6792235425482498
14647.0,159,1,276.75,False,False,True,5.075173815233827,0.6931471805599453,5.6267214285197396,0.8841205796290533,-1.0194460782877899,-0.6896995867474063
14649.0,18,5,2358.02,False,False,True,2.9444389791664403,1.791759469228055,7.766001557540451,-0.8331781102237836,1.0141377287118658,1.362373779742097
14650.0,224,1,62.5,False,False,True,5.41610040220442,0.6931471805599453,4.151039905898646,1.1588956343332715,-1.0194460782877899,-2.1052256363338304
14651.0,30,7,1379.52,False,False,True,3.4339872044851463,2.0794415416798357,7.230215518769794,-0.4386191478747927,1.546650982146608,0.8484288104119329
14653.0,149,5,1666.99,False,False,True,5.0106352940962555,1.791759469228055,7.4193745876968835,0.8321047605235898,1.0141377287118658,1.0298768976023296
14654.0,374,1,246.86,False,False,True,5.926926025970411,0.6931471805599453,5.512864070636728,1.5706034449849626,-1.0194460782877899,-0.7989156022289999
14655.0,24,3,1946.28,False,False,True,3.2188758248682006,1.3862943611198906,7.574188806023659,-0.6119914906626093,0.26360245192940907,1.1783801861023235
14656.0,51,3,523.6,False,False,True,3.9512437185814275,1.3862943611198906,6.262636067432774,-0.0217282617170106,0.26360245192940907,-0.07970771323265317
14657.0,65,2,612.65,False,False,True,4.189654742026425,1.0986122886681098,6.419424733043517,0.17042278930922797,-0.26891080150533303,0.07068953512327714
14662.0,63,3,645.16,False,False,True,4.1588830833596715,1.3862943611198906,6.471047151134041,0.14562189516768048,0.26360245192940907,0.12020758927630791
14663.0,66,2,490.6,False,False,True,4.204692619390966,1.0986122886681098,6.19766537769188,0.1825427991101455,-0.26891080150533303,-0.14202990293147102
14665.0,63,2,913.95,False,False,True,4.1588830833596715,1.0986122886681098,6.818869418973696,0.14562189516768048,-0.26891080150533303,0.45385104364358053
14668.0,81,1,111.63,False,False,True,4.406719247264253,0.6931471805599453,4.724108110059605,0.3453692838934502,-1.0194460782877899,-1.555518291798734
14669.0,269,4,1973.94,False,False,True,5.598421958998375,1.6094379124341003,7.588293297126913,1.3058405123698393,0.6766518209102622,1.1919097141656372
14670.0,368,1,190.47,False,False,True,5.910796644040527,0.6931471805599453,5.254731138385114,1.5576037202010717,-1.0194460782877899,-1.0465258651868758
14671.0,185,2,1127.45,False,False,True,5.225746673713202,1.0986122886681098,7.02860028867434,1.0054771033114067,-0.26891080150533303,0.6550323316876046
14672.0,151,2,347.59,False,False,True,5.0238805208462765,1.0986122886681098,5.8538964465012,0.8427799558409932,-0.26891080150533303,-0.47178525303883756
14673.0,3,3,1674.41,False,False,True,1.3862943611198906,1.3862943611198906,7.423813190425784,-2.088988859585355,0.26360245192940907,1.0341345627490501
14674.0,145,1,173.66,False,False,True,4.983606621708336,0.6931471805599453,5.162841226985587,0.8103205840533239,-1.0194460782877899,-1.1346699269551526
14675.0,24,1,462.15,False,False,True,3.2188758248682006,0.6931471805599453,6.138050975700036,-0.6119914906626093,-1.0194460782877899,-0.19921415146775875
14677.0,228,1,184.91,False,False,True,5.43372200355424,0.6931471805599453,5.225262685642126,1.1730980364336694,-1.0194460782877899,-1.0747930501175473
14678.0,215,1,403.39,False,False,True,5.375278407684165,0.6931471805599453,6.0023797588484875,1.1259945165967253,-1.0194460782877899,-0.32935479407155366
14679.0,17,3,1289.44,False,False,True,2.8903717578961645,1.3862943611198906,7.1627385244706785,-0.876754423277733,0.26360245192940907,0.7837024844981013
14681.0,23,3,376.20000000000005,False,False,True,3.1780538303479458,1.3862943611198906,5.9327755507593025,-0.6448926083991554,0.26360245192940907,-0.3961216188916364
14682.0,64,4,1462.81,False,False,True,4.174387269895637,1.6094379124341003,7.288797904678154,0.1581177340561029,0.6766518209102622,0.9046231125218616
14683.0,224,1,146.56,False,False,True,5.41610040220442,0.6931471805599453,4.994234872728475,1.1588956343332715,-1.0194460782877899,-1.2964031213593363
14684.0,26,1,232.27,False,False,True,3.295836866004329,0.6931471805599453,5.4521965809604644,-0.5499635494680514,-1.0194460782877899,-0.857110009818541
14686.0,50,5,885.83,False,False,True,3.9318256327243257,1.791759469228055,6.7876533066692755,-0.03737856828608019,1.0141377287118658,0.4239074416831537
14687.0,36,2,773.6800000000001,False,False,True,3.6109179126442243,1.0986122886681098,6.652450040859531,-0.29601910765716044,-0.26891080150533303,0.2942156743139203
14688.0,9,8,2082.7,False,False,True,2.302585092994046,2.1972245773362196,7.641900438576155,-1.3504901751239817,1.764673005494323,1.2433315853499323
14690.0,28,2,422.63,False,False,True,3.367295829986474,1.0986122886681098,6.0488604327492705,-0.49237009243739077,-0.26891080150533303,-0.28476888329046157
14692.0,16,8,1153.54,False,False,True,2.833213344056216,2.1972245773362196,7.051457275227703,-0.9228221307840204,1.764673005494323,0.6769575637823069
14693.0,61,6,992.46,False,False,True,4.127134385045092,1.9459101490553132,6.901193799480291,0.12003354081346623,1.2994779980390392,0.5328195089504891
14694.0,253,1,244.31,False,False,True,5.537334267018537,0.6931471805599453,5.5025227168419955,1.2566059423861191,-1.0194460782877899,-0.8088353955313059
14695.0,155,3,1620.07,False,False,True,5.049856007249537,1.3862943611198906,7.390841704023542,0.8637153007809296,0.26360245192940907,1.0025071437019786
14696.0,9,2,688.95,False,False,True,2.302585092994046,1.0986122886681098,6.536619131197564,-1.3504901751239817,-0.26891080150533303,0.18310655797655595
14699.0,71,3,593.47,False,False,True,4.276666119016055,1.3862943611198906,6.387670252283967,0.24055095409878485,0.26360245192940907,0.04022951104816705
14700.0,51,2,880.96,False,False,True,3.9512437185814275,1.0986122886681098,6.782146703504459,-0.0217282617170106,-0.26891080150533303,0.41862531264308306
14701.0,78,6,2012.72,False,False,True,4.3694478524670215,1.9459101490553132,7.607739036801071,0.3153298269085502,1.2994779980390392,1.2105627572784603
14702.0,1,13,3462.08,False,False,True,0.6931471805599453,2.6390573296152584,8.149913645492795,-2.6476415482736133,2.582526528256238,1.730635869439071
14704.0,60,2,266.66,False,False,True,4.110873864173311,1.0986122886681098,5.589717518368229,0.10692812257148,-0.26891080150533303,-0.7251950496593376
14706.0,254,1,390.69,False,False,True,5.541263545158426,0.6931471805599453,5.970470710603746,1.2597728048635513,-1.0194460782877899,-0.35996308475999034
14707.0,71,2,139.2,False,False,True,4.276666119016055,1.0986122886681098,4.94306997460049,0.24055095409878485,-0.26891080150533303,-1.3454823061389611
14708.0,4,3,1085.91,False,False,True,1.6094379124341003,1.3862943611198906,6.9910940870052425,-1.909142863812241,0.26360245192940907,0.6190550529389013
14710.0,15,9,1316.46,False,False,True,2.772588722239781,2.302585092994046,7.183460919423318,-0.971683482208837,1.959700351127462,0.8035801406289299
14712.0,54,1,411.0,False,False,True,4.007333185232471,0.6931471805599453,6.021023349349527,0.02347791127266091,-1.0194460782877899,-0.31147120089274344
14713.0,1,11,2752.5099999999998,False,False,True,0.6931471805599453,2.4849066497880004,7.920631740437361,-2.6476415482736133,2.297186258929065,1.5107005349311915
14714.0,43,3,746.05,False,False,True,3.784189633918261,1.3862943611198906,6.616132117297094,-0.1563680845004533,0.26360245192940907,0.25937823406583377
14715.0,78,4,973.0699999999999,False,False,True,4.3694478524670215,1.6094379124341003,6.881483169643275,0.3153298269085502,0.6766518209102622,0.5139123737994747
14716.0,80,1,235.77,False,False,True,4.394449154672439,0.6931471805599453,5.467089205794908,0.3354800130298892,-1.0194460782877899,-0.8428244759301525
14717.0,369,1,81.3,False,False,True,5.91350300563827,0.6931471805599453,4.410371107683024,1.5597849541807298,-1.0194460782877899,-1.8564659507450876
14718.0,46,1,226.42,False,False,True,3.8501476017100584,0.6931471805599453,5.426798528196577,-0.10320824041433209,-1.0194460782877899,-0.8814727227379223
14721.0,15,1,115.77,False,False,True,2.772588722239781,0.6931471805599453,4.760206188087624,-0.971683482208837,-1.0194460782877899,-1.5208917351837916
14722.0,113,2,325.45,False,False,True,4.736198448394496,1.0986122886681098,5.788276797632642,0.6109181409624159,-0.26891080150533303,-0.5347299473473859
14723.0,7,7,934.76,False,False,True,2.0794415416798357,2.0794415416798357,6.841359033342451,-1.530336170897096,1.546650982146608,0.47542387931044017
14724.0,226,1,345.25,False,False,True,5.424950017481403,0.6931471805599453,5.847161057501548,1.1660281186122226,-1.0194460782877899,-0.4782460770289427
14725.0,30,3,597.16,False,False,True,3.4339872044851463,1.3862943611198906,6.39385827669166,-0.4386191478747927,0.26360245192940907,0.04616528351010537
14726.0,290,1,124.75,False,False,True,5.673323267171493,0.6931471805599453,4.8342958089798485,1.3662083799320754,-1.0194460782877899,-1.4498223433338164
14727.0,182,2,199.35,False,False,True,5.209486152841421,1.0986122886681098,5.300065837082154,0.9923716850694205,-0.26891080150533303,-1.0030392144617049
14728.0,49,1,190.58,False,False,True,3.912023005428146,0.6931471805599453,5.255305475954746,-0.05333880197435037,-1.0194460782877899,-1.0459749402219645
14729.0,9,3,593.89,False,False,True,2.302585092994046,1.3862943611198906,6.388376514504754,-1.3504901751239817,0.26360245192940907,0.0409069828169994
14732.0,28,11,2814.58,False,False,True,3.367295829986474,2.4849066497880004,7.942923558427032,-0.49237009243739077,2.297186258929065,1.532083637296647
14734.0,61,4,1056.42,False,False,True,4.127134385045092,1.6094379124341003,6.963587257940615,0.12003354081346623,0.6766518209102622,0.5926695270068952
14736.0,121,2,401.08,False,False,True,4.804021044733257,1.0986122886681098,5.996651073795282,0.6655808112597389,-0.26891080150533303,-0.33484995193480704
14737.0,36,1,2389.62,False,False,True,3.6109179126442243,0.6931471805599453,7.779308025509446,-0.29601910765716044,-1.0194460782877899,1.3751378157141967
14738.0,196,2,507.45,False,False,True,5.2832037287379885,1.0986122886681098,6.231366882237147,1.0517855052986675,-0.26891080150533303,-0.10970222459248474
14740.0,45,8,2712.85,False,False,True,3.828641396489095,2.1972245773362196,7.906123569891746,-0.12054149907444375,1.764673005494323,1.4967837832308086
14741.0,8,2,497.25,False,False,True,2.1972245773362196,1.0986122886681098,6.211101959092904,-1.4354071119659917,-0.26891080150533303,-0.12914105754106814
14742.0,71,1,579.85,False,False,True,4.276666119016055,0.6931471805599453,6.364492547959484,0.24055095409878485,-1.0194460782877899,0.017996635093575724
14743.0,228,1,50.48,False,False,True,5.43372200355424,0.6931471805599453,3.941193382727926,1.1730980364336694,-1.0194460782877899,-2.306517863287848
14744.0,2,8,2785.1,False,False,True,1.0986122886681098,2.1972245773362196,7.932398047450072,-2.3208506744639323,1.764673005494323,1.5219871938942586
14745.0,137,7,1351.55,False,False,True,4.927253685157205,2.0794415416798357,7.209746978614025,0.7649020634234969,1.546650982146608,0.8287946608048871
14746.0,42,4,593.5,False,False,True,3.7612001156935624,1.6094379124341003,6.387720716130836,-0.17489684221320997,0.6766518209102622,0.04027791775971743
14748.0,4,7,1736.57,False,False,True,1.6094379124341003,2.0794415416798357,7.460242864397201,-1.909142863812241,1.546650982146608,1.0690791979525112
14749.0,115,1,310.15,False,False,True,4.7535901911063645,0.6931471805599453,5.740275111015227,0.6249352849391268,-1.0194460782877899,-0.5807748674669709
14750.0,372,1,112.03,False,False,True,5.921578419643816,0.6931471805599453,4.72765327020264,1.5662934589730666,-1.0194460782877899,-1.552117648465132
14751.0,320,2,126.45,False,False,True,5.771441123130016,1.0986122886681098,4.847724130822124,1.4452879831922025,-0.26891080150533303,-1.436941420805079
14753.0,96,1,306.36,False,False,True,4.574710978503383,0.6931471805599453,5.728019699020247,0.4807648174341348,-1.0194460782877899,-0.59253069327449
14754.0,61,4,912.4300000000001,False,False,True,4.127134385045092,1.6094379124341003,6.817206744529469,0.12003354081346623,0.6766518209102622,0.45225614735213354
14756.0,18,2,1914.8,False,False,True,2.9444389791664403,1.0986122886681098,7.557890568948792,-0.8331781102237836,-0.26891080150533303,1.1627463391047463
14758.0,32,3,1380.9099999999999,False,False,True,3.4965075614664802,1.3862943611198906,7.231221879196889,-0.3882298993790306,0.26360245192940907,0.8493941470228409
14761.0,80,1,192.02,False,False,True,4.394449154672439,0.6931471805599453,5.26279381047899,0.3354800130298892,-1.0194460782877899,-1.0387918641824558
14762.0,262,1,117.05000000000001,False,False,True,5.572154032177765,0.6931471805599453,4.771108263531522,1.284669470553373,-1.0194460782877899,-1.5104340777903564
14767.0,110,1,382.81,False,False,True,4.709530201312334,0.6931471805599453,5.950147638471271,0.5894244548407798,-1.0194460782877899,-0.3794576962802631
14770.0,103,6,2761.2200000000003,False,False,True,4.6443908991413725,1.9459101490553132,7.92378998322293,0.536924426971248,1.2994779980390392,1.5137300334140011
14771.0,257,2,594.62,False,False,True,5.552959584921617,1.0986122886681098,6.3896028798296856,1.2691994089729892,-0.26891080150533303,0.04208335592809329
14773.0,228,1,140.55,False,False,True,5.43372200355424,0.6931471805599453,4.952653011557909,1.1730980364336694,-1.0194460782877899,-1.336289917239707
14774.0,164,1,241.45,False,False,True,5.10594547390058,0.6931471805599453,5.490795503551361,0.9089214737706007,-1.0194460782877899,-0.8200845544097501
14775.0,8,1,406.56,False,False,True,2.1972245773362196,0.6931471805599453,6.010188161106084,-1.4354071119659917,-1.0194460782877899,-0.3218646977114356
14776.0,23,4,1170.0,False,False,True,3.1780538303479458,1.6094379124341003,7.065613363597717,-0.6448926083991554,0.6766518209102622,0.690536585773726
14777.0,39,1,307.56,False,False,True,3.6888794541139363,0.6931471805599453,5.731916313899973,-0.23318479774746423,-1.0194460782877899,-0.5887929220935776
14783.0,295,1,307.3,False,False,True,5.69035945432406,0.6931471805599453,5.731073334892105,1.379938958407616,-1.0194460782877899,-0.5896015374530573
14784.0,25,1,159.94,False,False,True,3.258096538021482,0.6931471805599453,5.081031624717987,-0.5803809504052695,-1.0194460782877899,-1.2131445987192897
14786.0,186,1,90.96,False,False,True,5.231108616854587,0.6931471805599453,4.521353699894981,1.009798644300881,-1.0194460782877899,-1.7500075124449221
14787.0,107,1,110.65,False,False,True,4.68213122712422,0.6931471805599453,4.7153689782861665,0.5673418279084664,-1.0194460782877899,-1.5639011769175357
14788.0,232,1,476.88,False,False,True,5.4510384535657,0.6931471805599453,6.169359654949023,1.1870544970941936,-1.0194460782877899,-0.16918175601133992
14790.0,10,6,1781.56,False,False,True,2.3978952727983707,1.9459101490553132,7.485805812311006,-1.2736734618769707,1.2994779980390392,1.0936000841474813
14791.0,242,1,303.63,False,False,True,5.493061443340548,0.6931471805599453,5.719097925433975,1.2209235755278292,-1.0194460782877899,-0.6010887748973105
14793.0,171,1,396.91,False,False,True,5.147494476813453,0.6931471805599453,5.98622584905978,0.9424085351633076,-1.0194460782877899,-0.34485019721787064
14794.0,38,3,633.99,False,False,True,3.6635616461296463,1.3862943611198906,6.453609250737194,-0.25359007659558824,0.26360245192940907,0.10348053680363942
14796.0,2,11,2867.15,False,False,True,1.0986122886681098,2.4849066497880004,7.961422501607078,-2.3208506744639323,2.297186258929065,1.5498284796354356
14797.0,143,1,300.31,False,False,True,4.969813299576001,0.6931471805599453,5.70813963509761,0.7992036427870438,-1.0194460782877899,-0.6116003556091868
14798.0,17,5,550.5699999999999,False,False,True,2.8903717578961645,1.791759469228055,6.312768757202979,-0.876754423277733,1.0141377287118658,-0.03161865931571172
14799.0,373,1,180.45,False,False,True,5.924255797414532,0.6931471805599453,5.200980133659079,1.56845133298914,-1.0194460782877899,-1.0980857351281907
14800.0,5,6,3434.58,False,False,True,1.791759469228055,1.9459101490553132,8.141941040475661,-1.7621979857756733,1.2994779980390392,1.7229882639687721
14802.0,74,2,1502.98,False,False,True,4.31748811353631,1.0986122886681098,7.315870206549027,0.27345207183533093,-0.26891080150533303,0.9305918245596875
14805.0,40,3,549.99,False,False,True,3.713572066704308,1.3862943611198906,6.311716660167896,-0.21328340479480876,0.26360245192940907,-0.03262786810298918
14806.0,75,1,110.03999999999999,False,False,True,4.330733340286331,0.6931471805599453,4.7098904967584945,0.28412726715273423,-1.0194460782877899,-1.5691563306859608
14807.0,26,2,519.29,False,False,True,3.295836866004329,1.0986122886681098,6.254386348430604,-0.5499635494680514,-0.26891080150533303,-0.08762113626487893
14809.0,257,2,686.76,False,False,True,5.552959584921617,1.0986122886681098,6.533439939866189,1.2691994089729892,-0.26891080150533303,0.18005696490569648
14810.0,5,3,449.14,False,False,True,1.791759469228055,1.3862943611198906,6.10955864549045,-1.7621979857756733,0.26360245192940907,-0.22654500504750016
14811.0,23,1,170.5,False,False,True,3.1780538303479458,0.6931471805599453,5.144583266605995,-0.6448926083991554,-1.0194460782877899,-1.15218361004561
14812.0,234,1,185.8,False,False,True,5.459585514144159,0.6931471805599453,5.230038525794742,1.1939431327352996,-1.0194460782877899,-1.0702118948743202
14813.0,5,4,935.44,False,False,True,1.791759469228055,1.6094379124341003,6.842085451492117,-1.7621979857756733,0.6766518209102622,0.4761206853610564
14814.0,217,1,160.46,False,False,True,5.384495062789089,0.6931471805599453,5.08425743396687,1.133422822300744,-1.0194460782877899,-1.2100502880887143
14817.0,31,5,2849.52,False,False,True,3.4657359027997265,1.791759469228055,7.95525671275995,-0.4130307935205781,1.0141377287118658,1.5439140363117452
14818.0,94,3,512.61,False,False,True,4.553876891600541,1.3862943611198906,6.24146422259119,0.4639732629258481,0.26360245192940907,-0.10001649763610156
14819.0,130,2,198.09,False,False,True,4.875197323201151,1.0986122886681098,5.293756983791705,0.7229464335288678,-0.26891080150533303,-1.009090890273019
14820.0,16,5,767.47,False,False,True,2.833213344056216,1.791759469228055,6.644401525131453,-0.9228221307840204,1.0141377287118658,0.2864952525976112
14821.0,2,7,1237.65,False,False,True,1.0986122886681098,2.0794415416798357,7.121777355846786,-2.3208506744639323,1.546650982146608,0.7444110789205374
14822.0,121,1,157.70000000000002,False,False,True,4.804021044733257,0.6931471805599453,5.0670156275323635,0.6655808112597389,-1.0194460782877899,-1.2265892402784933
14824.0,15,6,2895.2000000000003,False,False,True,2.772588722239781,1.9459101490553132,7.971154811894502,-0.971683482208837,1.2994779980390392,1.5591640568066105
14825.0,4,13,2698.17,False,False,True,1.6094379124341003,2.6390573296152584,7.90069959732567,-1.909142863812241,2.582526528256238,1.4915809163914342
14826.0,217,2,385.2,False,False,True,5.384495062789089,1.0986122886681098,5.956355369994414,1.133422822300744,-0.26891080150533303,-0.3735030200542978
14829.0,8,4,995.29,False,False,True,2.1972245773362196,1.6094379124341003,6.90403837986303,-1.4354071119659917,0.6766518209102622,0.5355481313328833
14831.0,316,3,1676.57,False,False,True,5.75890177387728,1.3862943611198906,7.425101596738257,1.4351817007591081,0.26360245192940907,1.0353704477755958
14832.0,266,1,322.69,False,False,True,5.58724865840025,0.6931471805599453,5.779786267653029,1.2968352179738896,-1.0194460782877899,-0.5428743648092171
14833.0,134,1,94.8,False,False,True,4.90527477843843,0.6931471805599453,4.562262684976814,0.7471878236815803,-1.0194460782877899,-1.7107661631715212
14834.0,43,1,485.86,False,False,True,3.784189633918261,0.6931471805599453,6.187976607421274,-0.1563680845004533,-1.0194460782877899,-0.1513237149744256
14835.0,164,2,297.0,False,False,True,5.10594547390058,1.0986122886681098,5.697093486505405,0.9089214737706007,-0.26891080150533303,-0.6221962130758416
14837.0,78,5,1810.82,False,False,True,4.3694478524670215,1.791759469228055,7.502087143920259,0.3153298269085502,1.0141377287118658,1.1092177148229114
14838.0,59,2,773.6700000000001,False,False,True,4.0943445622221,1.0986122886681098,6.652437132220425,0.09360607606221706,-0.26891080150533303,0.294203291889502
14839.0,54,3,915.28,False,False,True,4.007333185232471,1.3862943611198906,6.8203219948203735,0.02347791127266091,0.26360245192940907,0.45524440590938964
14840.0,175,1,299.86,False,False,True,5.170483995038151,0.6931471805599453,5.706645040269677,0.9609372928760642,-1.0194460782877899,-0.6130340239719635
14843.0,72,1,211.79999999999998,False,False,True,4.290459441148391,0.6931471805599453,5.360352757467489,0.25166789536506495,-1.0194460782877899,-0.945209862432407
14844.0,66,6,3512.62,False,False,True,4.204692619390966,1.9459101490553132,8.164402124026534,0.1825427991101455,1.2994779980390392,1.7445337318633112
14845.0,235,1,150.0,False,False,True,5.4638318050256105,0.6931471805599453,5.017279836814924,1.1973654965339362,-1.0194460782877899,-1.274297574548523
14846.0,63,1,437.4,False,False,True,4.1588830833596715,0.6931471805599453,6.083131735633806,0.14562189516768048,-1.0194460782877899,-0.251894634177306
14847.0,43,2,1039.55,False,False,True,3.784189633918261,1.0986122886681098,6.9475046984994195,-0.1563680845004533,-0.26891080150533303,0.5772425656442572
14848.0,40,1,310.56,False,False,True,3.713572066704308,0.6931471805599453,5.741591936051748,-0.21328340479480876,-1.0194460782877899,-0.5795117221924864
14850.0,53,6,1468.26,False,False,True,3.9889840465642745,1.9459101490553132,7.292514151663234,0.008689139220207557,1.2994779980390392,0.9081878684217207
14851.0,266,1,318.06,False,False,True,5.58724865840025,0.6931471805599453,5.765379172872851,1.2968352179738896,-1.0194460782877899,-0.5566941610508745
14852.0,60,12,3310.4900000000002,False,False,True,4.110873864173311,2.5649493574615367,8.105153518140918,0.10692812257148,2.445349133013286,1.6877003679245917
14853.0,59,3,901.0699999999999,False,False,True,4.0943445622221,1.3862943611198906,6.804692122372995,0.09360607606221706,0.26360245192940907,0.4402516779651645
14854.0,26,4,1563.03,False,False,True,3.295836866004329,1.6094379124341003,7.35502110250697,-0.5499635494680514,0.6766518209102622,0.9681467523971525
14857.0,78,5,2478.731,False,False,True,4.3694478524670215,1.791759469228055,7.815905365534041,0.3153298269085502,1.0141377287118658,1.4102432821419204
14858.0,141,1,180.75,False,False,True,4.955827057601261,0.6931471805599453,5.202632116413628,0.7879312147905524,-1.0194460782877899,-1.0965010946846492
14859.0,190,1,351.9,False,False,True,5.25227342804663,0.6931471805599453,5.8661847306812245,1.0268567511642208,-1.0194460782877899,-0.4599978950656556
14861.0,16,9,1254.94,False,False,True,2.833213344056216,2.302585092994046,7.135639575186451,-0.9228221307840204,1.959700351127462,0.7577082113163701
14865.0,8,3,77.52000000000001,False,False,True,2.1972245773362196,1.3862943611198906,4.3633533694082605,-1.4354071119659917,0.26360245192940907,-1.9015670327199774
14867.0,31,13,2241.78,False,False,True,3.4657359027997265,2.6390573296152584,7.715471446785109,-0.4130307935205781,2.582526528256238,1.313903505522204
14868.0,16,4,1230.42,False,False,True,2.833213344056216,1.6094379124341003,7.115923254021356,-0.9228221307840204,0.6766518209102622,0.7387956168416276
14869.0,24,4,2078.54,False,False,True,3.2188758248682006,1.6094379124341003,7.639901994391092,-0.6119914906626093,0.6766518209102622,1.2414146068154475
14870.0,49,5,1511.7,False,False,True,3.912023005428146,1.791759469228055,7.321651412568154,-0.05333880197435037,1.0141377287118658,0.9361373623960388
14871.0,129,5,736.59,False,False,True,4.867534450455582,1.791759469228055,6.60338811466675,0.7167704227443619,1.0141377287118658,0.24715373479365413
14872.0,119,3,816.6,False,False,True,4.787491742782046,1.3862943611198906,6.70637321944944,0.652258764750476,0.26360245192940907,0.3459406995313814
14873.0,269,1,334.45,False,False,True,5.598421958998375,0.6931471805599453,5.815472914008897,1.3058405123698393,-1.0194460782877899,-0.5086424680450807
14874.0,171,1,116.18,False,False,True,5.147494476813453,0.6931471805599453,4.7637112141166424,0.9424085351633076,-1.0194460782877899,-1.517529589915657
14875.0,77,1,1397.08,False,False,True,4.356708826689592,0.6931471805599453,7.242855145763071,0.30506261209267066,-1.0194460782877899,0.8605531888714947
14876.0,157,2,256.7,False,False,True,5.062595033026967,1.0986122886681098,5.551796117658319,0.8739825155968092,-0.26891080150533303,-0.7615706020524707
14877.0,54,2,437.0,False,False,True,4.007333185232471,1.0986122886681098,6.082218910376446,0.02347791127266091,-0.26891080150533303,-0.2527702485363028
14878.0,12,16,2619.7000000000003,False,False,True,2.5649493574615367,2.833213344056216,7.8711967366426245,-1.1390336390935285,2.9419185822786758,1.463280726144427
14879.0,320,1,185.06,False,False,True,5.771441123130016,0.6931471805599453,5.226069202340413,1.4452879831922025,-1.0194460782877899,-1.0740194106985057
14882.0,26,12,3038.4500000000003,False,False,True,3.295836866004329,2.5649493574615367,8.019431856979448,-0.5499635494680514,2.445349133013286,1.6054731105334736
14884.0,305,1,120.6,False,False,True,5.723585101952381,0.6931471805599453,4.800736969532067,1.406717682900119,-1.0194460782877899,-1.4820131722518666
14885.0,63,2,832.8,False,False,True,4.1588830833596715,1.0986122886681098,6.7259935654466965,0.14562189516768048,-0.26891080150533303,0.3647612312215016
14890.0,254,2,691.6,False,False,True,5.541263545158426,1.0986122886681098,6.540452631968321,1.2597728048635513,-0.26891080150533303,0.1867837878658877
14891.0,52,2,552.35,False,False,True,3.970291913552122,1.0986122886681098,6.315990712710795,-0.006376074427667188,-0.26891080150533303,-0.028528045330235317
14892.0,326,1,202.35000000000002,False,False,True,5.7899601708972535,0.6931471805599453,5.314928632353234,1.4602136961104257,-1.0194460782877899,-0.9887822941483604
14893.0,253,1,571.76,False,False,True,5.537334267018537,0.6931471805599453,6.350466780805806,1.2566059423861191,-1.0194460782877899,0.004542621834534997
14894.0,79,2,837.0600000000001,False,False,True,4.382026634673881,1.0986122886681098,6.7310896969643395,0.32546789094079437,-0.26891080150533303,0.36964962130077095
14896.0,1,7,1623.65,False,False,True,0.6931471805599453,2.0794415416798357,7.393047686949856,-2.6476415482736133,1.546650982146608,1.0046232007571587
14897.0,45,4,1774.16,False,False,True,3.828641396489095,1.6094379124341003,7.4816458386921445,-0.12054149907444375,0.6766518209102622,1.0896096899243215
14898.0,7,9,2204.29,False,False,True,2.0794415416798357,2.302585092994046,7.6986142985074215,-1.530336170897096,1.959700351127462,1.2977335310778366
14899.0,31,1,1384.88,False,False,True,3.4657359027997265,0.6931471805599453,7.234090595914997,-0.4130307935205781,-1.0194460782877899,0.8521459218340837
14900.0,158,1,13.919999999999998,False,False,True,5.0689042022202315,0.6931471805599453,2.7027025947756145,0.879067488070273,-1.0194460782877899,-3.494522148525114
14901.0,2,5,868.36,False,False,True,1.0986122886681098,1.791759469228055,6.767757308754597,-2.3208506744639323,1.0141377287118658,0.40482249489821215
14902.0,31,2,702.96,False,False,True,3.4657359027997265,1.0986122886681098,6.55672153636201,-0.4130307935205781,-0.26891080150533303,0.20238949791543404
14904.0,44,2,615.2,False,False,True,3.8066624897703196,1.0986122886681098,6.423571586162567,-0.13825573881636022,-0.26891080150533303,0.07466734369771702
14905.0,10,6,1355.24,False,False,True,2.3978952727983707,1.9459101490553132,7.212471443989697,-1.2736734618769707,1.2994779980390392,0.8314080646127832
14906.0,81,1,68.44,False,False,True,4.406719247264253,0.6931471805599453,4.240463070352095,0.3453692838934502,-1.0194460782877899,-2.0194477657161403
14907.0,3,10,2664.69,False,False,True,1.3862943611198906,2.3978952727983707,7.888218214907951,-2.088988859585355,2.1361240451745016,1.4796083317406825
14908.0,99,1,104.10000000000001,False,False,True,4.605170185988092,0.6931471805599453,4.6549122778829055,0.5053138867139089,-1.0194460782877899,-1.6218933879610506
14909.0,73,3,1404.68,False,False,True,4.30406509320417,1.3862943611198906,7.248276450449636,0.26263358103109885,0.26360245192940907,0.8657534965862291
14913.0,24,4,2845.7,False,False,True,3.2188758248682006,1.6094379124341003,7.953915707647822,-0.6119914906626093,0.6766518209102622,1.5426276966512242
14915.0,11,9,1503.77,False,False,True,2.4849066497880004,2.302585092994046,7.316395341583945,-1.2035452970874143,1.959700351127462,0.9310955527083984
14916.0,67,4,1773.97,False,False,True,4.219507705176107,1.6094379124341003,7.481538800358235,0.19448324659249747,0.6766518209102622,1.0895070149584631
14917.0,232,2,1123.75,False,False,True,5.4510384535657,1.0986122886681098,7.025316067721282,1.1870544970941936,-0.26891080150533303,0.6518819904788901
14919.0,175,1,359.35,False,False,True,5.170483995038151,0.6931471805599453,5.88707578137045,0.9609372928760642,-1.0194460782877899,-0.4399584583711414
14920.0,201,1,629.4,False,False,True,5.308267697401205,0.6931471805599453,6.44635453854367,1.0719861984207155,-1.0194460782877899,0.09652155958886363
14922.0,29,2,843.74,False,False,True,3.4011973816621555,1.0986122886681098,6.739028887702491,-0.4650466126260415,-0.26891080150533303,0.37726517460967746
14924.0,246,2,620.96,False,False,True,5.5093883366279774,1.0986122886681098,6.432875781989615,1.2340824876445606,-0.26891080150533303,0.08359225829598811
14926.0,17,2,359.4,False,False,True,2.8903717578961645,1.0986122886681098,5.887214525734183,-0.876754423277733,-0.26891080150533303,-0.4398253698570646
14927.0,32,1,308.2,False,False,True,3.4965075614664802,0.6931471805599453,5.733988316713267,-0.3882298993790306,-1.0194460782877899,-0.5868053835142334
14928.0,263,1,223.91000000000003,False,False,True,5.575949103146316,0.6931471805599453,5.41570032218308,1.2877281666857459,-1.0194460782877899,-0.8921185155292269
14929.0,57,1,612.8100000000001,False,False,True,4.060443010546419,0.6931471805599453,6.419685434004699,0.06628259625086781,-1.0194460782877899,0.07093960873065712
14940.0,53,2,531.49,False,False,True,3.9889840465642745,1.0986122886681098,6.277564118064523,0.008689139220207557,-0.26891080150533303,-0.06538819766315955
14941.0,214,1,182.1,False,False,True,5.3706380281276624,0.6931471805599453,5.210032451680465,1.1222545309364214,-1.0194460782877899,-1.0894024306536234
14942.0,37,4,746.56,False,False,True,3.6375861597263857,1.6094379124341003,6.616814569602102,-0.27452542153552467,0.6766518209102622,0.2600328665190634
14943.0,299,1,107.62,False,False,True,5.703782474656201,0.6931471805599453,4.687855552606699,1.3907574492118489,-1.0194460782877899,-1.5902930305564367
14945.0,49,1,179.4,False,False,True,3.912023005428146,0.6931471805599453,5.1951766076285235,-0.05333880197435037,-1.0194460782877899,-1.103652683111054
14947.0,24,4,758.97,False,False,True,3.2188758248682006,1.6094379124341003,6.63327895881706,-0.6119914906626093,0.6766518209102622,0.275826092541781
14949.0,105,4,515.0,False,False,True,4.663439094112067,1.6094379124341003,6.246106765481563,0.5522766142605914,0.6766518209102622,-0.0955632058540286
14953.0,54,3,723.95,False,False,True,4.007333185232471,1.3862943611198906,6.586102686959203,0.02347791127266091,0.26360245192940907,0.230572939531804
14954.0,339,1,167.27,False,False,True,5.8289456176102075,0.6931471805599453,5.125569832188355,1.491634619742129,-1.0194460782877899,-1.1704219706252477
14955.0,368,1,163.77,False,False,True,5.910796644040527,0.6931471805599453,5.10455056206934,1.5576037202010717,-1.0194460782877899,-1.1905843999439476
14956.0,57,1,1325.0,False,False,True,4.060443010546419,0.6931471805599453,7.189922170745808,0.06628259625086781,-1.0194460782877899,0.8097780020371719
14957.0,280,1,274.8,False,False,True,5.638354669333745,0.6931471805599453,5.619675965359201,1.3380248977660874,-1.0194460782877899,-0.6964578448690023
14958.0,231,3,458.26,False,False,True,5.44673737166631,1.3862943611198906,6.129616498490725,1.1835879736273858,0.26360245192940907,-0.2073048011244794
14962.0,175,3,240.21000000000004,False,False,True,5.170483995038151,1.3862943611198906,5.485667923363432,0.9609372928760642,0.26360245192940907,-0.825003111168843
14963.0,15,7,1676.68,False,False,True,2.772588722239781,2.0794415416798357,7.425167165622864,-0.971683482208837,1.546650982146608,1.0354333437750245
14966.0,23,5,924.5200000000001,False,False,True,3.1780538303479458,1.791759469228055,6.830355741720633,-0.6448926083991554,1.0141377287118658,0.4648691317696468
14967.0,77,5,1518.81,False,False,True,4.356708826689592,1.791759469228055,7.326340606027171,0.30506261209267066,1.0141377287118658,0.9406354030579553
14968.0,94,1,357.4,False,False,True,4.553876891600541,0.6931471805599453,5.881649681100775,0.4639732629258481,-1.0194460782877899,-0.4451633661792642
14969.0,339,1,906.23,False,False,True,5.8289456176102075,0.6931471805599453,6.810396001209797,1.491634619742129,-1.0194460782877899,0.44572304082592396
14970.0,45,8,3327.29,False,False,True,3.828641396489095,2.1972245773362196,8.110213937567757,-0.12054149907444375,1.764673005494323,1.6925545016998793
14972.0,17,1,30.300000000000004,False,False,True,2.8903717578961645,0.6931471805599453,3.4436180975461075,-0.876754423277733,-1.0194460782877899,-2.783809722681893
14975.0,57,1,192.45,False,False,True,4.060443010546419,0.6931471805599453,5.265019081146522,0.06628259625086781,-1.0194460782877899,-1.036657305641886
14977.0,361,1,31.929999999999996,False,False,True,5.8916442118257715,0.6931471805599453,3.4943840963882726,1.5421675212929993,-1.0194460782877899,-2.735113176243661
14978.0,66,5,1210.72,False,False,True,4.204692619390966,1.791759469228055,7.099796116837002,0.1825427991101455,1.0141377287118658,0.7233258949268611
14979.0,371,1,439.46,False,False,True,5.918893854273146,0.6931471805599453,6.087819635350745,1.564129791999665,-1.0194460782877899,-0.24739783451867156
14980.0,373,1,150.68,False,False,True,5.924255797414532,0.6931471805599453,5.021773038506712,1.56845133298914,-1.0194460782877899,-1.2699875361403208
14981.0,59,1,270.8,False,False,True,4.0943445622221,0.6931471805599453,5.605066501717044,0.09360607606221706,-1.0194460782877899,-0.7104717604998141
14982.0,208,1,237.78,False,False,True,5.342334251964811,0.6931471805599453,5.475542625917242,1.099442664861118,-1.0194460782877899,-0.8347156555594749
14983.0,325,1,183.20000000000002,False,False,True,5.786897381366708,0.6931471805599453,5.216022123821206,1.4577451935266839,-1.0194460782877899,-1.0836569247204444
14984.0,24,4,1058.1399999999999,False,False,True,3.2188758248682006,1.6094379124341003,6.965212537052589,-0.6119914906626093,0.6766518209102622,0.5942285523694693
14986.0,12,2,566.9,False,False,True,2.5649493574615367,1.0986122886681098,6.341945346883387,-1.1390336390935285,-0.26891080150533303,-0.003631439785202825
14987.0,1,7,1387.4499999999998,False,False,True,0.6931471805599453,2.0794415416798357,7.235943296015653,-2.6476415482736133,1.546650982146608,0.8539230974741852
14988.0,16,6,1732.06,False,False,True,2.833213344056216,1.9459101490553132,7.457643911158978,-0.9228221307840204,1.2994779980390392,1.0665861898379771
14989.0,297,1,342.4,False,False,True,5.697093486505405,0.6931471805599453,5.838895948463375,1.3853663557762128,-1.0194460782877899,-0.48617426272948966
14990.0,248,2,305.42,False,False,True,5.517452896464707,1.0986122886681098,5.724956709887608,1.240582244351696,-0.26891080150533303,-0.5954688210753648
14991.0,66,1,314.67,False,False,True,4.204692619390966,0.6931471805599453,5.754697364124307,0.1825427991101455,-1.0194460782877899,-0.5669405308186604
14992.0,78,1,210.5,False,False,True,4.3694478524670215,0.6931471805599453,5.354224998486333,0.3153298269085502,-1.0194460782877899,-0.9510878261599783
14993.0,199,1,36.13,False,False,True,5.298317366548036,0.6931471805599453,3.6144252681889886,1.0639665754021672,-1.0194460782877899,-2.6199654271514454
14994.0,18,5,960.63,False,False,True,2.9444389791664403,1.791759469228055,6.8686297612976235,-0.8331781102237836,1.0141377287118658,0.5015829286852441
14996.0,117,2,442.28999999999996,False,False,True,4.770684624465665,1.0986122886681098,6.094224183409496,0.6387128078456773,-0.26891080150533303,-0.24125436489191376
14997.0,291,1,230.4,False,False,True,5.676753802268282,0.6931471805599453,5.444147814759576,1.3689732727415829,-1.0194460782877899,-0.8648306717972526
14998.0,64,2,340.86,False,False,True,4.174387269895637,1.0986122886681098,5.834401296528122,0.1581177340561029,-0.26891080150533303,-0.4904856922626553
14999.0,228,1,129.48000000000002,False,False,True,5.43372200355424,0.6931471805599453,4.871219958312759,1.1730980364336694,-1.0194460782877899,-1.4144033898276984
15001.0,30,2,230.85999999999999,False,False,True,3.4339872044851463,1.0986122886681098,5.446133741242256,-0.4386191478747927,-0.26891080150533303,-0.8629257006868174
15002.0,3,6,3175.52,False,False,True,1.3862943611198906,1.9459101490553132,8.063541536924765,-2.088988859585355,1.2994779980390392,1.647784679828326
15003.0,109,6,1060.7,False,False,True,4.700480365792417,1.9459101490553132,6.967626676019528,0.5821305999609199,1.2994779980390392,0.5965442800807935
15006.0,89,1,323.05,False,False,True,4.499809670330265,0.6931471805599453,5.780897824873725,0.4203969498718987,-1.0194460782877899,-0.5418081197032227
15008.0,116,2,360.0,False,False,True,4.762173934797756,1.0986122886681098,5.8888779583328805,0.6318534859023524,-0.26891080150533303,-0.4382297463169623
15011.0,31,2,416.6,False,False,True,3.4657359027997265,1.0986122886681098,6.034524036568429,-0.4130307935205781,-0.26891080150533303,-0.2985208629284032
15012.0,9,2,437.58,False,False,True,2.302585092994046,1.0986122886681098,6.08354223530889,-1.3504901751239817,-0.26891080150533303,-0.2515008683311389
15013.0,123,10,1641.3,False,False,True,4.820281565605037,2.3978952727983707,7.403852977343515,0.6786862295017252,2.1361240451745016,1.0149880184980509
15015.0,137,13,2365.02,False,False,True,4.927253685157205,2.6390573296152584,7.768964497587981,0.7649020634234969,2.582526528256238,1.365215936912427
15016.0,29,4,460.26,False,False,True,3.4011973816621555,1.6094379124341003,6.133961875336526,-0.4650466126260415,0.6766518209102622,-0.20313656155095927
15018.0,3,1,111.25,False,False,True,1.3862943611198906,0.6931471805599453,4.720728526622364,-2.088988859585355,-1.0194460782877899,-1.5587601080841809
15020.0,15,1,203.42,False,False,True,2.772588722239781,0.6931471805599453,5.32017670090093,-0.971683482208837,-1.0194460782877899,-0.9837481606816185
15021.0,2,4,869.01,False,False,True,1.0986122886681098,1.6094379124341003,6.768504705835444,-2.3208506744639323,0.6766518209102622,0.4055394246836077
15022.0,313,1,281.05,False,False,True,5.749392985908253,0.6931471805599453,5.642084360185986,1.427517946055854,-1.0194460782877899,-0.6749629178671447
15024.0,3,8,2414.18,False,False,True,1.3862943611198906,2.1972245773362196,7.7895290974706315,-2.088988859585355,1.764673005494323,1.384942230416129
15025.0,204,1,636.08,False,False,True,5.3230099791384085,0.6931471805599453,6.4568952363835805,1.083867968354823,-1.0194460782877899,0.1066325707687769
15026.0,11,2,592.61,False,False,True,2.4849066497880004,1.0986122886681098,6.386222538072459,-1.2035452970874143,-0.26891080150533303,0.038840812235223565
15027.0,31,6,2129.45,False,False,True,3.4657359027997265,1.9459101490553132,7.664088503995247,-0.4130307935205781,1.2994779980390392,1.2646151645702417
15028.0,4,3,530.58,False,False,True,1.6094379124341003,1.3862943611198906,6.27585370385897,-1.909142863812241,0.26360245192940907,-0.06702888762669806
15029.0,255,1,365.1,False,False,True,5.545177444479562,0.6931471805599453,5.902906520126191,1.2629272725441985,-1.0194460782877899,-0.4247730523404787
15030.0,16,6,1461.63,False,False,True,2.833213344056216,1.9459101490553132,7.287991464044517,-0.9228221307840204,1.2994779980390392,0.9038495460667293
15031.0,30,10,2488.44,False,False,True,3.4339872044851463,2.3978952727983707,7.819813064566652,-0.4386191478747927,2.1361240451745016,1.4139916856353651
15037.0,12,2,402.51,False,False,True,2.5649493574615367,1.0986122886681098,6.000201270550366,-1.1390336390935285,-0.26891080150533303,-0.3314444773043106
15038.0,5,4,604.37,False,False,True,1.791759469228055,1.6094379124341003,6.405839841345903,-1.7621979857756733,0.6766518209102622,0.05765842523675668
15040.0,177,1,7.49,False,False,True,5.181783550292085,0.6931471805599453,2.138889000323256,0.9700443441642078,-1.0194460782877899,-4.03535214322526
15041.0,80,1,113.67,False,False,True,4.394449154672439,0.6931471805599453,4.742058438050213,0.3354800130298892,-1.0194460782877899,-1.538299700605565
15042.0,231,1,179.52,False,False,True,5.44673737166631,0.6931471805599453,5.1958415749588,1.1835879736273858,-1.0194460782877899,-1.103014822865668
15043.0,99,5,2336.7999999999997,False,False,True,4.605170185988092,1.791759469228055,7.75696559517367,0.5053138867139089,1.0141377287118658,1.3537061641914572
15046.0,61,10,2598.62,False,False,True,4.127134385045092,2.3978952727983707,7.863120559481906,0.12003354081346623,2.1361240451745016,1.4555337706009523
15048.0,4,1,98.7,False,False,True,1.6094379124341003,0.6931471805599453,4.602165676967792,-1.909142863812241,-1.0194460782877899,-1.6724897981470803
15050.0,57,2,2411.7,False,False,True,4.060443010546419,1.0986122886681098,7.788501731331401,0.06628259625086781,-0.26891080150533303,1.3839567443812013
15051.0,15,6,2543.55,False,False,True,2.772588722239781,1.9459101490553132,7.841709096061802,-0.971683482208837,1.2994779980390392,1.4349951355592327
15055.0,110,3,560.07,False,False,True,4.709530201312334,1.3862943611198906,6.329845674922272,0.5894244548407798,0.26360245192940907,-0.0152378742291251
15056.0,156,1,133.45,False,False,True,5.056245805348308,0.6931471805599453,4.901192382714874,0.8688652573675951,-1.0194460782877899,-1.3856527774089051
15057.0,79,3,1766.46,False,False,True,4.382026634673881,1.3862943611198906,7.477298766680135,0.32546789094079437,0.26360245192940907,1.0854398242872574
15058.0,12,5,1285.04,False,False,True,2.5649493574615367,1.791759469228055,7.159323008512906,-1.1390336390935285,1.0141377287118658,0.7804262004646615
15059.0,12,10,2185.85,False,False,True,2.5649493574615367,2.3978952727983707,7.69021743121894,-1.1390336390935285,2.1361240451745016,1.2896789581909622
15062.0,59,4,1597.76,False,False,True,4.0943445622221,1.6094379124341003,7.3769836077601205,0.09360607606221706,0.6766518209102622,0.9892139663070986
15064.0,46,4,1254.41,False,False,True,3.8501476017100584,1.6094379124341003,7.135217491440363,-0.10320824041433209,0.6766518209102622,0.7573033336184825
15065.0,46,1,168.73,False,False,True,3.8501476017100584,0.6931471805599453,5.13420893917344,-0.10320824041433209,-1.0194460782877899,-1.1621350328306819
15067.0,49,2,2133.12,False,False,True,3.912023005428146,1.0986122886681098,7.665809662708082,-0.05333880197435037,-0.26891080150533303,1.266266161046204
15068.0,54,2,623.49,False,False,True,4.007333185232471,1.0986122886681098,6.436935316627178,0.02347791127266091,-0.26891080150533303,0.08748630788635053
15070.0,8,3,737.0500000000001,False,False,True,2.1972245773362196,1.3862943611198906,6.604011572983006,-1.4354071119659917,0.26360245192940907,0.24775177812072938
15071.0,22,2,473.49,False,False,True,3.1354942159291497,1.0986122886681098,6.16224054301231,-0.6791941877627027,-0.26891080150533303,-0.17601066065089876
15072.0,115,1,187.51999999999998,False,False,True,4.7535901911063645,0.6931471805599453,5.23920410205553,0.6249352849391268,-1.0194460782877899,-1.061419949079965
15073.0,36,5,1744.61,False,False,True,3.6109179126442243,1.791759469228055,7.464859343751673,-0.29601910765716044,1.0141377287118658,1.0735074886666391
15074.0,65,2,817.46,False,False,True,4.189654742026425,1.0986122886681098,6.707424525733084,0.17042278930922797,-0.26891080150533303,0.34694914980183605
15076.0,128,2,566.89,False,False,True,4.859812404361672,1.0986122886681098,6.3419277379944194,0.7105467202847302,-0.26891080150533303,-0.0036483308559762525
15077.0,130,2,2428.08,False,False,True,4.875197323201151,1.0986122886681098,7.795267863824162,0.7229464335288678,-0.26891080150533303,1.3904470586201743
15079.0,1,8,2871.74,False,False,True,0.6931471805599453,2.1972245773362196,7.963021557146566,-2.6476415482736133,1.764673005494323,1.551362350417296
15080.0,63,2,546.25,False,False,True,4.1588830833596715,1.0986122886681098,6.304905736402972,0.14562189516768048,-0.26891080150533303,-0.039161147718683384
15081.0,3,8,1460.92,False,False,True,1.3862943611198906,2.1972245773362196,7.287505919250311,-2.088988859585355,1.764673005494323,0.9033837942809242
15082.0,304,1,93.35000000000001,False,False,True,5.720311776607412,0.6931471805599453,4.54701127181456,1.4040794957211118,-1.0194460782877899,-1.7253958595478986
15084.0,15,2,965.2,False,False,True,2.772588722239781,1.0986122886681098,6.873370852120306,-0.971683482208837,-0.26891080150533303,0.5061307511388603
15085.0,365,1,347.54,False,False,True,5.902633333401366,0.6931471805599453,5.853753001232496,1.5510243737576788,-1.0194460782877899,-0.47192285082767477
15086.0,200,2,218.53,False,False,True,5.303304908059076,1.0986122886681098,5.391488897435831,1.067986361608086,-0.26891080150533303,-0.9153429727728598
15091.0,310,2,565.9,False,False,True,5.739792912179234,1.0986122886681098,6.340182921330258,1.4197806181827326,-0.26891080150533303,-0.005322020877849217
15092.0,98,1,318.65,False,False,True,4.59511985013459,0.6931471805599453,5.767226647212736,0.49721366311890963,-1.0194460782877899,-0.55492199814583
15094.0,99,2,83.0,False,False,True,4.605170185988092,1.0986122886681098,4.430816798843313,0.5053138867139089,-0.26891080150533303,-1.8368537187048144
15095.0,56,6,1771.04,False,False,True,4.04305126783455,1.9459101490553132,7.4798867042736825,0.05226545227415695,1.2994779980390392,1.0879222658047634
15097.0,219,2,660.27,False,False,True,5.393627546352362,1.0986122886681098,6.494162228461808,1.1407832886491787,-0.26891080150533303,0.1423803911946662
15100.0,2,6,2018.6999999999998,False,False,True,1.0986122886681098,1.9459101490553132,7.610704264514343,-2.3208506744639323,1.2994779980390392,1.2134071088588994
15101.0,151,4,1160.41,False,False,True,5.0238805208462765,1.6094379124341003,7.057390063198797,0.8427799558409932,0.6766518209102622,0.6826485044026382
15102.0,166,2,554.67,False,False,True,5.117993812416755,1.0986122886681098,6.320174592864931,0.9186320185077952,-0.26891080150533303,-0.02451471911062623
15105.0,66,2,795.98,False,False,True,4.204692619390966,1.0986122886681098,6.680829584372467,0.1825427991101455,-0.26891080150533303,0.3214383388944047
15107.0,8,4,620.85,False,False,True,2.1972245773362196,1.6094379124341003,6.43269890609975,-1.4354071119659917,0.6766518209102622,0.08342259266976047
15109.0,215,2,498.15000000000003,False,False,True,5.375278407684165,1.0986122886681098,6.2129066517824345,1.1259945165967253,-0.26891080150533303,-0.12740993231223743
15110.0,39,2,509.75,False,False,True,3.6888794541139363,1.0986122886681098,6.235880233697731,-0.23318479774746423,-0.26891080150533303,-0.10537285781146788
15111.0,8,3,1163.39,False,False,True,2.1972245773362196,1.3862943611198906,7.05995262372054,-1.4354071119659917,0.26360245192940907,0.6851066033329047
15112.0,247,1,209.4,False,False,True,5.5134287461649825,0.6931471805599453,5.349010480863555,1.237338918189984,-1.0194460782877899,-0.9560897763896995
15114.0,19,2,639.56,False,False,True,2.995732273553991,1.0986122886681098,6.462342793764378,-0.7918374864357232,-0.26891080150533303,0.11185806099883647
15115.0,368,1,191.74,False,False,True,5.910796644040527,0.6931471805599453,5.261342130423142,1.5576037202010717,-1.0194460782877899,-1.0401843671739337
15117.0,84,3,934.19,False,False,True,4.442651256490317,1.3862943611198906,6.840749717200775,0.3743292423656113,0.26360245192940907,0.4748394016587554
15122.0,58,8,2863.69,False,False,True,4.07753744390572,2.1972245773362196,7.960215420851252,0.08006011915741833,1.764673005494323,1.548670604966929
15123.0,57,3,2456.86,False,False,True,4.060443010546419,1.3862943611198906,7.807046331628367,0.06628259625086781,0.26360245192940907,1.4017453826457085
15124.0,112,2,266.63,False,False,True,4.727387818712341,1.0986122886681098,5.589605429593802,0.603817077726472,-0.26891080150533303,-0.7253025691868473
15126.0,172,2,449.49,False,False,True,5.153291594497779,1.0986122886681098,6.110335879243754,0.9470808118050087,-0.26891080150533303,-0.22579945486776656
15127.0,155,1,304.97,False,False,True,5.049856007249537,0.6931471805599453,5.723487057930536,0.8637153007809296,-1.0194460782877899,-0.5968785633518456
15128.0,66,1,312.68,False,False,True,4.204692619390966,0.6931471805599453,5.748373357984076,0.1825427991101455,-1.0194460782877899,-0.5730067417808611
15129.0,21,12,3412.78,False,False,True,3.091042453358316,2.5649493574615367,8.135575460739048,-0.7150207731887119,2.445349133013286,1.716882174138569
15131.0,30,1,80.28,False,False,True,3.4339872044851463,0.6931471805599453,4.397899983830172,-0.4386191478747927,-1.0194460782877899,-1.8684286950166127
15133.0,18,2,824.48,False,False,True,2.9444389791664403,1.0986122886681098,6.715965035325923,-0.8331781102237836,-0.26891080150533303,0.3551415094811342
15134.0,17,2,208.3,False,False,True,2.8903717578961645,1.0986122886681098,5.343768629451954,-0.876754423277733,-0.26891080150533303,-0.9611179461590158
15135.0,192,1,166.63,False,False,True,5.262690188904886,0.6931471805599453,5.121759169643187,1.0352523006580328,-1.0194460782877899,-1.1740772932786672
15137.0,156,2,823.4,False,False,True,5.056245805348308,1.0986122886681098,6.714655849016304,0.8688652573675951,-0.26891080150533303,0.3538856915443911
15138.0,29,1,502.52,False,False,True,3.4011973816621555,0.6931471805599453,6.221623433316097,-0.4650466126260415,-1.0194460782877899,-0.11904848633605086
15140.0,78,1,889.44,False,False,True,4.3694478524670215,0.6931471805599453,6.791715722582128,0.3153298269085502,-1.0194460782877899,0.42780425509495523
15141.0,93,7,1388.47,False,False,True,4.543294782270004,2.0794415416798357,7.236677658449301,0.4554444482739268,1.546650982146608,0.8546275239637302
15142.0,46,5,2121.18,False,False,True,3.8501476017100584,1.791759469228055,7.66019914121263,-0.10320824041433209,1.0141377287118658,1.2608843498580617
15143.0,68,1,304.18,False,False,True,4.23410650459726,0.6931471805599453,5.72090176646359,0.20624937473523788,-1.0194460782877899,-0.5993584666108741
15149.0,212,4,1033.81,False,False,True,5.3612921657094255,1.6094379124341003,6.941973113968312,1.114722088600234,0.6766518209102622,0.5719364735917091
15150.0,92,3,3686.61,False,False,True,4.532599493153256,1.3862943611198906,8.21273383071163,0.44682441462314787,0.26360245192940907,1.790895218935539
15151.0,59,2,2085.61,False,False,True,4.0943445622221,1.0986122886681098,7.643296018507768,0.09360607606221706,-0.26891080150533303,1.2446702751127274
15152.0,337,1,518.14,False,False,True,5.823045895483019,0.6931471805599453,6.252173596308333,1.4868796474630743,-1.0194460782877899,-0.08974368657288029
15154.0,114,2,1091.99,False,False,True,4.74493212836325,1.0986122886681098,6.996672339003853,0.617957185386929,-0.26891080150533303,0.624405910081278
15155.0,19,1,383.96999999999997,False,False,True,2.995732273553991,0.6931471805599453,5.95316540917378,-0.7918374864357232,-1.0194460782877899,-0.3765629436011807
15157.0,205,2,718.04,False,False,True,5.327876168789581,1.0986122886681098,6.577916988996964,1.0877899491527518,-0.26891080150533303,0.22272092775150196
15158.0,37,1,204.62,False,False,True,3.6375861597263857,0.6931471805599453,5.3260298051145725,-0.27452542153552467,-1.0194460782877899,-0.9781336555473139
15159.0,31,4,3475.7200000000003,False,False,True,3.4657359027997265,1.6094379124341003,8.15384459957338,-0.4130307935205781,0.6766518209102622,1.7344065799992425
15160.0,10,3,431.11,False,False,True,2.3978952727983707,1.3862943611198906,6.068680185461118,-1.2736734618769707,0.26360245192940907,-0.2657570736080108
15161.0,24,1,119.92,False,False,True,3.2188758248682006,0.6931471805599453,4.795129169911258,-0.6119914906626093,-1.0194460782877899,-1.4873923725213236
15162.0,367,1,312.9,False,False,True,5.908082938168931,0.6931471805599453,5.749074463847908,1.555416566990333,-1.0194460782877899,-0.5723342161724839
15164.0,25,6,1225.8700000000001,False,False,True,3.258096538021482,1.9459101490553132,7.1122214896276175,-0.5803809504052695,1.2994779980390392,0.735244753156988
15165.0,9,1,487.75,False,False,True,2.302585092994046,0.6931471805599453,6.1918511112995755,-1.3504901751239817,-1.0194460782877899,-0.14760715345021683
15166.0,103,1,167.16,False,False,True,4.6443908991413725,0.6931471805599453,5.124915907128641,0.536924426971248,-1.0194460782877899,-1.1710492387331104
15167.0,43,4,1496.67,False,False,True,3.784189633918261,1.6094379124341003,7.311665846083971,-0.1563680845004533,0.6766518209102622,0.9265588528995377
15169.0,18,2,569.22,False,False,True,2.9444389791664403,1.0986122886681098,6.3460222512755795,-0.8331781102237836,-0.26891080150533303,0.0002792714897961844
15170.0,42,1,81.15,False,False,True,3.7612001156935624,0.6931471805599453,4.408546844483277,-0.17489684221320997,-1.0194460782877899,-1.8582158487013596
15173.0,16,7,1494.6,False,False,True,2.833213344056216,2.0794415416798357,7.310282743102959,-0.9228221307840204,1.546650982146608,0.9252321314702371
15174.0,46,1,345.71,False,False,True,3.8501476017100584,0.6931471805599453,5.848488695655459,-0.10320824041433209,-1.0194460782877899,-0.4769725594287848
15176.0,303,1,988.04,False,False,True,5.717027701406222,0.6931471805599453,6.896734775698672,1.4014326445292522,-1.0194460782877899,0.5285422552057949
15177.0,61,1,948.93,False,False,True,4.127134385045092,0.6931471805599453,6.856388297669246,0.12003354081346623,-1.0194460782877899,0.4898404826456301
15180.0,3,3,816.9300000000001,False,False,True,1.3862943611198906,1.3862943611198906,6.706776758368908,-2.088988859585355,0.26360245192940907,0.34632778837390743
15181.0,56,2,510.72,False,False,True,4.04305126783455,1.0986122886681098,6.237777600448834,0.05226545227415695,-0.26891080150533303,-0.10355283633621432
15182.0,21,9,2376.1020000000003,False,False,True,3.091042453358316,2.302585092994046,7.77363737767218,-0.7150207731887119,1.959700351127462,1.3696983292066858
15183.0,183,3,639.93,False,False,True,5.214935757608986,1.3862943611198906,6.462920246589264,0.9967638783020741,0.26360245192940907,0.11241197422706566
15184.0,23,2,283.19,False,False,True,3.1780538303479458,1.0986122886681098,5.649643028555553,-0.6448926083991554,-0.26891080150533303,-0.6677123751089058
15186.0,110,3,991.7900000000001,False,False,True,4.709530201312334,1.3862943611198906,6.90051916131751,0.5894244548407798,0.26360245192940907,0.5321723720996016
15188.0,361,1,310.43,False,False,True,5.8916442118257715,0.6931471805599453,5.7411745938732635,1.5421675212929993,-1.0194460782877899,-0.5799120516105754
15189.0,17,5,1298.99,False,False,True,2.8903717578961645,1.791759469228055,7.17011185111235,-0.876754423277733,1.0141377287118658,0.790775240898044
15190.0,70,1,834.4399999999999,False,False,True,4.2626798770413155,0.6931471805599453,6.727958532171293,0.22927852610229346,-1.0194460782877899,0.3666460969886736
15191.0,99,3,588.05,False,False,True,4.605170185988092,1.3862943611198906,6.378511069692128,0.5053138867139089,0.26360245192940907,0.03144369828781072
15192.0,1,3,937.07,False,False,True,0.6931471805599453,1.3862943611198906,6.84382457308745,-2.6476415482736133,0.26360245192940907,0.4777889124709406
15196.0,68,2,316.25,False,False,True,4.23410650459726,1.0986122886681098,5.759690106594497,0.20624937473523788,-0.26891080150533303,-0.5621513151802635
15197.0,30,3,797.9,False,False,True,3.4339872044851463,1.3862943611198906,6.683235781487996,-0.4386191478747927,0.26360245192940907,0.32374644850020984
15198.0,44,3,377.71,False,False,True,3.8066624897703196,1.3862943611198906,5.9367707406853345,-0.13825573881636022,0.26360245192940907,-0.39228929103047383
15199.0,10,6,1853.7,False,False,True,2.3978952727983707,1.9459101490553132,7.525478236895241,-1.2736734618769707,1.2994779980390392,1.1316552807386069
15200.0,130,1,549.05,False,False,True,4.875197323201151,0.6931471805599453,6.310009183185445,0.7229464335288678,-1.0194460782877899,-0.034265740577963465
15201.0,75,2,606.4100000000001,False,False,True,4.330733340286331,1.0986122886681098,6.409204016091534,0.28412726715273423,-0.26891080150533303,0.060885460958762634
15203.0,26,9,2572.38,False,False,True,3.295836866004329,2.302585092994046,7.852975488901306,-0.5499635494680514,1.959700351127462,1.4458022591185666
15207.0,52,3,683.9200000000001,False,False,True,3.970291913552122,1.3862943611198906,6.5293020431207704,-0.006376074427667188,0.26360245192940907,0.17608774760247037
15208.0,59,1,100.4,False,False,True,4.0943445622221,0.6931471805599453,4.619073091157083,0.09360607606221706,-1.0194460782877899,-1.65627160685769
15209.0,366,1,178.98000000000002,False,False,True,5.905361848054571,0.6931471805599453,5.192845733605803,1.5532234623349515,-1.0194460782877899,-1.1058885401350038
15210.0,14,2,845.01,False,False,True,2.70805020110221,1.0986122886681098,6.740531179867333,-1.0236993013143005,-0.26891080150533303,0.3787062265309933
15211.0,1,1,383.07,False,False,True,0.6931471805599453,0.6931471805599453,5.950824827641287,-2.6476415482736133,-1.0194460782877899,-0.37880811241276774
15212.0,12,1,106.47999999999999,False,False,True,2.5649493574615367,0.6931471805599453,4.6773047837472905,-1.1390336390935285,-1.0194460782877899,-1.6004137022154072
15215.0,29,4,1687.49,False,False,True,3.4011973816621555,1.6094379124341003,7.431589917391739,-0.4650466126260415,0.6766518209102622,1.0415942750461038
15216.0,254,1,389.49,False,False,True,5.541263545158426,0.6931471805599453,5.967402360757223,1.2597728048635513,-1.0194460782877899,-0.36290635474773364
15217.0,199,1,426.24,False,False,True,5.298317366548036,0.6931471805599453,6.057345916221495,1.0639665754021672,-1.0194460782877899,-0.2766293066174854
15219.0,284,1,379.7,False,False,True,5.652489180268651,0.6931471805599453,5.942011663388452,1.3494168254237886,-1.0194460782877899,-0.3872620121112703
15221.0,2,4,2062.2000000000003,False,False,True,1.0986122886681098,1.6094379124341003,7.632013454567135,-2.3208506744639323,0.6766518209102622,1.2338476396597038
15222.0,108,10,2965.91,False,False,True,4.6913478822291435,2.3978952727983707,7.995276286160372,0.5747701336124852,2.1361240451745016,1.5823022303585301
15223.0,245,3,662.2,False,False,True,5.5053315359323625,1.3862943611198906,6.497076603821085,1.23081284639139,0.26360245192940907,0.1451759633937425
15224.0,148,3,549.28,False,False,True,5.003946305945459,1.3862943611198906,6.310427239592795,0.8267136670879539,0.26360245192940907,-0.033864726046216674
15227.0,32,4,1269.0900000000001,False,False,True,3.4965075614664802,1.6094379124341003,7.146843043083483,-0.3882298993790306,0.6766518209102622,0.7684549750393354
15228.0,64,2,2193.56,False,False,True,4.174387269895637,1.0986122886681098,7.693736849834501,0.1581177340561029,-0.26891080150533303,1.293054909338522
15229.0,222,1,160.5,False,False,True,5.407171771460119,0.6931471805599453,5.084505142662711,1.1516994663165754,-1.0194460782877899,-1.2098126771230029
15231.0,257,1,250.26,False,False,True,5.552959584921617,0.6931471805599453,5.526488259576272,1.2691994089729892,-1.0194460782877899,-0.7858467970343957
15233.0,37,1,59.400000000000006,False,False,True,3.6375861597263857,0.6931471805599453,4.100989104940769,-0.27452542153552467,-1.0194460782877899,-2.1532361395979085
15235.0,5,6,690.3000000000001,False,False,True,1.791759469228055,1.9459101490553132,6.538573882951219,-1.7621979857756733,1.2994779980390392,0.18498162518134087
15240.0,10,7,2753.41,False,False,True,2.3978952727983707,2.0794415416798357,7.920958542572472,-1.2736734618769707,1.546650982146608,1.5110140151287939
15241.0,66,3,1293.72,False,False,True,4.204692619390966,1.3862943611198906,7.166049734539326,0.1825427991101455,0.26360245192940907,0.7868787146236224
15242.0,58,1,302.04,False,False,True,4.07753744390572,0.6931471805599453,5.713864809997713,0.08006011915741833,-1.0194460782877899,-0.6061085648092721
15243.0,71,1,610.6,False,False,True,4.276666119016055,0.6931471805599453,6.416078474054907,0.24055095409878485,-1.0194460782877899,0.06747968483076518
15244.0,302,1,280.51,False,False,True,5.713732805509369,0.6931471805599453,5.640167970927469,1.3987770722303965,-1.0194460782877899,-0.6768011864061174
15245.0,38,5,2095.0,False,False,True,3.6635616461296463,1.791759469228055,7.647786045440933,-0.25359007659558824,1.0141377287118658,1.2489772681798699
15246.0,191,1,266.25,False,False,True,5.2574953720277815,0.6931471805599453,5.588184549905154,1.031065457665621,-1.0194460782877899,-0.7266655273738121
15247.0,113,2,620.06,False,False,True,4.736198448394496,1.0986122886681098,6.4314276956237135,0.6109181409624159,-0.26891080150533303,0.0822032024993524
15248.0,47,3,1893.93,False,False,True,3.871201010907891,1.3862943611198906,7.546937177520269,-0.08623991971089644,0.26360245192940907,1.1522394575990063
15249.0,66,5,2577.54,False,False,True,4.204692619390966,1.791759469228055,7.854978626265784,0.1825427991101455,1.0141377287118658,1.4477237395171842
15250.0,276,1,60.0,False,False,True,5.6240175061873385,0.6931471805599453,4.110873864173311,1.326469639424804,-1.0194460782877899,-2.143754327992176
15252.0,57,3,1362.63,False,False,True,4.060443010546419,1.3862943611198906,7.217905540608421,0.06628259625086781,0.26360245192940907,0.8366206428024934
15253.0,39,3,1136.89,False,False,True,3.6888794541139363,1.3862943611198906,7.036930949205884,-0.23318479774746423,0.26360245192940907,0.6630233967052891
15254.0,182,2,787.99,False,False,True,5.209486152841421,1.0986122886681098,6.670753646494326,0.9923716850694205,-0.26891080150533303,0.3117731419519169
15255.0,32,8,2838.57,False,False,True,3.4965075614664802,2.1972245773362196,7.951407911241131,-0.3882298993790306,1.764673005494323,1.5402221294022522
15256.0,197,1,71.95,False,False,True,5.288267030694535,0.6931471805599453,4.289774274968795,1.0558663518071685,-1.0194460782877899,-1.9721467094913225
15257.0,50,1,368.75,False,False,True,3.9318256327243257,0.6931471805599453,5.912827101590909,-0.03737856828608019,-1.0194460782877899,-0.4152568787792551
15259.0,148,4,1182.3799999999999,False,False,True,5.003946305945459,1.6094379124341003,7.076130029643467,0.8267136670879539,0.6766518209102622,0.7006245448044244
15261.0,17,3,1253.18,False,False,True,2.8903717578961645,1.3862943611198906,7.134237251561746,-0.876754423277733,0.26360245192940907,0.7563630527640058
15262.0,16,2,239.87,False,False,True,2.833213344056216,1.0986122886681098,5.484257368864703,-0.9228221307840204,-0.26891080150533303,-0.826356165067469
15264.0,166,1,454.66,False,False,True,5.117993812416755,0.6931471805599453,6.1217469173709045,0.9186320185077952,-1.0194460782877899,-0.21485358241886932
15265.0,240,2,1839.52,False,False,True,5.484796933490655,1.0986122886681098,7.517803419372369,1.2142626660156475,-0.26891080150533303,1.124293323593442
15266.0,15,4,732.91,False,False,True,2.772588722239781,1.6094379124341003,6.598386405292769,-0.971683482208837,0.6766518209102622,0.24235591778314153
15268.0,114,3,961.9000000000001,False,False,True,4.74493212836325,1.3862943611198906,6.869949564246238,0.617957185386929,0.26360245192940907,0.5028489304786168
15269.0,16,2,816.56,False,False,True,2.833213344056216,1.0986122886681098,6.706324294573577,-0.9228221307840204,-0.26891080150533303,0.3458937690553973
15271.0,1,10,2202.4700000000003,False,False,True,0.6931471805599453,2.3978952727983707,7.6977886694854805,-2.6476415482736133,2.1361240451745016,1.2969415584401525
15272.0,86,4,1363.54,False,False,True,4.465908118654584,1.6094379124341003,7.218572654486038,0.39307347006054943,0.6766518209102622,0.8372605620922123
15273.0,235,1,228.96,False,False,True,5.4638318050256105,0.6931471805599453,5.43790538075509,1.1973654965339362,-1.0194460782877899,-0.8708186358739993
15276.0,30,3,514.22,False,False,True,3.4339872044851463,1.3862943611198906,6.244593993912448,-0.4386191478747927,0.26360245192940907,-0.09701430999156065
15277.0,61,1,220.44,False,False,True,4.127134385045092,0.6931471805599453,5.400151672429304,0.12003354081346623,-1.0194460782877899,-0.9070333317852931
15278.0,197,4,496.15999999999997,False,False,True,5.288267030694535,1.6094379124341003,6.208911905877311,1.0558663518071685,0.6766518209102622,-0.13124183425279834
15279.0,16,4,1290.03,False,False,True,2.833213344056216,1.6094379124341003,7.163195628376804,-0.9228221307840204,0.6766518209102622,0.7841409547754407
15280.0,124,2,293.09999999999997,False,False,True,4.8283137373023015,1.0986122886681098,5.68391984555995,0.6851598824870228,-0.26891080150533303,-0.6348328366564284
15282.0,206,1,348.59,False,False,True,5.332718793265369,0.6931471805599453,5.856761039253281,1.0916929372331778,-1.0194460782877899,-0.46903743408205834
15283.0,26,3,148.33,False,False,True,3.295836866004329,1.3862943611198906,5.006158622069178,-0.5499635494680514,0.26360245192940907,-1.284965438131776
15284.0,136,1,24.75,False,False,True,4.919980925828125,0.6931471805599453,3.248434627109745,0.7590404705795485,-1.0194460782877899,-2.9710366294473944
15285.0,43,1,94.92,False,False,True,3.784189633918261,0.6931471805599453,4.5635145107192585,-0.1563680845004533,-1.0194460782877899,-1.709565367525029
15287.0,15,3,369.34000000000003,False,False,True,2.772588722239781,1.3862943611198906,5.91442150260967,-0.971683482208837,0.26360245192940907,-0.4137274727787416
15288.0,1,6,1576.6100000000001,False,False,True,0.6931471805599453,1.9459101490553132,7.363666322570674,-2.6476415482736133,1.2994779980390392,0.976439554073523
15289.0,94,2,653.3100000000001,False,False,True,4.553876891600541,1.0986122886681098,6.483581245267995,0.4639732629258481,-0.26891080150533303,0.1322307368746238
15290.0,29,8,2553.06,False,False,True,3.4011973816621555,2.1972245773362196,7.845439528877228,-0.4650466126260415,1.764673005494323,1.4385734990106425
15293.0,301,1,247.5,False,False,True,5.71042701737487,0.6931471805599453,5.5154428455366835,1.3961127211641773,-1.0194460782877899,-0.7964419498921306
15294.0,46,1,233.35,False,False,True,3.8501476017100584,0.6931471805599453,5.456815724368715,-0.10320824041433209,-1.0194460782877899,-0.8526791636495517
15295.0,290,1,217.23999999999998,False,False,True,5.673323267171493,0.6931471805599453,5.3855953746550975,1.3662083799320754,-1.0194460782877899,-0.9209962488301096
15299.0,8,6,3484.5299999999997,False,False,True,2.1972245773362196,1.9459101490553132,8.156375391975914,-1.4354071119659917,1.2994779980390392,1.7368342058229487
15301.0,4,6,2533.09,False,False,True,1.6094379124341003,1.9459101490553132,7.837589877219591,-1.909142863812241,1.2994779980390392,1.4310438347631502
15302.0,366,1,308.0,False,False,True,5.905361848054571,0.6931471805599453,5.733341276897746,1.5532234623349515,-1.0194460782877899,-0.5874260470516905
15303.0,201,2,650.16,False,False,True,5.308267697401205,1.0986122886681098,6.478755387740309,1.0719861984207155,-0.26891080150533303,0.12760160319142935
15304.0,4,2,225.15,False,False,True,1.6094379124341003,1.0986122886681098,5.421198495923853,-1.909142863812241,-0.26891080150533303,-0.8868444722916378
15305.0,191,1,93.6,False,False,True,5.2574953720277815,0.6931471805599453,4.549657476057832,1.031065457665621,-1.0194460782877899,-1.7228575265936275
15306.0,136,6,2310.38,False,False,True,4.919980925828125,1.9459101490553132,7.745600027739347,0.7590404705795485,1.2994779980390392,1.3428039088436783
15309.0,246,4,797.96,False,False,True,5.5093883366279774,1.6094379124341003,6.683310881934879,1.2340824876445606,0.6766518209102622,0.32381848751219827
15310.0,114,1,1634.64,False,False,True,4.74493212836325,0.6931471805599453,7.399789444048626,0.617957185386929,-1.0194460782877899,1.0110901332537734
15312.0,19,8,2005.3400000000001,False,False,True,2.995732273553991,2.1972245773362196,7.604067445685239,-0.7918374864357232,1.764673005494323,1.2070408368720438
15314.0,49,2,492.47999999999996,False,False,True,3.912023005428146,1.0986122886681098,6.201482331203263,-0.05333880197435037,-0.26891080150533303,-0.1383685457601577
15317.0,313,1,129.75,False,False,True,5.749392985908253,0.6931471805599453,4.873287102945032,1.427517946055854,-1.0194460782877899,-1.4124205113878785
15322.0,112,1,711.18,False,False,True,4.727387818712341,0.6931471805599453,6.568330688449932,0.603817077726472,-1.0194460782877899,0.2135254083013523
15323.0,198,3,434.6,False,False,True,5.293304824724492,1.3862943611198906,6.076724391058805,1.0599266398077916,0.26360245192940907,-0.25804078632162525
15324.0,337,1,140.22000000000003,False,False,True,5.823045895483019,0.6931471805599453,4.950318958088201,1.4868796474630743,-1.0194460782877899,-1.338528824101962
15325.0,31,7,1439.72,False,False,True,3.4657359027997265,2.0794415416798357,7.272898267611698,-0.4130307935205781,1.546650982146608,0.8893716167881727
15326.0,245,4,1388.81,False,False,True,5.5053315359323625,1.6094379124341003,7.236922326134238,1.23081284639139,0.6766518209102622,0.8548622178839368
15328.0,43,1,107.24,False,False,True,3.784189633918261,0.6931471805599453,4.684350983862532,-0.1563680845004533,-1.0194460782877899,-1.5936547371807244
15329.0,10,8,1934.63,False,False,True,2.3978952727983707,2.1972245773362196,7.56818813386911,-1.2736734618769707,1.764673005494323,1.1726241285657997
15331.0,135,3,767.91,False,False,True,4.912654885736052,1.3862943611198906,6.644973927545967,0.7531359352807564,0.26360245192940907,0.28704432129310575
15336.0,37,1,240.5,False,False,True,3.6375861597263857,0.6931471805599453,5.486869473092628,-0.27452542153552467,-1.0194460782877899,-0.8238505420572309
15337.0,47,1,373.02,False,False,True,3.871201010907891,0.6931471805599453,5.924309271920574,-0.08623991971089644,-1.0194460782877899,-0.4042427737990964
15338.0,313,1,283.43,False,False,True,5.749392985908253,0.6931471805599453,5.650487177597977,1.427517946055854,-1.0194460782877899,-0.6669026374107858
15339.0,57,5,1253.77,False,False,True,4.060443010546419,1.791759469228055,7.134707567838177,0.06628259625086781,1.0141377287118658,0.7568141968155013
15340.0,197,1,105.5,False,False,True,5.288267030694535,0.6931471805599453,4.66814498514948,1.0558663518071685,-1.0194460782877899,-1.6092001058705372
15341.0,85,1,382.2,False,False,True,4.454347296253507,0.6931471805599453,5.948557046096705,0.3837558464750486,-1.0194460782877899,-0.38098344889419566
15346.0,61,2,343.7,False,False,True,4.127134385045092,1.0986122886681098,5.84267447352282,0.12003354081346623,-0.26891080150533303,-0.4825497674920901
15347.0,2,4,1162.0,False,False,True,1.0986122886681098,1.6094379124341003,7.0587581525186645,-2.3208506744639323,0.6766518209102622,0.6839608241957285
15350.0,9,2,547.6,False,False,True,2.302585092994046,1.0986122886681098,6.307369578503503,-1.3504901751239817,-0.26891080150533303,-0.03679774299896112
15351.0,5,4,1778.18,False,False,True,1.791759469228055,1.6094379124341003,7.483907862985888,-1.7621979857756733,0.6766518209102622,1.0917795038465725
15352.0,184,1,114.95,False,False,True,5.220355825078324,0.6931471805599453,4.753159063701541,1.001132265492471,-1.0194460782877899,-1.5276515868118432
15353.0,3,6,2398.93,False,False,True,1.3862943611198906,1.9459101490553132,7.783194849244015,-2.088988859585355,1.2994779980390392,1.3788661948814447
15354.0,239,3,284.4,False,False,True,5.480638923341991,1.3862943611198906,5.653891705042736,1.2109114534387349,0.26360245192940907,-0.6636368939487223
15356.0,4,4,698.45,False,False,True,1.6094379124341003,1.6094379124341003,6.55029431192244,-1.909142863812241,0.6766518209102622,0.19622427630000658
15359.0,298,8,181.35,False,False,True,5.700443573390687,2.1972245773362196,5.205927917254689,1.3880664101056417,1.764673005494323,-1.0933396456366977
15361.0,162,3,270.15000000000003,False,False,True,5.093750200806762,1.3862943611198906,5.60267217328707,0.899092504838425,0.26360245192940907,-0.7127684852415275
15362.0,84,2,613.08,False,False,True,4.442651256490317,1.0986122886681098,6.420125212819335,0.3743292423656113,-0.26891080150533303,0.07136146016582841
15363.0,8,2,678.11,False,False,True,2.1972245773362196,1.0986122886681098,6.520783117383144,-1.4354071119659917,-0.26891080150533303,0.1679160919225348
15365.0,39,6,2242.81,False,False,True,3.6888794541139363,1.9459101490553132,7.7159305928261315,-0.23318479774746423,1.2994779980390392,1.3143439346877577
15366.0,45,5,1786.57,False,False,True,3.828641396489095,1.791759469228055,7.488612434640558,-0.12054149907444375,1.0141377287118658,1.0962922958191266
15367.0,54,7,3203.74,False,False,True,4.007333185232471,2.0794415416798357,8.072386242819173,0.02347791127266091,1.546650982146608,1.6562688353880073
15368.0,30,1,275.8,False,False,True,3.4339872044851463,0.6931471805599453,5.623295223743515,-0.4386191478747927,-1.0194460782877899,-0.6929861238745697
15370.0,46,1,1352.96,False,False,True,3.8501476017100584,0.6931471805599453,7.210788910938355,-0.10320824041433209,-1.0194460782877899,0.8297941192411321
15371.0,298,1,59.400000000000006,False,False,True,5.700443573390687,0.6931471805599453,4.100989104940769,1.3880664101056417,-1.0194460782877899,-2.1532361395979085
15373.0,7,6,1005.48,False,False,True,2.0794415416798357,1.9459101490553132,6.914214374042875,-1.530336170897096,1.2994779980390392,0.54530930582833
15374.0,260,1,139.32,False,False,True,5.564520407322694,0.6931471805599453,4.943925528623873,1.27851703255849,-1.0194460782877899,-1.3446616283786432
15375.0,326,1,60.959999999999994,False,False,True,5.7899601708972535,0.6931471805599453,4.1264890155486675,1.4602136961104257,-1.0194460782877899,-2.1287757210222984
15377.0,18,4,1211.75,False,False,True,2.9444389791664403,1.6094379124341003,7.100645787125326,-0.8331781102237836,0.6766518209102622,0.7241409287998515
15378.0,98,2,246.5,False,False,True,4.59511985013459,1.0986122886681098,5.511410582008745,0.49721366311890963,-0.26891080150533303,-0.800309840067008
15379.0,36,1,1174.55,False,False,True,3.6109179126442243,0.6931471805599453,7.0694914021669835,-0.29601910765716044,-1.0194460782877899,0.6942565378988613
15380.0,1,7,1788.8,False,False,True,0.6931471805599453,2.0794415416798357,7.4898591607487575,-2.6476415482736133,1.546650982146608,1.0974881997155994
15381.0,59,3,1293.72,False,False,True,4.0943445622221,1.3862943611198906,7.166049734539326,0.09360607606221706,0.26360245192940907,0.7868787146236224
15384.0,17,2,1385.38,False,False,True,2.8903717578961645,1.0986122886681098,7.234451312446217,-0.876754423277733,-0.26891080150533303,0.852491933923164
15385.0,28,2,625.2,False,False,True,3.367295829986474,1.0986122886681098,6.4396698088923054,-0.49237009243739077,-0.26891080150533303,0.09010932984220281
15387.0,128,1,468.65,False,False,True,4.859812404361672,0.6931471805599453,6.151987736440525,0.7105467202847302,-1.0194460782877899,-0.18584551631674426
15389.0,36,4,2233.8,False,False,True,3.6109179126442243,1.6094379124341003,7.711907017584994,-0.29601910765716044,0.6766518209102622,1.3104843786256986
15391.0,220,1,289.87,False,False,True,5.3981627015177525,0.6931471805599453,5.672876431960318,1.144438467084323,-1.0194460782877899,-0.6454260706212137
15392.0,10,3,1376.0900000000001,False,False,True,2.3978952727983707,1.3862943611198906,7.227727856069942,-1.2736734618769707,0.26360245192940907,0.8460425561285764
15393.0,203,3,659.48,False,False,True,5.318119993844216,1.3862943611198906,6.492966843413089,1.0799268090904373,0.26360245192940907,0.1412337354631892
15394.0,31,7,3103.26,False,False,True,3.4657359027997265,2.0794415416798357,8.040530640681792,-0.4130307935205781,1.546650982146608,1.6257118121011467
15396.0,219,1,508.20000000000005,False,False,True,5.393627546352362,0.6931471805599453,6.232840866683252,1.1407832886491787,-1.0194460782877899,-0.1082883264388772
15400.0,56,3,586.1,False,False,True,4.04305126783455,1.3862943611198906,6.37519516307014,0.05226545227415695,0.26360245192940907,0.028262963061768877
15401.0,88,2,216.95000000000002,False,False,True,4.48863636973214,1.0986122886681098,5.384265678684402,0.4113916554759489,-0.26891080150533303,-0.9222717403611048
15402.0,23,4,1203.77,False,False,True,3.1780538303479458,1.6094379124341003,7.094043956337202,-0.6448926083991554,0.6766518209102622,0.7178082185827094
15403.0,127,2,170.88,False,False,True,4.852030263919617,1.0986122886681098,5.146796558906795,0.7042745838559394,-0.26891080150533303,-1.1500605415792065
15404.0,11,1,257.06,False,False,True,2.4849066497880004,0.6931471805599453,5.5531921160237,-1.2035452970874143,-1.0194460782877899,-0.7602315109131664
15405.0,212,1,310.74,False,False,True,5.3612921657094255,0.6931471805599453,5.742169507060905,1.114722088600234,-1.0194460782877899,-0.5789576955977129
15406.0,89,2,465.15999999999997,False,False,True,4.499809670330265,1.0986122886681098,6.1445289228348186,0.4203969498718987,-0.26891080150533303,-0.19300027484427082
15409.0,357,1,131.25,False,False,True,5.8805329864007,0.6931471805599453,4.8846940707384086,1.5332122573426752,-1.0194460782877899,-1.4014785433474863
15410.0,204,2,1234.88,False,False,True,5.3230099791384085,1.0986122886681098,7.11953854592571,1.083867968354823,-0.26891080150533303,0.7422635330478171
15416.0,114,3,588.5,False,False,True,4.74493212836325,1.3862943611198906,6.379274719977426,0.617957185386929,0.26360245192940907,0.03217621872331293
15418.0,61,2,452.32,False,False,True,4.127134385045092,1.0986122886681098,6.116598277864748,0.12003354081346623,-0.26891080150533303,-0.21979234002284714
15420.0,70,6,743.0,False,False,True,4.2626798770413155,1.9459101490553132,6.612041034833092,0.22927852610229346,1.2994779980390392,0.25545392268154815
15421.0,21,6,2854.98,False,False,True,3.091042453358316,1.9459101490553132,7.957170320633835,-0.7150207731887119,1.2994779980390392,1.5457496368479409
15422.0,15,5,1522.27,False,False,True,2.772588722239781,1.791759469228055,7.328614618863514,-0.971683482208837,1.0141377287118658,0.9428167168154256
15423.0,217,2,223.39,False,False,True,5.384495062789089,1.0986122886681098,5.413385609375712,1.133422822300744,-0.26891080150533303,-0.8943388701422753
15424.0,99,1,214.44,False,False,True,4.605170185988092,0.6931471805599453,5.372682448503343,0.5053138867139089,-1.0194460782877899,-0.9333827855346742
15425.0,36,4,1944.57,False,False,True,3.6109179126442243,1.6094379124341003,7.573310272245073,-0.29601910765716044,0.6766518209102622,1.1775374653458683
15426.0,5,5,1168.0,False,False,True,1.791759469228055,1.791759469228055,7.063903961472068,-1.7621979857756733,1.0141377287118658,0.6888968666331238
15428.0,23,3,668.97,False,False,True,3.1780538303479458,1.3862943611198906,6.507232935263128,-0.6448926083991554,0.26360245192940907,0.15491827669377622
15430.0,103,2,954.75,False,False,True,4.6443908991413725,1.0986122886681098,6.862496372576522,0.536924426971248,-0.26891080150533303,0.495699564711466
15431.0,138,1,153.24,False,False,True,4.9344739331306915,0.6931471805599453,5.038509830862235,0.7707213339283926,-1.0194460782877899,-1.2539330113647569
15432.0,177,1,149.57,False,False,True,5.181783550292085,0.6931471805599453,5.014428092334952,0.9700443441642078,-1.0194460782877899,-1.2770330689870488
15434.0,10,6,1525.5800000000002,False,False,True,2.3978952727983707,1.9459101490553132,7.3307852182697735,-1.2736734618769707,1.2994779980390392,0.944898832743339
15437.0,276,1,193.29000000000002,False,False,True,5.6240175061873385,0.6931471805599453,5.269351888255022,1.326469639424804,-1.0194460782877899,-1.0325011234061545
15439.0,40,4,1269.05,False,False,True,3.713572066704308,1.6094379124341003,7.1468115487563955,-0.21328340479480876,0.6766518209102622,0.7684247645638884
15441.0,32,3,1254.21,False,False,True,3.4965075614664802,1.3862943611198906,7.135058168244959,-0.3882298993790306,0.26360245192940907,0.7571505051592653
15443.0,110,7,1939.02,False,False,True,4.709530201312334,2.0794415416798357,7.5704535612825845,0.5894244548407798,1.546650982146608,1.1747972068811836
15445.0,226,1,171.0,False,False,True,5.424950017481403,0.6931471805599453,5.147494476813453,1.1660281186122226,-1.0194460782877899,-1.1493910739724071
15446.0,12,3,406.95,False,False,True,2.5649493574615367,1.3862943611198906,6.011144617874809,-1.1390336390935285,0.26360245192940907,-0.32094723045940404
15447.0,163,4,337.71000000000004,False,False,True,5.099866427824199,1.6094379124341003,5.8251442840409675,0.9040219725817091,0.6766518209102622,-0.49936534692800566
15448.0,310,1,294.17,False,False,True,5.739792912179234,0.6931471805599453,5.687551461545784,1.4197806181827326,-1.0194460782877899,-0.6313492618123712
15451.0,70,2,233.21,False,False,True,4.2626798770413155,1.0986122886681098,5.45621814880031,0.22927852610229346,-0.26891080150533303,-0.8532523793269912
15452.0,26,3,1260.38,False,False,True,3.295836866004329,1.3862943611198906,7.139961638705089,-0.5499635494680514,0.26360245192940907,0.7618540879196993
15454.0,254,1,128.59,False,False,True,5.541263545158426,0.6931471805599453,4.864375620447323,1.2597728048635513,-1.0194460782877899,-1.4209687214335909
15455.0,233,1,38.25,False,False,True,5.455321115357702,0.6931471805599453,3.6699514442284173,1.1905061745906114,-1.0194460782877899,-2.5667027499322264
15456.0,39,7,1672.05,False,False,True,3.6888794541139363,2.0794415416798357,7.422403586971794,-0.23318479774746423,1.546650982146608,1.0327824211262662
15458.0,38,1,208.79999999999998,False,False,True,3.6635616461296463,0.6931471805599453,5.346154695962197,-0.25359007659558824,-1.0194460782877899,-0.9588291465437069
15459.0,53,2,202.82999999999998,False,False,True,3.9889840465642745,1.0986122886681098,5.3172863130956385,0.008689139220207557,-0.26891080150533303,-0.9865207231682249
15461.0,96,2,429.7,False,False,True,4.574710978503383,1.0986122886681098,6.065411792060065,0.4807648174341348,-0.26891080150533303,-0.2688922324675389
15462.0,81,1,502.45,False,False,True,4.406719247264253,0.6931471805599453,6.221484402361624,0.3453692838934502,-1.0194460782877899,-0.11918184975812947
15466.0,25,3,1236.48,False,False,True,3.258096538021482,1.3862943611198906,7.120832332696083,-0.5803809504052695,0.26360245192940907,0.7435045792003908
15468.0,28,1,962.97,False,False,True,3.367295829986474,0.6931471805599453,6.871060173794348,-0.49237009243739077,-1.0194460782877899,0.5039142665434583
15469.0,74,1,335.7,False,False,True,4.31748811353631,0.6931471805599453,5.819192326167029,0.27345207183533093,-1.0194460782877899,-0.5050746759989808
15470.0,211,1,63.419999999999995,False,False,True,5.356586274672012,0.6931471805599453,4.165424143903053,1.1109293029488503,-1.0194460782877899,-2.0914277651220776
15471.0,16,2,847.0799999999999,False,False,True,2.833213344056216,1.0986122886681098,6.742974970964842,-0.9228221307840204,-0.26891080150533303,0.38105039761753423
15473.0,80,1,274.8,False,False,True,4.394449154672439,0.6931471805599453,5.619675965359201,0.3354800130298892,-1.0194460782877899,-0.6964578448690023
15474.0,231,1,163.1,False,False,True,5.44673737166631,0.6931471805599453,5.100475998096045,1.1835879736273858,-1.0194460782877899,-1.19449286620614
15476.0,16,4,2209.98,False,False,True,2.833213344056216,1.6094379124341003,7.701191135135846,-0.9228221307840204,0.6766518209102622,1.3002053241559153
15477.0,285,1,368.4,False,False,True,5.655991810819852,0.6931471805599453,5.911880067765139,1.3522398246796317,-1.0194460782877899,-0.4161653072102322
15478.0,211,1,583.56,False,False,True,5.356586274672012,0.6931471805599453,6.370859427482962,1.1109293029488503,-1.0194460782877899,0.024103971725434808
15479.0,369,1,147.4,False,False,True,5.91350300563827,0.6931471805599453,4.99991133073328,1.5597849541807298,-1.0194460782877899,-1.2909580615330718
15482.0,22,7,3537.6,False,False,True,3.1354942159291497,2.0794415416798357,8.171486447678902,-0.6791941877627027,1.546650982146608,1.7513292663468063
15483.0,21,6,628.39,False,False,True,3.091042453358316,1.9459101490553132,6.444751096356646,-0.7150207731887119,1.2994779980390392,0.09498348097912013
15484.0,176,2,1061.69,False,False,True,5.176149732573829,1.0986122886681098,6.968558708340963,0.9655036816553582,-0.26891080150533303,0.5974383185368043
15485.0,9,5,3196.51,False,False,True,2.302585092994046,1.791759469228055,8.070127660891423,-1.3504901751239817,1.0141377287118658,1.6541023235052967
15486.0,163,1,102.0,False,False,True,5.099866427824199,0.6931471805599453,4.634728988229636,0.9040219725817091,-1.0194460782877899,-1.641253915170069
15487.0,315,1,231.32,False,False,True,5.755742213586912,0.6931471805599453,5.448115731636431,1.432635204285068,-1.0194460782877899,-0.8610245052120634
15488.0,92,4,340.6,False,False,True,4.532599493153256,1.6094379124341003,5.833640461914415,0.44682441462314787,0.6766518209102622,-0.4912155118061134
15489.0,36,5,1285.3300000000002,False,False,True,3.6109179126442243,1.791759469228055,7.159548481521243,-0.29601910765716044,1.0141377287118658,0.7806424821703603
15490.0,66,1,217.6,False,False,True,4.204692619390966,0.6931471805599453,5.387243575742438,0.1825427991101455,-1.0194460782877899,-0.9194152358958663
15493.0,25,4,2313.18,False,False,True,3.258096538021482,1.6094379124341003,7.746810692109499,-0.5803809504052695,0.6766518209102622,1.3439652210421338
15494.0,114,3,2480.82,False,False,True,4.74493212836325,1.3862943611198906,7.816747440975145,0.617957185386929,0.26360245192940907,1.4110510307681157
15495.0,15,1,246.5,False,False,True,2.772588722239781,0.6931471805599453,5.511410582008745,-0.971683482208837,-1.0194460782877899,-0.800309840067008
15496.0,267,1,146.14000000000001,False,False,True,5.5909869805108565,0.6931471805599453,4.9913845145041185,1.2998481764866634,-1.0194460782877899,-1.2991372860523136
15499.0,359,1,161.6,False,False,True,5.886104031450156,0.6931471805599453,5.0912931971137105,1.5377023272484165,-1.0194460782877899,-1.2033013345642547
15501.0,40,2,402.5,False,False,True,3.713572066704308,1.0986122886681098,6.000176487710004,-0.21328340479480876,-0.26891080150533303,-0.3314682498836765
15502.0,4,5,3608.54,False,False,True,1.6094379124341003,1.791759469228055,8.191335619385107,-1.909142863812241,1.0141377287118658,1.7703692957719508
15503.0,362,1,120.06,False,False,True,5.8944028342648505,0.6931471805599453,4.7962862904635415,1.5443908757058706,-1.0194460782877899,-1.486282421451827
15504.0,156,3,371.02,False,False,True,5.056245805348308,1.3862943611198906,5.918947616268805,0.8688652573675951,0.26360245192940907,-0.40938586404428073
15506.0,17,3,1060.77,False,False,True,2.8903717578961645,1.3862943611198906,6.967692605841965,-0.876754423277733,0.26360245192940907,0.5966075223045888
15509.0,16,1,166.51,False,False,True,2.833213344056216,0.6931471805599453,5.1210430509755955,-0.9228221307840204,-1.0194460782877899,-1.1747642197008192
15512.0,26,2,210.58,False,False,True,3.295836866004329,1.0986122886681098,5.354603177558628,-0.5499635494680514,-0.26891080150533303,-0.9507250633822135
15514.0,15,7,2459.09,False,False,True,2.772588722239781,2.0794415416798357,7.807953213623034,-0.971683482208837,1.546650982146608,1.4026152960163605
15515.0,23,1,171.81,False,False,True,3.1780538303479458,0.6931471805599453,5.1521927250659,-0.6448926083991554,-1.0194460782877899,-1.1448843476315158
15518.0,15,7,2276.4900000000002,False,False,True,2.772588722239781,2.0794415416798357,7.730829238345111,-0.971683482208837,1.546650982146608,1.3286352438302687
15519.0,19,2,344.61,False,False,True,2.995732273553991,1.0986122886681098,5.845310971696471,-0.7918374864357232,-0.26891080150533303,-0.48002074494401215
15524.0,242,1,151.4,False,False,True,5.493061443340548,0.6931471805599453,5.026508643252546,1.2209235755278292,-1.0194460782877899,-1.2654449761261743
15525.0,9,2,469.78,False,False,True,2.302585092994046,1.0986122886681098,6.154390893600181,-1.3504901751239817,-0.26891080150533303,-0.18354032274442034
15527.0,30,15,3145.86,False,False,True,3.4339872044851463,2.772588722239781,8.054160409262002,-0.4386191478747927,2.829699512363807,1.6387859694849514
15529.0,2,2,1116.72,False,False,True,1.0986122886681098,1.0986122886681098,7.019046175120709,-2.3208506744639323,-0.26891080150533303,0.6458676871429944
15530.0,148,1,311.37,False,False,True,5.003946305945459,0.6931471805599453,5.7441883826244515,0.8267136670879539,-1.0194460782877899,-0.5770211185604144
15532.0,12,6,2190.9700000000003,False,False,True,2.5649493574615367,1.9459101490553132,7.692555961842864,-1.1390336390935285,1.2994779980390392,1.2919221596983168
15534.0,361,1,162.25,False,False,True,5.8916442118257715,0.6931471805599453,5.09528276815654,1.5421675212929993,-1.0194460782877899,-1.1994743965351262
15535.0,40,2,551.42,False,False,True,3.713572066704308,1.0986122886681098,6.31430862652781,-0.21328340479480876,-0.26891080150533303,-0.0301415620499103
15536.0,45,1,259.09,False,False,True,3.828641396489095,0.6931471805599453,5.561027724964261,-0.12054149907444375,-1.0194460782877899,-0.7527153169379001
15538.0,173,6,3358.3999999999996,False,False,True,5.159055299214529,1.9459101490553132,8.119517665582903,0.9517261587488084,1.2994779980390392,1.7014789675563837
15540.0,11,1,247.38,False,False,True,2.4849066497880004,0.6931471805599453,5.514959831519887,-1.2035452970874143,-1.0194460782877899,-0.7969052740664935
15542.0,148,3,918.45,False,False,True,5.003946305945459,1.3862943611198906,6.823775665186862,0.8267136670879539,0.26360245192940907,0.4585572890047654
15543.0,95,1,114.98,False,False,True,4.564348191467836,0.6931471805599453,4.7534177624482945,0.4724127689773621,-1.0194460782877899,-1.5274034337995495
15545.0,7,1,135.32999999999998,False,False,True,2.0794415416798357,0.6931471805599453,4.915078417198038,-1.530336170897096,-1.0194460782877899,-1.3723328006828557
15546.0,242,2,1079.1000000000001,False,False,True,5.493061443340548,1.0986122886681098,6.984808908424428,1.2209235755278292,-0.26891080150533303,0.6130260867486608
15548.0,231,1,158.09,False,False,True,5.44673737166631,0.6931471805599453,5.069470079817148,1.1835879736273858,-1.0194460782877899,-1.224234842603032
15549.0,57,5,652.7,False,False,True,4.060443010546419,1.791759469228055,6.482648530618684,0.06628259625086781,1.0141377287118658,0.13133604390551654
15550.0,14,8,1643.17,False,False,True,2.70805020110221,2.1972245773362196,7.4049909765960935,-1.0236993013143005,1.764673005494323,1.0160796277387585
15551.0,30,6,1274.02,False,False,True,3.4339872044851463,1.9459101490553132,7.150717143744008,-0.4386191478747927,1.2994779980390392,0.7721711497827534
15552.0,259,1,162.4,False,False,True,5.560681631015528,0.6931471805599453,5.096201182425903,1.2754231114326207,-1.0194460782877899,-1.1985934209976097
15558.0,275,1,214.13,False,False,True,5.62040086571715,0.6931471805599453,5.371242496562593,1.323554752111755,-1.0194460782877899,-0.9347640385022274
15559.0,204,1,1109.4,False,False,True,5.3230099791384085,0.6931471805599453,7.01247558975254,1.083867968354823,-1.0194460782877899,0.63956494864075
15560.0,33,2,153.52,False,False,True,3.5263605246161616,1.0986122886681098,5.040323537798081,-0.36416944209576146,-0.26891080150533303,-1.2521932393511828
15561.0,19,4,1133.8,False,False,True,2.995732273553991,1.6094379124341003,7.034211702934696,-0.7918374864357232,0.6766518209102622,0.6604149992475031
15562.0,60,2,538.83,False,False,True,4.110873864173311,1.0986122886681098,6.291254275178919,0.10692812257148,-0.26891080150533303,-0.052256113455763906
15563.0,150,3,1466.56,False,False,True,5.017279836814924,1.3862943611198906,7.291356436726754,0.8374600324759184,0.26360245192940907,0.9070773471978243
15564.0,99,2,70.74000000000001,False,False,True,4.605170185988092,1.0986122886681098,4.273048472104136,0.5053138867139089,-0.26891080150533303,-1.9881906927575212
15566.0,28,2,227.87,False,False,True,3.367295829986474,1.0986122886681098,5.4331541567702475,-0.49237009243739077,-0.26891080150533303,-0.8753761784161185
15569.0,26,5,2210.64,False,False,True,3.295836866004329,1.791759469228055,7.701489600753466,-0.5499635494680514,1.0141377287118658,1.3004916229610237
15571.0,22,10,3401.2,False,False,True,3.1354942159291497,2.3978952727983707,8.132177560175482,-0.6791941877627027,2.1361240451745016,1.7136227874159584
15572.0,16,3,1515.81,False,False,True,2.833213344056216,1.3862943611198906,7.324364724306029,-0.9228221307840204,0.26360245192940907,0.9387400672390108
15573.0,254,3,599.73,False,False,True,5.541263545158426,1.3862943611198906,6.3981455823437114,1.2597728048635513,0.26360245192940907,0.05027781913516295
15574.0,8,3,816.4499999999999,False,False,True,2.1972245773362196,1.3862943611198906,6.706189738821421,-1.4354071119659917,0.26360245192940907,0.3457646984060884
15575.0,255,1,30.1,False,False,True,5.545177444479562,0.6931471805599453,3.4372078191851885,1.2629272725441985,-1.0194460782877899,-2.789958689017708
15577.0,359,2,139.1,False,False,True,5.886104031450156,1.0986122886681098,4.942356453342962,1.5377023272484165,-0.26891080150533303,-1.3461667410332672
15579.0,19,3,953.9,False,False,True,2.995732273553991,1.3862943611198906,6.861606622956157,-0.7918374864357232,0.26360245192940907,0.4948460853218217
15580.0,12,8,1381.19,False,False,True,2.5649493574615367,2.1972245773362196,7.231424476788119,-1.1390336390935285,1.764673005494323,0.8495884858172034
15583.0,12,1,107.86,False,False,True,2.5649493574615367,0.6931471805599453,4.690062653006054,-1.1390336390935285,-1.0194460782877899,-1.5881759015814865
15584.0,35,2,552.39,False,False,True,3.58351893845611,1.0986122886681098,6.316062997077524,-0.3181017345894741,-0.26891080150533303,-0.028458707602199106
15586.0,228,3,1139.1,False,False,True,5.43372200355424,1.3862943611198906,7.038871256839674,1.1730980364336694,0.26360245192940907,0.6648846085980582
15587.0,28,3,608.4000000000001,False,False,True,3.367295829986474,1.3862943611198906,6.412474866551609,-0.49237009243739077,0.26360245192940907,0.0640229767164401
15588.0,313,1,579.6,False,False,True,5.749392985908253,0.6931471805599453,6.36406205159053,1.427517946055854,-1.0194460782877899,0.017583687709491695
15590.0,18,5,1496.6,False,False,True,2.9444389791664403,1.791759469228055,7.311619105723327,-0.8331781102237836,1.0141377287118658,0.9265140178880229
15591.0,218,3,217.9,False,False,True,5.389071729816501,1.3862943611198906,5.388615004528817,1.1371114578630055,0.26360245192940907,-0.9180997127680687
15595.0,123,1,357.6,False,False,True,4.820281565605037,0.6931471805599453,5.8822075611710325,0.6786862295017252,-1.0194460782877899,-0.44462822783139655
15596.0,1,5,1723.45,False,False,True,0.6931471805599453,1.791759469228055,7.452663438045286,-2.6476415482736133,1.0141377287118658,1.0618087434014496
15597.0,211,1,238.8,False,False,True,5.356586274672012,0.6931471805599453,5.479805242593414,1.1109293029488503,-1.0194460782877899,-0.8306268024756437
15598.0,63,1,307.34,False,False,True,4.1588830833596715,0.6931471805599453,5.731203070232193,0.14562189516768048,-1.0194460782877899,-0.5894770907139525
15599.0,81,1,488.32,False,False,True,4.406719247264253,0.6931471805599453,6.193016672178715,0.3453692838934502,-1.0194460782877899,-0.14648910611987495
15600.0,64,4,1199.31,False,False,True,4.174387269895637,1.6094379124341003,7.090335135747115,0.1581177340561029,0.6766518209102622,0.714250586344294
15602.0,4,8,1932.64,False,False,True,1.6094379124341003,2.1972245773362196,7.567159515977125,-1.909142863812241,1.764673005494323,1.1716374418052387
15603.0,284,1,40.0,False,False,True,5.652489180268651,0.6931471805599453,3.713572066704308,1.3494168254237886,-1.0194460782877899,-2.524860301905822
15605.0,9,5,738.57,False,False,True,2.302585092994046,1.791759469228055,6.6060689362240925,-1.3504901751239817,1.0141377287118658,0.24972527390323881
15606.0,26,8,2310.83,False,False,True,3.295836866004329,2.1972245773362196,7.745794697677083,-0.5499635494680514,1.764673005494323,1.3429906431516658
15607.0,179,8,1604.21,False,False,True,5.19295685089021,2.1972245773362196,7.381009868126658,0.9790496385601576,1.764673005494323,0.9930760980366662
15608.0,51,1,692.3,False,False,True,3.9512437185814275,0.6931471805599453,6.541462805948445,-0.0217282617170106,-1.0194460782877899,0.18775278257210287
15611.0,19,13,1405.83,False,False,True,2.995732273553991,2.6390573296152584,7.2490942253653445,-0.7918374864357232,2.582526528256238,0.8665379352866793
15613.0,246,1,433.71999999999997,False,False,True,5.5093883366279774,0.6931471805599453,6.074702145678038,1.2340824876445606,-1.0194460782877899,-0.2599805958071081
15614.0,73,4,3147.36,False,False,True,4.30406509320417,1.6094379124341003,8.054636961321624,0.26263358103109885,0.6766518209102622,1.6392430951208277
15616.0,74,1,317.11,False,False,True,4.31748811353631,0.6931471805599453,5.762397234916117,0.27345207183533093,-1.0194460782877899,-0.5595545416894496
15617.0,32,3,828.5500000000001,False,False,True,3.4965075614664802,1.3862943611198906,6.720883385089365,-0.3882298993790306,0.26360245192940907,0.3598593649969792
15620.0,45,1,389.18,False,False,True,3.828641396489095,0.6931471805599453,5.966608171109115,-0.12054149907444375,-1.0194460782877899,-0.36366816962308135
15623.0,29,7,2136.02,False,False,True,3.4011973816621555,2.0794415416798357,7.66716761418972,-0.4650466126260415,1.546650982146608,1.2675687562653397
15625.0,12,5,1702.1399999999999,False,False,True,2.5649493574615367,1.791759469228055,7.4402288851522735,-1.1390336390935285,1.0141377287118658,1.0498810792915438
15626.0,57,1,391.72,False,False,True,4.060443010546419,0.6931471805599453,5.973096889749797,0.06628259625086781,-1.0194460782877899,-0.3574439605891373
15627.0,93,2,566.9,False,False,True,4.543294782270004,1.0986122886681098,6.341945346883387,0.4554444482739268,-0.26891080150533303,-0.003631439785202825
15628.0,2,9,2782.02,False,False,True,1.0986122886681098,2.302585092994046,7.931291947989468,-2.3208506744639323,1.959700351127462,1.5209261840652963
15629.0,86,4,2240.9,False,False,True,4.465908118654584,1.6094379124341003,7.715078999604354,0.39307347006054943,0.6766518209102622,1.3135270562688046
15630.0,280,1,295.05,False,False,True,5.638354669333745,0.6931471805599453,5.690528358977785,1.3380248977660874,-1.0194460782877899,-0.6284937162238761
15631.0,278,1,596.67,False,False,True,5.631211781821365,0.6931471805599453,6.393038762166311,1.3322679771210877,-1.0194460782877899,0.045379176114395264
15634.0,19,1,311.1,False,False,True,2.995732273553991,0.6931471805599453,5.743323649276734,-0.7918374864357232,-1.0194460782877899,-0.5778506014541666
15635.0,31,1,100.35,False,False,True,3.4657359027997265,0.6931471805599453,4.618579872898009,-0.4130307935205781,-1.0194460782877899,-1.6567447193031246
15636.0,73,2,719.82,False,False,True,4.30406509320417,1.0986122886681098,6.580389452857024,0.26263358103109885,-0.26891080150533303,0.22509260276872325
15637.0,49,4,574.23,False,False,True,3.912023005428146,1.6094379124341003,6.354769960818677,-0.05333880197435037,0.6766518209102622,0.008670384709453915
15638.0,14,6,2265.2,False,False,True,2.70805020110221,1.9459101490553132,7.725859698946466,-1.0236993013143005,1.2994779980390392,1.3238682854009638
15639.0,87,2,639.76,False,False,True,4.477336814478207,1.0986122886681098,6.462654971833283,0.402284604187806,-0.26891080150533303,0.11215751327351099
15641.0,32,8,3458.35,False,False,True,3.4965075614664802,2.1972245773362196,8.148835989131955,-0.3882298993790306,1.764673005494323,1.7296021432400999
15642.0,365,1,105.78000000000002,False,False,True,5.902633333401366,0.6931471805599453,4.67077064307204,1.5510243737576788,-1.0194460782877899,-1.6066814816757413
15645.0,50,2,443.16,False,False,True,3.9318256327243257,1.0986122886681098,6.096184857878385,-0.03737856828608019,-0.26891080150533303,-0.23937361640863533
15646.0,8,3,526.97,False,False,True,2.1972245773362196,1.3862943611198906,6.26903946391023,-1.4354071119659917,0.26360245192940907,-0.07356534824351306
15647.0,51,1,169.0,False,False,True,3.9512437185814275,0.6931471805599453,5.135798437050262,-0.0217282617170106,-1.0194460782877899,-1.1606103300977995
15649.0,3,3,1354.35,False,False,True,1.3862943611198906,1.3862943611198906,7.211815002542458,-2.088988859585355,0.26360245192940907,0.8307783826967662
15650.0,157,2,553.88,False,False,True,5.062595033026967,1.0986122886681098,6.318751874152122,0.8739825155968092,-0.26891080150533303,-0.025879441354785156
15651.0,56,2,612.76,False,False,True,4.04305126783455,1.0986122886681098,6.419603972255019,0.05226545227415695,-0.26891080150533303,0.0708614677314311
15652.0,23,4,1082.6,False,False,True,3.1780538303479458,1.6094379124341003,6.98804411021094,-0.6448926083991554,0.6766518209102622,0.6161294070344242
15658.0,8,4,1399.3700000000001,False,False,True,2.1972245773362196,1.6094379124341003,7.244491766400318,-1.4354071119659917,0.6766518209102622,0.8621230934273224
15659.0,22,2,226.04,False,False,True,3.1354942159291497,1.0986122886681098,5.425126213411732,-0.6791941877627027,-0.26891080150533303,-0.8830768663859714
15660.0,1,7,1212.13,False,False,True,0.6931471805599453,2.0794415416798357,7.100959075501592,-2.6476415482736133,1.546650982146608,0.7244414461207228
15661.0,15,6,906.15,False,False,True,2.772588722239781,1.9459101490553132,6.810307816816172,-0.971683482208837,1.2994779980390392,0.4456384512282166
15662.0,297,2,283.73,False,False,True,5.697093486505405,1.0986122886681098,5.6515413628105104,1.3853663557762128,-0.26891080150533303,-0.6658914255696434
15664.0,85,3,867.6,False,False,True,4.454347296253507,1.3862943611198906,6.766882720100721,0.3837558464750486,0.26360245192940907,0.403983558445288
15665.0,47,3,1773.11,False,False,True,3.871201010907891,1.3862943611198906,7.481054167711559,-0.08623991971089644,0.26360245192940907,1.0890421381369169
15666.0,108,2,632.9399999999999,False,False,True,4.6913478822291435,1.0986122886681098,6.451954312734866,0.5747701336124852,-0.26891080150533303,0.10189306158162514
15670.0,192,1,152.15,False,False,True,5.262690188904886,0.6931471805599453,5.031417833278784,1.0352523006580328,-1.0194460782877899,-1.260735906955093
15672.0,361,1,45.300000000000004,False,False,True,5.8916442118257715,0.6931471805599453,3.8351419610921886,1.5421675212929993,-1.0194460782877899,-2.4082461478938786
15673.0,87,5,3533.77,False,False,True,4.477336814478207,1.791759469228055,8.17040351256472,0.402284604187806,1.0141377287118658,1.7502904765804252
15675.0,40,1,218.35,False,False,True,3.713572066704308,0.6931471805599453,5.390668627612223,-0.21328340479480876,-1.0194460782877899,-0.9161298046774461
15677.0,57,2,648.4,False,False,True,4.060443010546419,1.0986122886681098,6.4760488596687455,0.06628259625086781,-0.26891080150533303,0.125005405481757
15678.0,31,2,1541.19,False,False,True,3.4657359027997265,1.0986122886681098,7.340958763134549,-0.4130307935205781,-0.26891080150533303,0.954657657768909
15680.0,2,8,3173.9,False,False,True,1.0986122886681098,2.1972245773362196,8.063031414767789,-2.3208506744639323,1.764673005494323,1.6472953525645486
15681.0,15,9,1563.54,False,False,True,2.772588722239781,2.302585092994046,7.355347130055989,-0.971683482208837,1.959700351127462,0.9684594895843065
15682.0,235,2,318.24,False,False,True,5.4638318050256105,1.0986122886681098,5.765943171007808,1.1973654965339362,-0.26891080150533303,-0.5561531540383783
15683.0,109,1,330.79,False,False,True,4.700480365792417,0.6931471805599453,5.8045022386644325,0.5821305999609199,-1.0194460782877899,-0.5191659288959435
15684.0,183,3,173.95,False,False,True,5.214935757608986,1.3862943611198906,5.164500218813697,0.9967638783020741,0.26360245192940907,-1.1330785631596842
15685.0,86,1,55.980000000000004,False,False,True,4.465908118654584,0.6931471805599453,4.0427003290697625,0.39307347006054943,-1.0194460782877899,-2.209148800547516
15686.0,56,1,90.0,False,False,True,4.04305126783455,0.6931471805599453,4.51085950651685,0.05226545227415695,-1.0194460782877899,-1.7600739148958768
15688.0,54,1,190.57,False,False,True,4.007333185232471,0.6931471805599453,5.25525327707701,0.02347791127266091,-1.0194460782877899,-1.0460250112366527
15689.0,253,1,266.93,False,False,True,5.537334267018537,0.6931471805599453,5.5907257523639045,1.2566059423861191,-1.0194460782877899,-0.7242279158550037
15691.0,30,3,434.5,False,False,True,3.4339872044851463,1.3862943611198906,6.0764947962925575,-0.4386191478747927,0.26360245192940907,-0.2582610217636841
15693.0,295,1,37.5,False,False,True,5.69035945432406,0.6931471805599453,3.6506582412937387,1.379938958407616,-1.0194460782877899,-2.585209474395027
15695.0,233,2,721.06,False,False,True,5.455321115357702,1.0986122886681098,6.58210823793308,1.1905061745906114,-0.26891080150533303,0.22674132236810962
15696.0,59,5,1170.1100000000001,False,False,True,4.0943445622221,1.791759469228055,7.06570729599208,0.09360607606221706,1.0141377287118658,0.690626689057587
15697.0,325,1,246.75,False,False,True,5.786897381366708,0.6931471805599453,5.5124201732100975,1.4577451935266839,-1.0194460782877899,-0.7993414043828575
15698.0,260,1,46.2,False,False,True,5.564520407322694,0.6931471805599453,3.8543938925915096,1.27851703255849,-1.0194460782877899,-2.38977901245551
15704.0,138,2,1524.3400000000001,False,False,True,4.9344739331306915,1.0986122886681098,7.329972615011344,0.7707213339283926,-0.26891080150533303,0.9441193548799562
15708.0,5,3,1014.48,False,False,True,1.791759469228055,1.3862943611198906,6.923116686094836,-1.7621979857756733,0.26360245192940907,0.5538487192572625
15709.0,225,1,194.6,False,False,True,5.420534999272286,0.6931471805599453,5.276071757600717,1.162469766414731,-1.0194460782877899,-1.0260551864185086
15710.0,53,1,898.87,False,False,True,3.9889840465642745,0.6931471805599453,6.802250308446763,0.008689139220207557,-1.0194460782877899,0.4379094034514306
15711.0,192,2,420.25,False,False,True,5.262690188904886,1.0986122886681098,6.043226481666571,1.0352523006580328,-0.26891080150533303,-0.29017316896959056
15712.0,15,7,2400.05,False,False,True,2.772588722239781,2.0794415416798357,7.783661420660816,-0.971683482208837,1.546650982146608,1.379313746730777
15713.0,2,3,654.09,False,False,True,1.0986122886681098,1.3862943611198906,6.48477263077626,-2.3208506744639323,0.26360245192940907,0.13337355610505852
15714.0,89,3,453.93,False,False,True,4.499809670330265,1.3862943611198906,6.120143560961571,0.4203969498718987,0.26360245192940907,-0.21639157874761075
15715.0,191,5,658.02,False,False,True,5.2574953720277815,1.791759469228055,6.490753883055643,1.031065457665621,1.0141377287118658,0.13911098540862246
15716.0,5,8,1938.0,False,False,True,1.791759469228055,2.1972245773362196,7.569927655242652,-1.7621979857756733,1.764673005494323,1.17429273915712
15717.0,57,4,456.70000000000005,False,False,True,4.060443010546419,1.6094379124341003,6.126213947659597,0.06628259625086781,0.6766518209102622,-0.21056864854865015
15718.0,176,1,293.79,False,False,True,5.176149732573829,0.6931471805599453,5.686263238437263,0.9655036816553582,-1.0194460782877899,-0.6325849711031885
15720.0,186,1,143.19,False,False,True,5.231108616854587,0.6931471805599453,4.971131874318556,1.009798644300881,-1.0194460782877899,-1.3185643367513318
15722.0,81,6,3035.54,False,False,True,4.406719247264253,1.9459101490553132,8.018473988311957,0.3453692838934502,1.2994779980390392,1.604554288938074
15723.0,47,3,744.55,False,False,True,3.871201010907891,1.3862943611198906,6.614122201036916,-0.08623991971089644,0.26360245192940907,0.25745025111005615
15724.0,36,1,92.6,False,False,True,3.6109179126442243,0.6931471805599453,4.539030383483547,-0.29601910765716044,-1.0194460782877899,-1.7330514106666275
15726.0,26,1,321.91,False,False,True,3.295836866004329,0.6931471805599453,5.777373646625042,-0.5499635494680514,-1.0194460782877899,-0.5451886364596675
15728.0,15,2,544.6,False,False,True,2.772588722239781,1.0986122886681098,6.301886106529253,-0.971683482208837,-0.26891080150533303,-0.04205768378072422
15729.0,36,2,107.55000000000001,False,False,True,3.6109179126442243,1.0986122886681098,4.687210896324301,-0.29601910765716044,-0.26891080150533303,-1.5909114077243924
15730.0,17,2,605.7,False,False,True,2.8903717578961645,1.0986122886681098,6.408034434948252,-0.876754423277733,-0.26891080150533303,0.059763557248482375
15731.0,189,1,125.3,False,False,True,5.247024072160486,0.6931471805599453,4.838660029356445,1.022625951614107,-1.0194460782877899,-1.4456360283772967
15732.0,8,9,1387.95,False,False,True,2.1972245773362196,2.302585092994046,7.236303344986202,-1.4354071119659917,1.959700351127462,0.8542684692153951
15734.0,72,2,923.85,False,False,True,4.290459441148391,1.0986122886681098,6.829631562200558,0.25166789536506495,-0.26891080150533303,0.4641744730919243
15735.0,57,1,327.68,False,False,True,4.060443010546419,0.6931471805599453,5.795084633062987,0.06628259625086781,-1.0194460782877899,-0.5281996301717438
15736.0,71,2,1815.72,False,False,True,4.276666119016055,1.0986122886681098,7.504787956356414,0.24055095409878485,-0.26891080150533303,1.1118084298924025
15741.0,94,2,208.62,False,False,True,4.553876891600541,1.0986122886681098,5.345296367742031,0.4639732629258481,-0.26891080150533303,-0.9596524854119619
15742.0,255,1,156.87,False,False,True,5.545177444479562,0.6931471805599453,5.061771909543635,1.2629272725441985,-1.0194460782877899,-1.231619200534786
15747.0,11,6,1588.57,False,False,True,2.4849066497880004,1.9459101490553132,7.371218818387145,-1.2035452970874143,1.2994779980390392,0.9836841758999305
15748.0,85,2,465.45000000000005,False,False,True,4.454347296253507,1.0986122886681098,6.14515083340697,0.3837558464750486,-0.26891080150533303,-0.19240371616822924
15751.0,96,11,1380.44,False,False,True,4.574710978503383,2.4849066497880004,7.230881712367113,0.4807648174341348,2.297186258929065,0.8490678469361541
15752.0,8,3,1570.16,False,False,True,2.1972245773362196,1.3862943611198906,7.3595694790276625,-1.4354071119659917,0.26360245192940907,0.9725097164579425
15754.0,129,6,2579.04,False,False,True,4.867534450455582,1.9459101490553132,7.855560181671448,0.7167704227443619,1.2994779980390392,1.4482815880863886
15755.0,15,11,3628.87,False,False,True,2.772588722239781,2.4849066497880004,8.19695211394543,-0.971683482208837,2.297186258929065,1.7757568365357441
15757.0,22,4,2225.94,False,False,True,3.1354942159291497,1.6094379124341003,7.708383724819884,-0.6791941877627027,0.6766518209102622,1.307104711256499
15759.0,147,4,577.8900000000001,False,False,True,4.997212273764115,1.6094379124341003,6.361112476795148,0.821286269719357,0.6766518209102622,0.014754350963002604
15761.0,78,1,143.05,False,False,True,4.3694478524670215,0.6931471805599453,4.970160461530537,0.3153298269085502,-1.0194460782877899,-1.3194961503474656
15764.0,70,2,1223.1100000000001,False,False,True,4.2626798770413155,1.0986122886681098,7.109969328315315,0.22927852610229346,-0.26891080150533303,0.7330844001563132
15765.0,302,1,370.63,False,False,True,5.713732805509369,0.6931471805599453,5.917898735650893,1.3987770722303965,-1.0194460782877899,-0.410391987530142
15766.0,92,2,516.0,False,False,True,4.532599493153256,1.0986122886681098,6.248042874508429,0.44682441462314787,-0.26891080150533303,-0.09370602141391926
15770.0,248,1,321.45,False,False,True,5.517452896464707,0.6931471805599453,5.7759480854563865,1.240582244351696,-1.0194460782877899,-0.5465560852882786
15771.0,240,3,1006.54,False,False,True,5.484796933490655,1.3862943611198906,6.915266995265976,1.2142626660156475,0.26360245192940907,0.5463190174353443
15772.0,54,1,280.88,False,False,True,4.007333185232471,0.6931471805599453,5.641481448458822,0.02347791127266091,-1.0194460782877899,-0.675541252177305
15773.0,45,1,138.84,False,False,True,3.828641396489095,0.6931471805599453,4.940498911907225,-0.12054149907444375,-1.0194460782877899,-1.3479485606536694
15774.0,54,5,1059.14,False,False,True,4.007333185232471,1.791759469228055,6.966156253856614,0.02347791127266091,1.0141377287118658,0.5951337989955545
15775.0,267,1,45.6,False,False,True,5.5909869805108565,0.6931471805599453,3.8416005411316,1.2998481764866634,-1.0194460782877899,-2.4020508488750987
15777.0,32,3,715.5,False,False,True,3.4965075614664802,1.3862943611198906,6.574378247268227,-0.3882298993790306,0.26360245192940907,0.21932644118851402
15778.0,67,1,307.95,False,False,True,4.219507705176107,0.6931471805599453,5.733179451506989,0.19448324659249747,-1.0194460782877899,-0.5875812757054274
15779.0,99,2,124.08000000000001,False,False,True,4.605170185988092,1.0986122886681098,4.82895353258964,0.5053138867139089,-0.26891080150533303,-1.4549468443040519
15782.0,66,1,1399.36,False,False,True,4.204692619390966,0.6931471805599453,7.244484625404935,0.1825427991101455,-1.0194460782877899,0.8621162435313047
15784.0,103,2,848.3299999999999,False,False,True,4.6443908991413725,1.0986122886681098,6.744447803369461,0.536924426971248,-0.26891080150533303,0.3824631906920926
15785.0,15,11,3640.96,False,False,True,2.772588722239781,2.4849066497880004,8.200277277250853,-0.971683482208837,2.297186258929065,1.7789464511008128
15786.0,53,2,3582.62,False,False,True,3.9889840465642745,1.0986122886681098,8.18412874168787,0.008689139220207557,-0.26891080150533303,1.7634562031024001
15788.0,144,1,221.82999999999998,False,False,True,4.976733742420574,0.6931471805599453,5.406409148898876,0.8047812807122406,-1.0194460782877899,-0.9010309384425749
15789.0,67,5,1610.71,False,False,True,4.219507705176107,1.791759469228055,7.3850510061380765,0.19448324659249747,1.0141377287118658,0.9969525009308191
15791.0,165,3,1995.65,False,False,True,5.111987788356544,1.3862943611198906,7.599226055161138,0.9137913705420152,0.26360245192940907,1.2023968033878314
15792.0,35,2,933.84,False,False,True,3.58351893845611,1.0986122886681098,6.8403753916508245,-0.3181017345894741,-0.26891080150533303,0.4744803353162837
15793.0,14,5,1433.96,False,False,True,2.70805020110221,1.791759469228055,7.268892253240758,-1.0236993013143005,1.0141377287118658,0.8855289057355803
15794.0,372,2,777.0,False,False,True,5.921578419643816,1.0986122886681098,6.656726524178391,1.5662934589730666,-0.26891080150533303,0.298317828773181
15795.0,66,7,1369.8600000000001,False,False,True,4.204692619390966,2.0794415416798357,7.2231935591038505,0.1825427991101455,1.546650982146608,0.8416930976758726
15796.0,10,9,2464.27,False,False,True,2.3978952727983707,2.302585092994046,7.810056613946998,-1.2736734618769707,1.959700351127462,1.4046329522014094
15797.0,217,2,613.6800000000001,False,False,True,5.384495062789089,1.0986122886681098,6.4211018071871315,1.133422822300744,-0.26891080150533303,0.07229824411704289
15798.0,128,3,1535.37,False,False,True,4.859812404361672,1.3862943611198906,7.3371777701160505,0.7105467202847302,0.26360245192940907,0.9510307951776619
15799.0,54,1,540.15,False,False,True,4.007333185232471,0.6931471805599453,6.293696504741155,0.02347791127266091,-1.0194460782877899,-0.049913440249234234
15800.0,89,5,543.5,False,False,True,4.499809670330265,1.791759469228055,6.299867942373015,0.4203969498718987,1.0141377287118658,-0.04399357841090277
15803.0,81,3,1513.84,False,False,True,4.406719247264253,1.3862943611198906,7.323065101805225,0.3453692838934502,0.26360245192940907,0.9374934232468517
15807.0,44,2,913.62,False,False,True,3.8066624897703196,1.0986122886681098,6.818508678467918,-0.13825573881636022,-0.26891080150533303,0.45350500855725445
15809.0,95,2,758.67,False,False,True,4.564348191467836,1.0986122886681098,6.6328841284573725,0.4724127689773621,-0.26891080150533303,0.2754473572586334
15810.0,22,4,1607.06,False,False,True,3.1354942159291497,1.6094379124341003,7.3827837624756185,-0.6791941877627027,0.6766518209102622,0.9947776804049996
15811.0,1,2,1671.9,False,False,True,0.6931471805599453,1.0986122886681098,7.422313926337235,-2.6476415482736133,-0.26891080150533303,1.032696415465902
15812.0,71,7,3400.33,False,False,True,4.276666119016055,2.0794415416798357,8.131921810585272,0.24055095409878485,1.546650982146608,1.7133774633392094
15814.0,29,2,689.11,False,False,True,3.4011973816621555,1.0986122886681098,6.536851005175096,-0.4650466126260415,-0.26891080150533303,0.18332897971890819
15816.0,178,2,144.14999999999998,False,False,True,5.187385805840755,1.0986122886681098,4.977767690470639,0.9745595686544162,-0.26891080150533303,-1.3121990265678338
15817.0,56,3,2766.4,False,False,True,4.04305126783455,1.3862943611198906,7.925663530235284,0.05226545227415695,0.26360245192940907,1.5155272061511116
15818.0,224,1,340.5,False,False,True,5.41610040220442,0.6931471805599453,5.833347679010845,1.1588956343332715,-1.0194460782877899,-0.49149635955037546
15819.0,67,6,2029.34,False,False,True,4.219507705176107,1.9459101490553132,7.615958545696066,0.19448324659249747,1.2994779980390392,1.2184472017045225
15822.0,129,4,954.59,False,False,True,4.867534450455582,1.6094379124341003,6.862328950767348,0.7167704227443619,0.6766518209102622,0.49553896777471423
15824.0,89,2,890.94,False,False,True,4.499809670330265,1.0986122886681098,6.793398865743655,0.4203969498718987,-0.26891080150533303,0.4294187857059321
15826.0,204,1,943.97,False,False,True,5.3230099791384085,0.6931471805599453,6.851153180958081,1.083867968354823,-1.0194460782877899,0.48481877303980886
15827.0,8,16,1957.98,False,False,True,2.1972245773362196,2.833213344056216,7.5801792086019715,-1.4354071119659917,2.9419185822786758,1.1841263926971244
15828.0,11,1,1108.82,False,False,True,2.4849066497880004,0.6931471805599453,7.011953118994513,-1.2035452970874143,-1.0194460782877899,0.6390637761609175
15833.0,373,1,80.4,False,False,True,5.924255797414532,0.6931471805599453,4.399375273008495,1.56845133298914,-1.0194460782877899,-1.8670135453175907
15834.0,12,3,1539.24,False,False,True,2.5649493574615367,1.3862943611198906,7.33969352742108,-1.1390336390935285,0.26360245192940907,0.9534439988026425
15837.0,121,1,385.03000000000003,False,False,True,4.804021044733257,0.6931471805599453,5.955915086652026,0.6655808112597389,-1.0194460782877899,-0.37392535545038125
15841.0,22,5,1518.35,False,False,True,3.1354942159291497,1.791759469228055,7.326037890800916,-0.6791941877627027,1.0141377287118658,0.9403450278775377
15842.0,29,2,548.8,False,False,True,3.4011973816621555,1.0986122886681098,6.309554575731145,-0.4650466126260415,-0.26891080150533303,-0.03470181617017824
15845.0,172,3,714.51,False,False,True,5.153291594497779,1.3862943611198906,6.57299557513923,0.9470808118050087,0.26360245192940907,0.21800013304774715
15846.0,21,1,107.01,False,False,True,3.091042453358316,0.6931471805599453,4.682223815430383,-0.7150207731887119,-1.0194460782877899,-1.5956951925780491
15847.0,64,3,433.3,False,False,True,4.174387269895637,1.3862943611198906,6.073735539540777,0.1581177340561029,0.26360245192940907,-0.26090779869337394
15848.0,257,1,139.94,False,False,True,5.552959584921617,0.6931471805599453,4.948334267898876,1.2691994089729892,-1.0194460782877899,-1.3404326093159677
15850.0,12,4,819.87,False,False,True,2.5649493574615367,1.6094379124341003,6.710364753431219,-1.1390336390935285,0.6766518209102622,0.3497695204811631
15851.0,162,1,109.73,False,False,True,5.093750200806762,0.6931471805599453,4.707094805710017,0.899092504838425,-1.0194460782877899,-1.5718380566851364
15852.0,162,1,96.55,False,False,True,5.093750200806762,0.6931471805599453,4.5803650670691205,0.899092504838425,-1.0194460782877899,-1.6934017162916062
15854.0,12,9,2609.16,False,False,True,2.5649493574615367,2.302585092994046,7.867166801119799,-1.1390336390935285,1.959700351127462,1.4594150690746137
15855.0,112,1,340.48,False,False,True,4.727387818712341,0.6931471805599453,5.833289112142106,0.603817077726472,-1.0194460782877899,-0.491552538967866
15857.0,66,1,273.48,False,False,True,4.204692619390966,0.6931471805599453,5.614878398550195,0.1825427991101455,-1.0194460782877899,-0.7010598410915464
15858.0,3,9,2521.52,False,False,True,1.3862943611198906,2.302585092994046,7.833013680838553,-2.088988859585355,1.959700351127462,1.4266541849057226
15859.0,68,1,438.46,False,False,True,4.23410650459726,0.6931471805599453,6.085546700469121,0.20624937473523788,-1.0194460782877899,-0.24957811426374685
15860.0,4,10,1528.0,False,False,True,1.6094379124341003,2.3978952727983707,7.332369205929062,-1.909142863812241,2.1361240451745016,0.9464182498801504
15861.0,92,4,1236.43,False,False,True,4.532599493153256,1.6094379124341003,7.120791927186382,0.44682441462314787,0.6766518209102622,0.743465820802558
15862.0,9,10,2095.41,False,False,True,2.302585092994046,2.3978952727983707,7.64798163699868,-1.3504901751239817,2.1361240451745016,1.2491648865384564
15863.0,253,3,289.86,False,False,True,5.537334267018537,1.3862943611198906,5.672842051749564,1.2566059423861191,0.26360245192940907,-0.6454590493386173
15864.0,17,1,244.44000000000003,False,False,True,2.8903717578961645,0.6931471805599453,5.503052518178891,-0.876754423277733,-1.0194460782877899,-0.8083271913002537
15865.0,49,2,1353.79,False,False,True,3.912023005428146,1.0986122886681098,7.2114017397531045,-0.05333880197435037,-0.26891080150533303,0.8303819663734011
15868.0,219,1,94.53,False,False,True,5.393627546352362,0.6931471805599453,4.559440334281917,1.1407832886491787,-1.0194460782877899,-1.7134734620489913
15869.0,262,1,174.02,False,False,True,5.572154032177765,0.6931471805599453,5.164900253107685,1.284669470553373,-1.0194460782877899,-1.132694836078205
15870.0,32,3,508.52,False,False,True,3.4965075614664802,1.3862943611198906,6.233469106063111,-0.3882298993790306,0.26360245192940907,-0.10768569694604006
15871.0,73,1,33.099999999999994,False,False,True,4.30406509320417,0.6931471805599453,3.529297384289471,0.26263358103109885,-1.0194460782877899,-2.7016231123353753
15872.0,14,2,434.75,False,False,True,2.70805020110221,1.0986122886681098,6.07706868440013,-1.0236993013143005,-0.26891080150533303,-0.25771052793871985
15873.0,135,4,313.91999999999996,False,False,True,4.912654885736052,1.6094379124341003,5.752318638316266,0.7531359352807564,0.6766518209102622,-0.5692222889720892
15875.0,282,1,111.72,False,False,True,5.645446897643238,0.6931471805599453,4.724906867590425,1.3437409888431486,-1.0194460782877899,-1.554752095248295
15876.0,45,2,1449.1399999999999,False,False,True,3.828641396489095,1.0986122886681098,7.27941538247794,-0.12054149907444375,-0.26891080150533303,0.8956230644887087
15878.0,197,2,330.77,False,False,True,5.288267030694535,1.0986122886681098,5.804441957755378,1.0558663518071685,-0.26891080150533303,-0.5192237524816912
15879.0,40,4,1157.3,False,False,True,3.713572066704308,1.6094379124341003,7.0547086919383,-0.21328340479480876,0.6766518209102622,0.6800764379982936
15880.0,5,1,343.28000000000003,False,False,True,1.791759469228055,0.6931471805599453,5.8414552797812735,-1.7621979857756733,-1.0194460782877899,-0.48371926136607046
15882.0,4,6,979.62,False,False,True,1.6094379124341003,1.9459101490553132,6.888185024685261,-1.909142863812241,1.2994779980390392,0.5203410308281494
15884.0,68,2,249.70000000000002,False,False,True,4.23410650459726,1.0986122886681098,5.524257005164248,0.20624937473523788,-0.26891080150533303,-0.787987095394888
15885.0,19,12,1572.47,False,False,True,2.995732273553991,2.5649493574615367,7.361038650545777,-0.7918374864357232,2.445349133013286,0.9739189978803375
15886.0,52,3,871.78,False,False,True,3.970291913552122,1.3862943611198906,6.77168351949921,-0.006376074427667188,0.26360245192940907,0.40858865548230294
15887.0,42,3,1027.15,False,False,True,3.7612001156935624,1.3862943611198906,6.935516349767528,-0.17489684221320997,0.26360245192940907,0.5657429163897367
15888.0,36,2,260.85,False,False,True,3.6109179126442243,1.0986122886681098,5.567771820725497,-0.29601910765716044,-0.26891080150533303,-0.7462461411133101
15889.0,5,7,1359.41,False,False,True,1.791759469228055,2.0794415416798357,7.215541403885206,-1.7621979857756733,1.546650982146608,0.8343528790166118
15890.0,30,5,535.65,False,False,True,3.4339872044851463,1.791759469228055,6.285346112927534,-0.4386191478747927,1.0141377287118658,-0.05792343221243216
15892.0,305,1,128.2,False,False,True,5.723585101952381,0.6931471805599453,4.861361591348501,1.406717682900119,-1.0194460782877899,-1.4238598850337254
15893.0,117,1,305.28000000000003,False,False,True,4.770684624465665,0.6931471805599453,5.724499716244923,0.6387128078456773,-1.0194460782877899,-0.595907185584102
15894.0,5,1,156.74,False,False,True,1.791759469228055,0.6931471805599453,5.060948107969845,-1.7621979857756733,-1.0194460782877899,-1.2324094202193956
15899.0,4,1,56.25,False,False,True,1.6094379124341003,0.6931471805599453,4.047427642434349,-1.909142863812241,-1.0194460782877899,-2.2046141939203054
15900.0,49,3,549.29,False,False,True,3.912023005428146,1.3862943611198906,6.310445411994369,-0.05333880197435037,0.26360245192940907,-0.033847294434167
15901.0,87,4,339.34,False,False,True,4.477336814478207,1.6094379124341003,5.82994511794329,0.402284604187806,0.6766518209102622,-0.49476021679368987
15902.0,16,1,145.01,False,False,True,2.833213344056216,0.6931471805599453,4.983675112513472,-0.9228221307840204,-1.0194460782877899,-1.3065324178454594
15903.0,14,5,3813.0800000000004,False,False,True,2.70805020110221,1.791759469228055,8.246454761294343,-1.0236993013143005,1.0141377287118658,1.823241531418563
15905.0,179,1,114.69,False,False,True,5.19295685089021,0.6931471805599453,4.750914200040797,0.9790496385601576,-1.0194460782877899,-1.5298049396463416
15906.0,10,3,987.95,False,False,True,2.3978952727983707,1.3862943611198906,6.896643774227418,-1.2736734618769707,0.26360245192940907,0.5284549633673219
15908.0,126,2,764.57,False,False,True,4.844187086458591,1.0986122886681098,6.640620654418016,0.6979532536978602,-0.26891080150533303,0.2828685073257162
15910.0,36,7,1449.6200000000001,False,False,True,3.6109179126442243,2.0794415416798357,7.279746330232585,-0.29601910765716044,1.546650982146608,0.8959405213115869
15911.0,259,8,1702.34,False,False,True,5.560681631015528,2.1972245773362196,7.440346308416306,1.2754231114326207,1.764673005494323,1.0499937158506638
15912.0,72,7,810.08,False,False,True,4.290459441148391,2.0794415416798357,6.698366692900263,0.25166789536506495,1.546650982146608,0.33826055532456467
15913.0,170,1,6.300000000000001,False,False,True,5.14166355650266,0.6931471805599453,1.9878743481543455,0.9377090147720976,-1.0194460782877899,-4.180210753120055
15914.0,14,2,205.99,False,False,True,2.70805020110221,1.0986122886681098,5.332670482919699,-1.0236993013143005,-0.26891080150533303,-0.9717636818938044
15915.0,37,1,429.21,False,False,True,3.6375861597263857,0.6931471805599453,6.064273461565794,-0.27452542153552467,-1.0194460782877899,-0.2699841594470252
15916.0,2,7,1899.08,False,False,True,1.0986122886681098,2.0794415416798357,7.549651269531288,-2.3208506744639323,1.546650982146608,1.1548429109076492
15917.0,242,4,437.53000000000003,False,False,True,5.493061443340548,1.6094379124341003,6.083428224523346,1.2209235755278292,0.6766518209102622,-0.25161023151987394
15918.0,267,1,248.65,False,False,True,5.5909869805108565,0.6931471805599453,5.520059936946618,1.2998481764866634,-1.0194460782877899,-0.7920130720726974
15919.0,4,1,270.72,False,False,True,1.6094379124341003,0.6931471805599453,5.604772124323102,-1.909142863812241,-1.0194460782877899,-0.7107541377357873
15920.0,60,5,404.14,False,False,True,4.110873864173311,1.791759469228055,6.00423268638566,0.10692812257148,1.0141377287118658,-0.32757740026627963
15921.0,32,3,466.08,False,False,True,3.4965075614664802,1.3862943611198906,6.146500549207514,-0.3882298993790306,0.26360245192940907,-0.19110902090646686
15922.0,9,1,369.5,False,False,True,2.302585092994046,0.6931471805599453,5.914853444736141,-1.3504901751239817,-1.0194460782877899,-0.413313138572776
15923.0,8,1,127.08,False,False,True,2.1972245773362196,0.6931471805599453,4.852655068688459,-1.4354071119659917,-1.0194460782877899,-1.4322114903345184
15924.0,367,1,102.82,False,False,True,5.908082938168931,0.6931471805599453,4.642658630399083,1.555416566990333,-1.0194460782877899,-1.6336475211868913
15926.0,178,1,134.44,False,False,True,5.187385805840755,0.6931471805599453,4.90852873782488,0.9745595686544162,-1.0194460782877899,-1.3786154854132826
15927.0,283,1,123.39,False,False,True,5.648974238161206,0.6931471805599453,4.8234217912218735,1.3465839034788114,-1.0194460782877899,-1.4602530867998855
15928.0,292,1,293.53,False,False,True,5.680172609017068,0.6931471805599453,5.685380865475649,1.3717287129076554,-1.0194460782877899,-0.6334313745401559
15929.0,280,1,594.0,False,False,True,5.638354669333745,0.6931471805599453,6.38856140554563,1.3380248977660874,-1.0194460782877899,0.04108433686032296
15931.0,64,1,239.9,False,False,True,4.174387269895637,0.6931471805599453,5.484381909620826,0.1581177340561029,-1.0194460782877899,-0.8262367011575231
15934.0,53,2,2190.66,False,False,True,3.9889840465642745,1.0986122886681098,7.692414526548134,0.008689139220207557,-0.26891080150533303,1.2917864899477973
15936.0,15,2,282.79,False,False,True,2.772588722239781,1.0986122886681098,5.648234528023389,-0.971683482208837,-0.26891080150533303,-0.6690634587699608
15938.0,92,4,330.23,False,False,True,4.532599493153256,1.6094379124341003,5.802812998119156,0.44682441462314787,0.6766518209102622,-0.5207863083336489
15939.0,10,1,2945.38,False,False,True,2.3978952727983707,0.6931471805599453,7.988332577163207,-1.2736734618769707,-1.0194460782877899,1.5756415784390174
15941.0,273,1,405.0,False,False,True,5.6131281063880705,0.6931471805599453,6.0063531596017325,1.3176931592678074,-1.0194460782877899,-0.32554336715765253
15943.0,285,2,271.28999999999996,False,False,True,5.655991810819852,1.0986122886681098,5.606867674804115,1.3522398246796317,-0.26891080150533303,-0.7087440113984804
15944.0,29,3,1839.1399999999999,False,False,True,3.4011973816621555,1.3862943611198906,7.517596934665088,-0.4650466126260415,0.26360245192940907,1.124095256139512
15945.0,1,4,646.27,False,False,True,0.6931471805599453,1.6094379124341003,6.472763518115628,-2.6476415482736133,0.6766518209102622,0.12185398935372543
15946.0,138,3,2304.18,False,False,True,4.9344739331306915,1.3862943611198906,7.742914043488088,0.7707213339283926,0.26360245192940907,1.3402274174950006
15948.0,60,1,553.85,False,False,True,4.110873864173311,0.6931471805599453,6.318697806946573,0.10692812257148,-1.0194460782877899,-0.025931304535769622
15951.0,17,1,304.95,False,False,True,2.8903717578961645,0.6931471805599453,5.72342168990855,-0.876754423277733,-1.0194460782877899,-0.5969412666767252
15953.0,5,11,2010.1699999999998,False,False,True,1.791759469228055,2.4849066497880004,7.606471921256951,-1.7621979857756733,2.297186258929065,1.2093472951119675
15954.0,225,1,190.75,False,False,True,5.420534999272286,0.6931471805599453,5.256192440247365,1.162469766414731,-1.0194460782877899,-1.0451241326174714
15956.0,187,2,617.6,False,False,True,5.236441962829949,1.0986122886681098,6.42745886025097,1.0140971369621858,-0.26891080150533303,0.07839615486033315
15957.0,56,2,501.21,False,False,True,4.04305126783455,1.0986122886681098,6.2190183589107395,0.05226545227415695,-0.26891080150533303,-0.12154736609117883
15958.0,39,3,388.64,False,False,True,3.6888794541139363,1.3862943611198906,5.965223235902755,-0.23318479774746423,0.26360245192940907,-0.3649966485879126
15959.0,318,3,579.49,False,False,True,5.765191102784844,1.3862943611198906,6.363872574460713,1.4402506826475105,0.26360245192940907,0.017401934527016744
15960.0,10,4,410.95,False,False,True,2.3978952727983707,1.6094379124341003,6.020901982761599,-1.2736734618769707,0.6766518209102622,-0.3115876200279891
15961.0,15,1,451.28999999999996,False,False,True,2.772588722239781,0.6931471805599453,6.114323567019841,-0.971683482208837,-1.0194460782877899,-0.22197432333488576
15962.0,85,1,295.83,False,False,True,4.454347296253507,0.6931471805599453,5.693159584352287,0.3837558464750486,-1.0194460782877899,-0.625969751531735
15964.0,299,1,272.96000000000004,False,False,True,5.703782474656201,0.6931471805599453,5.612982110329704,1.3907574492118489,-1.0194460782877899,-0.7028788280019879
15965.0,3,10,2167.45,False,False,True,1.3862943611198906,2.3978952727983707,7.681767905596637,-2.088988859585355,2.1361240451745016,1.2815738735628275
15966.0,86,1,426.53000000000003,False,False,True,4.465908118654584,0.6931471805599453,6.058024461353231,0.39307347006054943,-1.0194460782877899,-0.27597842206342105
15967.0,15,10,2622.77,False,False,True,2.772588722239781,2.3978952727983707,7.872367493783256,-0.971683482208837,2.1361240451745016,1.46440375791307
15968.0,24,1,418.05,False,False,True,3.2188758248682006,0.6931471805599453,6.037990244544916,-0.6119914906626093,-1.0194460782877899,-0.29519595331288834
15969.0,61,2,460.95,False,False,True,4.127134385045092,1.0986122886681098,6.135456660116754,0.12003354081346623,-0.26891080150533303,-0.201702710979205
15970.0,234,1,703.22,False,False,True,5.459585514144159,0.6931471805599453,6.557090807340088,1.1939431327352996,-1.0194460782877899,0.20274371573331137
15971.0,21,6,1702.98,False,False,True,3.091042453358316,1.9459101490553132,7.440721970231179,-0.7150207731887119,1.2994779980390392,1.0503540639858382
15972.0,92,5,1810.27,False,False,True,4.532599493153256,1.791759469228055,7.501783535671927,0.44682441462314787,1.0141377287118658,1.108926483024047
15973.0,2,3,680.62,False,False,True,1.0986122886681098,1.3862943611198906,6.524472317807621,-2.3208506744639323,0.26360245192940907,0.17145490380229436
15976.0,46,4,1315.7,False,False,True,3.8501476017100584,1.6094379124341003,7.182883885362298,-0.10320824041433209,0.6766518209102622,0.8030266290938513
15978.0,68,2,2180.64,False,False,True,4.23410650459726,1.0986122886681098,7.687832166530142,0.20624937473523788,-0.26891080150533303,1.2873909277112179
15979.0,238,1,329.22,False,False,True,5.476463551931511,0.6931471805599453,5.799759099003687,1.2075462482843946,-1.0194460782877899,-0.5237157166676888
15982.0,241,1,324.51,False,False,True,5.488937726156687,0.6931471805599453,5.7853931831429195,1.2176000018961897,-1.0194460782877899,-0.537496012629492
15983.0,1,6,2483.8,False,False,True,0.6931471805599453,1.9459101490553132,7.817947452394423,-2.6476415482736133,1.2994779980390392,1.4122021242783007
15985.0,72,5,1572.8600000000001,False,False,True,4.290459441148391,1.791759469228055,7.3612864796593405,0.25166789536506495,1.0141377287118658,0.9741567243549986
15986.0,17,1,186.3,False,False,True,2.8903717578961645,0.6931471805599453,5.2327116094500425,-0.876754423277733,-1.0194460782877899,-1.0676477782347893
15987.0,4,2,230.85,False,False,True,1.6094379124341003,1.0986122886681098,5.446090610837469,-1.909142863812241,-0.26891080150533303,-0.8629670729006511
15988.0,187,2,612.0600000000001,False,False,True,5.236441962829949,1.0986122886681098,6.418462810428566,1.0140971369621858,-0.26891080150533303,0.06976682483770634
15989.0,11,2,372.51,False,False,True,2.4849066497880004,1.0986122886681098,5.922944777976174,-1.2035452970874143,-0.26891080150533303,-0.40555164478053285
15990.0,130,5,1217.94,False,False,True,4.875197323201151,1.791759469228055,7.105736907597212,0.7229464335288678,1.0141377287118658,0.7290245121063207
15991.0,170,1,150.55,False,False,True,5.14166355650266,0.6931471805599453,5.020915603503812,0.9377090147720976,-1.0194460782877899,-1.270810018202898
15992.0,32,2,854.61,False,False,True,3.4965075614664802,1.0986122886681098,6.751814664844485,-0.3882298993790306,-0.26891080150533303,0.3895297454749085
15994.0,47,2,775.11,False,False,True,3.871201010907891,1.0986122886681098,6.654294262714591,-0.08623991971089644,-0.26891080150533303,0.2959847173201761
15995.0,50,1,696.19,False,False,True,3.9318256327243257,0.6931471805599453,6.547057970456371,-0.03737856828608019,-1.0194460782877899,0.19311986279319487
15996.0,2,2,626.22,False,False,True,1.0986122886681098,1.0986122886681098,6.441297356282896,-2.3208506744639323,-0.26891080150533303,0.09167053101806728
15999.0,371,1,20.4,False,False,True,5.918893854273146,0.6931471805599453,3.0633909220278057,1.564129791999665,-1.0194460782877899,-3.1485371136916016
16001.0,17,1,583.39,False,False,True,2.8903717578961645,0.6931471805599453,6.37056856816272,-0.876754423277733,-1.0194460782877899,0.02382496915051841
16002.0,261,1,169.21,False,False,True,5.568344503761097,0.6931471805599453,5.137032968819882,1.2815991222171266,-1.0194460782877899,-1.1594261234433483
16003.0,17,5,2878.46,False,False,True,2.8903717578961645,1.791759469228055,7.965358055549669,-0.876754423277733,1.0141377287118658,1.55360360254637
16004.0,110,5,2146.39,False,False,True,4.709530201312334,1.791759469228055,7.672008430194929,0.5894244548407798,1.0141377287118658,1.272212238650657
16005.0,11,6,1820.83,False,False,True,2.4849066497880004,1.9459101490553132,7.507596769405338,-1.2035452970874143,1.2994779980390392,1.1145027429797605
16006.0,23,1,245.77,False,False,True,3.1780538303479458,0.6931471805599453,5.508456728726992,-0.6448926083991554,-1.0194460782877899,-0.8031432808893546
16007.0,19,3,1373.2,False,False,True,2.995732273553991,1.3862943611198906,7.225627022596975,-0.7918374864357232,0.26360245192940907,0.8440273621580335
16010.0,12,8,1316.56,False,False,True,2.5649493574615367,2.1972245773362196,7.18353682017553,-1.1390336390935285,1.764673005494323,0.8036529473221713
16011.0,2,14,2517.75,False,False,True,1.0986122886681098,2.70805020110221,7.831518025694993,-2.3208506744639323,2.7102356279099182,1.4252194994505936
16012.0,37,2,1574.5,False,False,True,3.6375861597263857,1.0986122886681098,7.362327961197329,-0.27452542153552467,-0.26891080150533303,0.9751557503809991
16014.0,44,2,467.89,False,False,True,3.8066624897703196,1.0986122886681098,6.150368199359277,-0.13825573881636022,-0.26891080150533303,-0.18739903371981198
16016.0,2,4,1025.18,False,False,True,1.0986122886681098,1.6094379124341003,6.933598448939655,-2.3208506744639323,0.6766518209102622,0.563903197899832
16017.0,53,4,1341.95,False,False,True,3.9889840465642745,1.6094379124341003,7.202623965748275,0.008689139220207557,0.6766518209102622,0.8219620142558541
16018.0,32,2,289.23,False,False,True,3.4965075614664802,1.0986122886681098,5.670673712088448,-0.3882298993790306,-0.26891080150533303,-0.6475389976388507
16021.0,31,2,532.25,False,False,True,3.4657359027997265,1.0986122886681098,6.27899035735146,-0.4130307935205781,-0.26891080150533303,-0.0640200983594452
16024.0,47,2,232.96,False,False,True,3.871201010907891,1.0986122886681098,5.455150160574825,-0.08623991971089644,-0.26891080150533303,-0.854276831507662
16027.0,93,9,1113.74,False,False,True,4.543294782270004,2.302585092994046,7.016376472846134,0.4554444482739268,1.959700351127462,0.6433068140437708
16028.0,231,1,82.2,False,False,True,5.44673737166631,0.6931471805599453,4.421247347827163,1.1835879736273858,-1.0194460782877899,-1.8460330754873961
16032.0,92,6,1970.45,False,False,True,4.532599493153256,1.9459101490553132,7.586524591596127,0.44682441462314787,1.2994779980390392,1.190213109095711
16033.0,5,8,2019.73,False,False,True,1.791759469228055,2.1972245773362196,7.611214111249621,-1.7621979857756733,1.764673005494323,1.2138961719284167
16034.0,30,3,491.02,False,False,True,3.4339872044851463,1.3862943611198906,6.198519366072607,-0.4386191478747927,0.26360245192940907,-0.14121072699111242
16035.0,196,1,217.73,False,False,True,5.2832037287379885,0.6931471805599453,5.387838092486448,1.0517855052986675,-1.0194460782877899,-0.9188449543512641
16036.0,60,2,1797.92,False,False,True,4.110873864173311,1.0986122886681098,7.494941763812224,0.10692812257148,-0.26891080150533303,1.1023636128218541
16037.0,180,2,654.32,False,False,True,5.198497031265826,1.0986122886681098,6.485123665952063,0.9835148326047404,-0.26891080150533303,0.1337102814946857
16039.0,59,2,456.4,False,False,True,4.0943445622221,1.0986122886681098,6.125558281588681,0.09360607606221706,-0.26891080150533303,-0.21119758669620034
16040.0,66,4,1103.35,False,False,True,4.204692619390966,1.6094379124341003,7.0070122055794775,0.1825427991101455,0.6766518209102622,0.6343242767902734
16042.0,15,3,1067.85,False,False,True,2.772588722239781,1.3862943611198906,6.97433858312529,-0.971683482208837,0.26360245192940907,0.6029825794055254
16043.0,15,4,1082.6000000000001,False,False,True,2.772588722239781,1.6094379124341003,6.98804411021094,-0.971683482208837,0.6766518209102622,0.6161294070344242
16044.0,71,1,340.84000000000003,False,False,True,4.276666119016055,0.6931471805599453,5.83434279133577,0.24055095409878485,-1.0194460782877899,-0.49054181251796847
16045.0,52,4,2094.23,False,False,True,3.970291913552122,1.6094379124341003,7.647418611533148,-0.006376074427667188,0.6766518209102622,1.2486248125449662
16046.0,198,1,235.78,False,False,True,5.293304824724492,0.6931471805599453,5.46713143998349,1.0599266398077916,-1.0194460782877899,-0.8427839633986852
16048.0,9,4,818.7900000000001,False,False,True,2.302585092994046,1.6094379124341003,6.709048209898743,-1.3504901751239817,0.6766518209102622,0.34850664523534164
16049.0,11,3,787.89,False,False,True,2.4849066497880004,1.3862943611198906,6.6706268941429,-1.2035452970874143,0.26360245192940907,0.3116515566013247
16050.0,19,2,162.8,False,False,True,2.995732273553991,1.0986122886681098,5.098646171418969,-0.7918374864357232,-0.26891080150533303,-1.196248100847168
16051.0,317,1,188.44,False,False,True,5.762051382780177,0.6931471805599453,5.244072351695641,1.437720176758532,-1.0194460782877899,-1.0567501513791535
16053.0,49,4,2122.89,False,False,True,3.912023005428146,1.6094379124341003,7.661004591943516,-0.05333880197435037,0.6766518209102622,1.2616569667633697
16054.0,54,3,1327.98,False,False,True,4.007333185232471,1.3862943611198906,7.1921670096910555,0.02347791127266091,0.26360245192940907,0.8119313311636897
16057.0,155,3,1591.73,False,False,True,5.049856007249537,1.3862943611198906,7.373204804019313,0.8637153007809296,0.26360245192940907,0.9855892037486522
16058.0,42,1,62.7,False,False,True,3.7612001156935624,0.6931471805599453,4.154184562578117,-0.17489684221320997,-1.0194460782877899,-2.1022091701258026
16059.0,3,7,1757.91,False,False,True,1.3862943611198906,2.0794415416798357,7.472449577993657,-2.088988859585355,1.546650982146608,1.0807883105291416
16060.0,36,3,541.95,False,False,True,3.6109179126442243,1.3862943611198906,6.29701723466291,-0.29601910765716044,0.26360245192940907,-0.04672807834300425
16061.0,67,1,89.65,False,False,True,4.219507705176107,0.6931471805599453,4.50700593720086,0.19448324659249747,-1.0194460782877899,-1.7637703952454993
16062.0,15,4,1709.83,False,False,True,2.772588722239781,1.6094379124341003,7.444733911854839,-0.971683482208837,0.6766518209102622,1.0542024606694422
16064.0,361,1,111.0,False,False,True,5.8916442118257715,0.6931471805599453,4.718498871295094,1.5421675212929993,-1.0194460782877899,-1.5608988725458672
16065.0,1,8,2010.53,False,False,True,0.6931471805599453,2.1972245773362196,7.606650905521729,-2.6476415482736133,1.764673005494323,1.2095189831661823
16067.0,198,3,3395.29,False,False,True,5.293304824724492,1.3862943611198906,8.13043893836719,1.0599266398077916,0.26360245192940907,1.7119550397195284
16068.0,229,1,122.93,False,False,True,5.438079308923196,0.6931471805599453,4.819716890076783,1.176609874075188,-1.0194460782877899,-1.4638069593676628
16069.0,53,1,457.7,False,False,True,3.9889840465642745,0.6931471805599453,6.128396401603126,0.008689139220207557,-1.0194460782877899,-0.2084751613281819
16071.0,163,3,750.5600000000001,False,False,True,5.099866427824199,1.3862943611198906,6.622151046325322,0.9040219725817091,0.26360245192940907,0.265151804243046
16072.0,64,3,3744.57,False,False,True,4.174387269895637,1.3862943611198906,8.228329087306877,0.1581177340561029,0.26360245192940907,1.8058547421267943
16074.0,26,1,265.25,False,False,True,3.295836866004329,0.6931471805599453,5.584435717023635,-0.5499635494680514,-1.0194460782877899,-0.730261540821152
16075.0,138,2,736.9300000000001,False,False,True,4.9344739331306915,1.0986122886681098,6.6038489691533275,0.7707213339283926,-0.26891080150533303,0.2475958027607728
16077.0,261,1,2300.4,False,False,True,5.568344503761097,0.6931471805599453,7.741272912389358,1.2815991222171266,-1.0194460782877899,1.3386531863445612
16078.0,305,1,283.79,False,False,True,5.723585101952381,0.6931471805599453,5.651752066561817,1.406717682900119,-1.0194460782877899,-0.6656893110590614
16080.0,21,2,385.40000000000003,False,False,True,3.091042453358316,1.0986122886681098,5.956873102338363,-0.7150207731887119,-0.26891080150533303,-0.3730063928292906
16081.0,2,4,1653.28,False,False,True,1.0986122886681098,1.6094379124341003,7.411121147834273,-2.3208506744639323,0.6766518209102622,1.0219599053888142
16082.0,306,1,106.75,False,False,True,5.726847747587197,0.6931471805599453,4.6798137289838575,1.4093472626015824,-1.0194460782877899,-1.5980070329680764
16083.0,18,2,1033.8,False,False,True,2.9444389791664403,1.0986122886681098,6.941963450311874,-0.8331781102237836,-0.26891080150533303,0.5719272038697453
16085.0,16,7,1362.02,False,False,True,2.833213344056216,2.0794415416798357,7.2174581051031845,-0.9228221307840204,1.546650982146608,0.8361914467981636
16086.0,3,6,1743.6,False,False,True,1.3862943611198906,1.9459101490553132,7.464280581999118,-2.088988859585355,1.2994779980390392,1.07295231986857
16087.0,25,5,1739.92,False,False,True,3.258096538021482,1.791759469228055,7.462168988109326,-0.5803809504052695,1.0141377287118658,1.0709268041246047
16088.0,211,2,1437.43,False,False,True,5.356586274672012,1.0986122886681098,7.271307520007092,1.1109293029488503,-0.26891080150533303,0.8878457152720803
16089.0,22,2,271.44,False,False,True,3.1354942159291497,1.0986122886681098,5.607418406373117,-0.6791941877627027,-0.26891080150533303,-0.7082157301465286
16090.0,260,1,205.91,False,False,True,5.564520407322694,0.6931471805599453,5.33228391611131,1.27851703255849,-1.0194460782877899,-0.9721344904854906
16092.0,140,3,770.08,False,False,True,4.948759890378168,1.3862943611198906,6.647792129529391,0.7822353220836085,0.26360245192940907,0.2897476405794015
16094.0,11,7,2617.33,False,False,True,2.4849066497880004,2.0794415416798357,7.8702919889463265,-1.2035452970874143,1.546650982146608,1.4624128600684607
16095.0,92,1,447.05,False,False,True,4.532599493153256,0.6931471805599453,6.104904833330228,0.44682441462314787,-1.0194460782877899,-0.23100910671286184
16096.0,52,3,1264.3500000000001,False,False,True,3.970291913552122,1.3862943611198906,7.143104042734709,-0.006376074427667188,0.26360245192940907,0.7648683933061025
16098.0,9,8,2442.47,False,False,True,2.302585092994046,2.1972245773362196,7.801174439164,-1.3504901751239817,1.764673005494323,1.396112855155008
16099.0,53,4,841.3,False,False,True,3.9889840465642745,1.6094379124341003,6.736136245321318,0.008689139220207557,0.6766518209102622,0.37449044945393
16100.0,98,1,582.64,False,False,True,4.59511985013459,0.6931471805599453,6.3692843543958215,0.49721366311890963,-1.0194460782877899,0.02259310576237118
16101.0,70,3,1938.46,False,False,True,4.2626798770413155,1.3862943611198906,7.570164862795215,0.22927852610229346,0.26360245192940907,1.1745202770537897
16104.0,54,8,2476.25,False,False,True,4.007333185232471,2.1972245773362196,7.814904352939009,0.02347791127266091,1.764673005494323,1.4092830753611814
16105.0,74,4,2049.23,False,False,True,4.31748811353631,1.6094379124341003,7.625707260961003,0.27345207183533093,0.6766518209102622,1.227798515111909
16108.0,70,3,1393.42,False,False,True,4.2626798770413155,1.3862943611198906,7.2402338371895825,0.22927852610229346,0.26360245192940907,0.8580387367265716
16109.0,334,1,327.6,False,False,True,5.814130531825066,0.6931471805599453,5.794841205603168,1.4796941722597772,-1.0194460782877899,-0.5284331344240341
16110.0,158,1,481.79,False,False,True,5.0689042022202315,0.6931471805599453,6.179581776498513,0.879067488070273,-1.0194460782877899,-0.1593763345070839
16111.0,64,1,562.48,False,False,True,4.174387269895637,0.6931471805599453,6.334131840392106,0.1581177340561029,-1.0194460782877899,-0.011126432307285198
16115.0,33,4,907.17,False,False,True,3.5263605246161616,1.6094379124341003,6.811431585746545,-0.36416944209576146,0.6766518209102622,0.44671641023920555
16117.0,38,2,422.19,False,False,True,3.6635616461296463,1.0986122886681098,6.047821250775306,-0.25359007659558824,-0.26891080150533303,-0.2857657034930988
16119.0,30,6,1297.45,False,False,True,3.4339872044851463,1.9459101490553132,7.1689265243930045,-0.4386191478747927,1.2994779980390392,0.7896382334728076
16120.0,58,2,1747.77,False,False,True,4.07753744390572,1.0986122886681098,7.466667962654821,0.08006011915741833,-0.26891080150533303,1.0752423800588093
16121.0,26,3,609.98,False,False,True,3.295836866004329,1.3862943611198906,6.415064225411629,-0.5499635494680514,0.26360245192940907,0.06650678156314976
16122.0,2,3,316.92,False,False,True,1.0986122886681098,1.3862943611198906,5.761799778803507,-2.3208506744639323,0.26360245192940907,-0.5601276427806537
16124.0,54,3,1523.49,False,False,True,4.007333185232471,1.3862943611198906,7.329415206879082,0.02347791127266091,0.26360245192940907,0.9435846692317504
16127.0,362,1,145.06,False,False,True,5.8944028342648505,0.6931471805599453,4.984017496191964,1.5443908757058706,-1.0194460782877899,-1.3062039912788672
16128.0,16,6,1920.83,False,False,True,2.833213344056216,1.9459101490553132,7.56103313608661,-0.9228221307840204,1.2994779980390392,1.1657608009503175
16129.0,43,3,1396.05,False,False,True,3.784189633918261,1.3862943611198906,7.242118149597153,-0.1563680845004533,0.26360245192940907,0.8598462360125539
16130.0,58,4,987.48,False,False,True,4.07753744390572,1.6094379124341003,6.896168409730217,0.08006011915741833,0.6766518209102622,0.5279989768834351
16132.0,180,2,664.1999999999999,False,False,True,5.198497031265826,1.0986122886681098,6.500087747318773,0.9835148326047404,-0.26891080150533303,0.14806435902293524
16134.0,59,3,1527.25,False,False,True,4.0943445622221,1.3862943611198906,7.331878568908834,0.09360607606221706,0.26360245192940907,0.9459476134505567
16135.0,219,1,301.9,False,False,True,5.393627546352362,0.6931471805599453,5.713402718033191,1.1407832886491787,-1.0194460782877899,-0.6065518198091203
16136.0,299,1,237.42,False,False,True,5.703782474656201,0.6931471805599453,5.474033824289855,1.3907574492118489,-1.0194460782877899,-0.8361629515881133
16137.0,316,1,422.7,False,False,True,5.75890177387728,0.6931471805599453,6.049025657632513,1.4351817007591081,-1.0194460782877899,-0.28461039372297386
16138.0,14,3,910.35,False,False,True,2.70805020110221,1.3862943611198906,6.814927016670943,-1.0236993013143005,0.26360245192940907,0.45006935154271005
16139.0,358,2,475.74,False,False,True,5.883322388488279,1.0986122886681098,6.166971268906583,1.5354604190892172,-0.26891080150533303,-0.17147278060419172
16140.0,7,2,832.4200000000001,False,False,True,2.0794415416798357,1.0986122886681098,6.725537716780558,-1.530336170897096,-0.26891080150533303,0.36432396501487285
16141.0,53,1,335.54,False,False,True,3.9889840465642745,0.6931471805599453,5.8187170127483006,0.008689139220207557,-1.0194460782877899,-0.5055306134865849
16143.0,5,7,2485.89,False,False,True,1.791759469228055,2.0794415416798357,7.818788212829251,-1.7621979857756733,1.546650982146608,1.4130086115038418
16145.0,24,8,3005.9500000000003,False,False,True,3.2188758248682006,2.1972245773362196,8.008681554981978,-0.6119914906626093,1.764673005494323,1.595161039612296
16146.0,84,1,212.25,False,False,True,4.442651256490317,0.6931471805599453,5.3624651863717885,0.3743292423656113,-1.0194460782877899,-0.9431835457129136
16147.0,36,4,2023.91,False,False,True,3.6109179126442243,1.6094379124341003,7.613280534108512,-0.29601910765716044,0.6766518209102622,1.2158783580176107
16148.0,72,1,310.3,False,False,True,4.290459441148391,0.6931471805599453,5.7407570774475625,0.25166789536506495,-1.0194460782877899,-0.5803125481727741
16149.0,65,1,141.70000000000002,False,False,True,4.189654742026425,0.6931471805599453,4.960744524482791,0.17042278930922797,-1.0194460782877899,-1.328528251087385
16150.0,8,6,2342.57,False,False,True,2.1972245773362196,1.9459101490553132,7.75943068676945,-1.4354071119659917,1.2994779980390392,1.3560707674713346
16153.0,56,6,3309.2599999999998,False,False,True,4.04305126783455,1.9459101490553132,8.104782015135173,0.05226545227415695,1.2994779980390392,1.6873440090666196
16155.0,17,5,796.9,False,False,True,2.8903717578961645,1.791759469228055,6.681983276314235,-0.876754423277733,1.0141377287118658,0.3225450011191036
16156.0,18,11,3096.14,False,False,True,2.9444389791664403,2.4849066497880004,8.038234383988618,-0.8331781102237836,2.297186258929065,1.6235091612473551
16158.0,158,9,628.32,False,False,True,5.0689042022202315,2.302585092994046,6.444639871372223,0.879067488070273,1.959700351127462,0.09487679002961452
16159.0,106,3,884.59,False,False,True,4.672828834461906,1.3862943611198906,6.78625408955109,0.5598444206942619,0.26360245192940907,0.4225652630020103
16163.0,1,5,1992.98,False,False,True,0.6931471805599453,1.791759469228055,7.597887920381211,-2.6476415482736133,1.0141377287118658,1.2011132170517507
16165.0,141,1,79.9,False,False,True,4.955827057601261,0.6931471805599453,4.393213824064446,0.7879312147905524,-1.0194460782877899,-1.8729238256523382
16166.0,64,2,435.83,False,False,True,4.174387269895637,1.0986122886681098,6.079544103390923,0.1581177340561029,-0.26891080150533303,-0.25533601825529967
16167.0,50,5,1386.1200000000001,False,False,True,3.9318256327243257,1.791759469228055,7.234984934236418,-0.03737856828608019,1.0141377287118658,0.8530038028685135
16172.0,109,3,744.34,False,False,True,4.700480365792417,1.3862943611198906,6.613840490110706,0.5821305999609199,0.26360245192940907,0.2571800239991314
16174.0,127,4,1237.2,False,False,True,4.852030263919617,1.6094379124341003,7.121413991085132,0.7042745838559394,0.6766518209102622,0.7440625265549096
16175.0,107,3,798.85,False,False,True,4.68213122712422,1.3862943611198906,6.684424210087605,0.5673418279084664,0.26360245192940907,0.3248864313589992
16176.0,57,4,2052.69,False,False,True,4.060443010546419,1.6094379124341003,7.627393454073833,0.06628259625086781,0.6766518209102622,1.2294159713443382
16177.0,72,7,1915.36,False,False,True,4.290459441148391,2.0794415416798357,7.558182832321921,0.25166789536506495,1.546650982146608,1.163026688496985
16178.0,37,1,414.7,False,False,True,3.6375861597263857,0.6931471805599453,6.029963846258592,-0.27452542153552467,-1.0194460782877899,-0.3028951591947016
16182.0,74,5,3354.0,False,False,True,4.31748811353631,1.791759469228055,8.118207049405783,0.27345207183533093,1.0141377287118658,1.7002217780400253
16183.0,30,3,739.1,False,False,True,3.4339872044851463,1.3862943611198906,6.606785312203421,-0.4386191478747927,0.26360245192940907,0.2504124471479346
16185.0,200,1,115.31,False,False,True,5.303304908059076,0.6931471805599453,4.7562590403509475,1.067986361608086,-1.0194460782877899,-1.5246779792731717
16188.0,44,1,105.80000000000001,False,False,True,3.8066624897703196,0.6931471805599453,4.6709579265260945,-0.13825573881636022,-1.0194460782877899,-1.606501832744853
16190.0,30,7,2508.4700000000003,False,False,True,3.4339872044851463,2.0794415416798357,7.827826854450908,-0.4386191478747927,1.546650982146608,1.4216787970907743
16192.0,371,1,351.3,False,False,True,5.918893854273146,0.6931471805599453,5.864483085347192,1.564129791999665,-1.0194460782877899,-0.46163017361665437
16193.0,46,1,315.98,False,False,True,3.8501476017100584,0.6931471805599453,5.7588386804042795,-0.10320824041433209,-1.0194460782877899,-0.5629680333766207
16194.0,11,1,308.59999999999997,False,False,True,2.4849066497880004,0.6931471805599453,5.735281141715572,-1.2035452970874143,-1.0194460782877899,-0.5855652599236981
16195.0,359,1,323.25,False,False,True,5.886104031450156,0.6931471805599453,5.781514823196553,1.5377023272484165,-1.0194460782877899,-0.5412162730309389
16196.0,124,1,93.3,False,False,True,4.8283137373023015,0.6931471805599453,4.546481189639412,0.6851598824870228,-1.0194460782877899,-1.7259043331689619
16197.0,105,9,2016.71,False,False,True,4.663439094112067,2.302585092994046,7.609718483946528,0.5522766142605914,1.959700351127462,1.2124615131788508
16198.0,73,1,629.36,False,False,True,4.30406509320417,0.6931471805599453,6.44629108475387,0.26263358103109885,-1.0194460782877899,0.0964606924633835
16199.0,28,7,942.75,False,False,True,3.367295829986474,2.0794415416798357,6.8498613005632345,-0.49237009243739077,1.546650982146608,0.4835795555502475
16201.0,51,1,248.65,False,False,True,3.9512437185814275,0.6931471805599453,5.520059936946618,-0.0217282617170106,-1.0194460782877899,-0.7920130720726974
16202.0,53,8,2136.72,False,False,True,3.9889840465642745,2.1972245773362196,7.667495119491214,0.008689139220207557,1.764673005494323,1.2678829109650742
16203.0,8,3,521.64,False,False,True,2.1972245773362196,1.3862943611198906,6.258892890532495,-1.4354071119659917,0.26360245192940907,-0.08329830126220517
16204.0,16,2,538.53,False,False,True,2.833213344056216,1.0986122886681098,6.290698390195733,-0.9228221307840204,-0.26891080150533303,-0.052789338045359395
16205.0,32,3,1069.23,False,False,True,3.4965075614664802,1.3862943611198906,6.975628857627836,-0.3882298993790306,0.26360245192940907,0.6042202564662417
16206.0,23,9,2065.26,False,False,True,3.1780538303479458,2.302585092994046,7.6334954888089435,-0.6448926083991554,1.959700351127462,1.2352692594628258
16208.0,30,8,2776.19,False,False,True,3.4339872044851463,2.1972245773362196,7.92919490412368,-0.4386191478747927,1.764673005494323,1.5189146252203525
16209.0,18,4,1884.16,False,False,True,2.9444389791664403,1.6094379124341003,7.541767976916558,-0.8331781102237836,0.6766518209102622,1.1472809770610823
16211.0,57,2,543.5699999999999,False,False,True,4.060443010546419,1.0986122886681098,6.2999964924204805,0.06628259625086781,-0.26891080150533303,-0.04387026864651692
16212.0,254,2,603.37,False,False,True,5.541263545158426,1.0986122886681098,6.40418659316403,1.2597728048635513,-0.26891080150533303,0.0560725709504502
16214.0,71,1,975.5,False,False,True,4.276666119016055,0.6931471805599453,6.8839747503167334,0.24055095409878485,-1.0194460782877899,0.5163023863420607
16218.0,9,7,1355.29,False,False,True,2.302585092994046,2.0794415416798357,7.2125083099414145,-1.3504901751239817,1.546650982146608,0.8314434277410724
16219.0,136,1,40.8,False,False,True,4.919980925828125,0.6931471805599453,3.7328963395307104,0.7590404705795485,-1.0194460782877899,-2.5063237741010274
16221.0,3,7,1370.65,False,False,True,1.3862943611198906,2.0794415416798357,7.223769673700954,-2.088988859585355,1.546650982146608,0.8422457272285541
16222.0,357,1,498.5,False,False,True,5.8805329864007,0.6931471805599453,6.2136075980886085,1.5332122573426752,-1.0194460782877899,-0.12673755975722412
16223.0,10,2,1102.3500000000001,False,False,True,2.3978952727983707,1.0986122886681098,7.00610628532909,-1.2736734618769707,-0.26891080150533303,0.6334552859588415
16224.0,23,1,321.24,False,False,True,3.1780538303479458,0.6931471805599453,5.775296609530198,-0.6448926083991554,-1.0194460782877899,-0.5471810041004085
16225.0,38,10,1771.0900000000001,False,False,True,3.6635616461296463,2.3978952727983707,7.479914919942974,-0.25359007659558824,2.1361240451745016,1.0879493312753792
16226.0,14,2,417.05,False,False,True,2.70805020110221,1.0986122886681098,6.035601042596067,-1.0236993013143005,-0.26891080150533303,-0.2974877605521028
16227.0,130,2,713.0,False,False,True,4.875197323201151,1.0986122886681098,6.570882962339584,0.7229464335288678,-0.26891080150533303,0.21597363992931531
16228.0,21,3,890.8100000000001,False,False,True,3.091042453358316,1.3862943611198906,6.793253105407027,-0.7150207731887119,0.26360245192940907,0.42927896722184133
16229.0,17,4,1857.26,False,False,True,2.8903717578961645,1.6094379124341003,7.5273958449981615,-0.876754423277733,0.6766518209102622,1.1334947184363566
16231.0,15,4,1078.22,False,False,True,2.772588722239781,1.6094379124341003,6.983993836967935,-0.971683482208837,0.6766518209102622,0.612244241302164
16232.0,56,3,1722.09,False,False,True,4.04305126783455,1.3862943611198906,7.45187446963851,0.05226545227415695,0.26360245192940907,1.0610519369259526
16233.0,2,7,1429.03,False,False,True,1.0986122886681098,2.0794415416798357,7.265450702054875,-2.3208506744639323,1.546650982146608,0.8822276477880322
16234.0,112,3,333.18,False,False,True,4.727387818712341,1.3862943611198906,5.8116797699659974,0.603817077726472,0.26360245192940907,-0.5122809863298531
16235.0,11,4,1186.4,False,False,True,2.4849066497880004,1.6094379124341003,7.079521321836575,-1.2035452970874143,0.6766518209102622,0.7038775925437336
16237.0,73,1,136.65,False,False,True,4.30406509320417,0.6931471805599453,4.9247142315886165,0.26263358103109885,-1.0194460782877899,-1.3630897857980337
16238.0,58,1,63.66,False,False,True,4.07753744390572,0.6931471805599453,4.169142772297287,0.08006011915741833,-1.0194460782877899,-2.087860724890103
16239.0,18,4,1078.0,False,False,True,2.9444389791664403,1.6094379124341003,6.983789965258135,-0.8331781102237836,0.6766518209102622,0.6120486803280837
16241.0,5,4,1721.44,False,False,True,1.791759469228055,1.6094379124341003,7.4514971691896905,-1.7621979857756733,0.6766518209102622,1.0606900169549844
16244.0,8,1,1056.63,False,False,True,2.1972245773362196,0.6931471805599453,6.963785834807063,-1.4354071119659917,-1.0194460782877899,0.5928600089794575
16246.0,95,2,827.25,False,False,True,4.564348191467836,1.0986122886681098,6.719315041180005,0.4724127689773621,-0.26891080150533303,0.35835495389988464
16250.0,9,2,401.94,False,False,True,2.302585092994046,1.0986122886681098,5.998787667487763,-1.3504901751239817,-0.26891080150533303,-0.3328004554935173
16251.0,148,1,128.31,False,False,True,5.003946305945459,0.6931471805599453,4.86221262230776,0.8267136670879539,-1.0194460782877899,-1.4230435459569197
16252.0,18,1,295.09000000000003,False,False,True,2.9444389791664403,0.6931471805599453,5.690663462163048,-0.8331781102237836,-1.0194460782877899,-0.6283641204573164
16253.0,56,5,3626.29,False,False,True,4.04305126783455,1.791759469228055,8.196241091973008,0.05226545227415695,1.0141377287118658,1.7750747990443447
16254.0,14,3,985.14,False,False,True,2.70805020110221,1.3862943611198906,6.893798332352932,-1.0236993013143005,0.26360245192940907,0.5257255146114922
16255.0,1,8,2286.89,False,False,True,0.6931471805599453,2.1972245773362196,7.735385274420879,-2.6476415482736133,1.764673005494323,1.333005555207923
16256.0,129,2,876.9399999999999,False,False,True,4.867534450455582,1.0986122886681098,6.777578254170188,0.7167704227443619,-0.26891080150533303,0.41424309402765297
16259.0,46,3,361.94,False,False,True,3.8501476017100584,1.3862943611198906,5.894237531346878,-0.10320824041433209,0.26360245192940907,-0.43308865381178646
16261.0,22,2,312.62,False,False,True,3.1354942159291497,1.0986122886681098,5.748182061952885,-0.6791941877627027,-0.26891080150533303,-0.5731902397180393
16262.0,14,1,755.15,False,False,True,2.70805020110221,0.6931471805599453,6.62823976919675,-1.0236993013143005,-1.0194460782877899,0.2709923231498017
16263.0,59,1,351.01,False,False,True,4.0943445622221,0.6931471805599453,5.863659584285475,0.09360607606221706,-1.0194460782877899,-0.4624201050394265
16264.0,74,2,837.53,False,False,True,4.31748811353631,1.0986122886681098,6.731650358798553,0.27345207183533093,-0.26891080150533303,0.3701874280152768
16265.0,22,3,1488.17,False,False,True,3.1354942159291497,1.3862943611198906,7.305974196751329,-0.6791941877627027,0.26360245192940907,0.9210992210128712
16266.0,59,7,896.06,False,False,True,4.0943445622221,2.0794415416798357,6.7991227494538915,0.09360607606221706,1.546650982146608,0.43490933795073594
16267.0,227,1,186.66,False,False,True,5.429345628954441,0.6931471805599453,5.2346318148619035,1.1695708296506748,-1.0194460782877899,-1.0658058491061937
16269.0,73,1,717.57,False,False,True,4.30406509320417,0.6931471805599453,6.577263125964925,0.26263358103109885,-1.0194460782877899,0.22209371914278442
16271.0,93,5,2033.78,False,False,True,4.543294782270004,1.791759469228055,7.618142983924485,0.4554444482739268,1.0141377287118658,1.2205425923214264
16273.0,284,2,336.03999999999996,False,False,True,5.652489180268651,1.0986122886681098,5.820201617670761,1.3494168254237886,-0.26891080150533303,-0.5041065277954162
16274.0,9,1,357.95,False,False,True,2.302585092994046,0.6931471805599453,5.883183103022492,-1.3504901751239817,-1.0194460782877899,-0.4436924534911788
16275.0,110,2,1591.24,False,False,True,4.709530201312334,1.0986122886681098,7.372897108810965,0.5894244548407798,-0.26891080150533303,0.9852940515928023
16276.0,115,2,1818.79,False,False,True,4.7535901911063645,1.0986122886681098,7.50647638879814,0.6249352849391268,-0.26891080150533303,1.1134280341685232
16277.0,369,1,188.69,False,False,True,5.91350300563827,0.6931471805599453,5.245391160738632,1.5597849541807298,-1.0194460782877899,-1.0554851029753025
16278.0,116,2,551.46,False,False,True,4.762173934797756,1.0986122886681098,6.314381032580987,0.6318534859023524,-0.26891080150533303,-0.030072107595918114
16280.0,361,1,238.05,False,False,True,5.8916442118257715,0.6931471805599453,5.476672735072112,1.5421675212929993,-1.0194460782877899,-0.8336316147803011
16281.0,59,2,1361.96,False,False,True,4.0943445622221,1.0986122886681098,7.217414084237287,0.09360607606221706,-0.26891080150533303,0.8361492204224532
16282.0,123,2,1139.28,False,False,True,4.820281565605037,1.0986122886681098,7.03902912526544,0.6786862295017252,-0.26891080150533303,0.6650360415906471
16283.0,54,3,2833.01,False,False,True,4.007333185232471,1.3862943611198906,7.94944794882591,0.02347791127266091,0.26360245192940907,1.5383420639461045
16284.0,29,1,205.8,False,False,True,3.4011973816621555,0.6931471805599453,5.331752142634274,-0.4650466126260415,-1.0194460782877899,-0.9726445864633045
16285.0,282,1,176.9,False,False,True,5.645446897643238,0.6931471805599453,5.18122159467179,1.3437409888431486,-1.0194460782877899,-1.1170388264351814
16286.0,113,2,328.95,False,False,True,4.736198448394496,1.0986122886681098,5.798941127829431,0.6109181409624159,-0.26891080150533303,-0.5245003436262983
16287.0,12,4,864.48,False,False,True,2.5649493574615367,1.6094379124341003,6.7632842663192285,-1.1390336390935285,0.6766518209102622,0.40053179396368893
16288.0,106,1,129.85,False,False,True,4.672828834461906,0.6931471805599453,4.874051628976154,0.5598444206942619,-1.0194460782877899,-1.4116871509059246
16289.0,98,1,136.31,False,False,True,4.59511985013459,0.6931471805599453,4.92224114333366,0.49721366311890963,-1.0194460782877899,-1.3654620597569833
16290.0,100,4,2069.3,False,False,True,4.61512051684126,1.6094379124341003,7.635448803294666,0.5133335097324566,0.6766518209102622,1.2371429479892384
16292.0,16,4,951.51,False,False,True,2.833213344056216,1.6094379124341003,6.859100605633409,-0.9228221307840204,0.6766518209102622,0.4924422246332607
16293.0,3,6,2408.96,False,False,True,1.3862943611198906,1.9459101490553132,7.787365428836587,-2.088988859585355,1.2994779980390392,1.3828667627307147
16294.0,112,1,126.05000000000001,False,False,True,4.727387818712341,0.6931471805599453,4.8445807097661735,0.603817077726472,-1.0194460782877899,-1.439956701759206
16296.0,262,4,1313.67,False,False,True,5.572154032177765,1.6094379124341003,7.181340962548159,1.284669470553373,0.6766518209102622,0.801546602812818
16298.0,33,4,487.5,False,False,True,3.5263605246161616,1.6094379124341003,6.191339471482838,-0.36416944209576146,0.6766518209102622,-0.1480979365070593
16299.0,113,1,193.65,False,False,True,4.736198448394496,0.6931471805599453,5.271203074056465,0.6109181409624159,-1.0194460782877899,-1.030725400335561
16300.0,66,3,1392.43,False,False,True,4.204692619390966,1.3862943611198906,7.239523612434581,0.1825427991101455,0.26360245192940907,0.8573574639543955
16301.0,372,1,107.33,False,False,True,5.921578419643816,0.6931471805599453,4.6851821239574765,1.5662934589730666,-1.0194460782877899,-1.5928574781263725
16303.0,28,4,2567.64,False,False,True,3.367295829986474,1.6094379124341003,7.851131854943212,-0.49237009243739077,0.6766518209102622,1.4440337800439293
16304.0,330,1,381.66,False,False,True,5.802118375377063,0.6931471805599453,5.9471468664568565,1.470012789019929,-1.0194460782877899,-0.3823361432148894
16306.0,3,2,560.55,False,False,True,1.3862943611198906,1.0986122886681098,6.330700817409045,-2.088988859585355,-0.26891080150533303,-0.014417591229318072
16307.0,65,3,1194.92,False,False,True,4.189654742026425,1.3862943611198906,7.0866710426412585,0.17042278930922797,0.26360245192940907,0.7107358582949531
16308.0,42,3,2560.0,False,False,True,3.7612001156935624,1.3862943611198906,7.848153086199526,-0.17489684221320997,0.26360245192940907,1.4411764394269022
16310.0,50,2,460.08,False,False,True,3.9318256327243257,1.0986122886681098,6.133571563732811,-0.03737856828608019,-0.26891080150533303,-0.20351096228312585
16312.0,68,1,171.15,False,False,True,4.23410650459726,0.6931471805599453,5.148366189784533,0.20624937473523788,-1.0194460782877899,-1.1485548959764023
16314.0,25,3,1491.4,False,False,True,3.258096538021482,1.3862943611198906,7.308140841347003,-0.5803809504052695,0.26360245192940907,0.9231775433462187
16315.0,172,1,176.34,False,False,True,5.153291594497779,0.6931471805599453,5.178068793951861,0.9470808118050087,-1.0194460782877899,-1.1200631046956335
16316.0,16,5,2806.0,False,False,True,2.833213344056216,1.791759469228055,7.939871576361883,-0.9228221307840204,1.0141377287118658,1.5291560678652591
16317.0,186,2,850.86,False,False,True,5.231108616854587,1.0986122886681098,6.747422194078602,1.009798644300881,-0.26891080150533303,0.38531633174312324
16323.0,213,1,146.16,False,False,True,5.365976015021851,0.6931471805599453,4.991520430236574,1.118497109382521,-1.0194460782877899,-1.299006910861671
16325.0,60,9,3003.26,False,False,True,4.110873864173311,2.302585092994046,8.00778656040366,0.10692812257148,1.959700351127462,1.5943025290729782
16326.0,19,10,1716.03,False,False,True,2.995732273553991,2.3978952727983707,7.448351333080305,-0.7918374864357232,2.1361240451745016,1.0576724193959561
16328.0,199,1,310.83,False,False,True,5.298317366548036,0.6931471805599453,5.742458167518031,1.0639665754021672,-1.0194460782877899,-0.5786808022502776
16329.0,63,4,1703.07,False,False,True,4.1588830833596715,1.6094379124341003,7.440774786357715,0.14562189516768048,0.6766518209102622,1.0504047270874657
16330.0,60,4,382.42,False,False,True,4.110873864173311,1.6094379124341003,5.949130994091903,0.10692812257148,0.6766518209102622,-0.38043289762289717
16331.0,68,6,2037.7,False,False,True,4.23410650459726,1.9459101490553132,7.620067628803093,0.20624937473523788,1.2994779980390392,1.2223887799439657
16332.0,67,4,417.21000000000004,False,False,True,4.219507705176107,1.6094379124341003,6.035983698712472,0.19448324659249747,0.6766518209102622,-0.2971207032348555
16334.0,128,1,277.48,False,False,True,4.859812404361672,0.6931471805599453,5.629346243503184,0.7105467202847302,-1.0194460782877899,-0.687181771129704
16335.0,187,7,2774.0,False,False,True,5.236441962829949,2.0794415416798357,7.928406026180535,1.0140971369621858,1.546650982146608,1.518157905520778
16336.0,56,4,3517.69,False,False,True,4.04305126783455,1.6094379124341003,8.165844040232853,0.05226545227415695,0.6766518209102622,1.745916869024059
16340.0,75,2,976.99,False,False,True,4.330733340286331,1.0986122886681098,6.885499445033667,0.28412726715273423,-0.26891080150533303,0.5177649275858196
16341.0,73,3,1878.92,False,False,True,4.30406509320417,1.3862943611198906,7.538984501727093,0.26263358103109885,0.26360245192940907,1.1446109689470907
16343.0,43,1,316.59,False,False,True,3.784189633918261,0.6931471805599453,5.760761242731186,-0.1563680845004533,-1.0194460782877899,-0.5611238434115288
16344.0,145,3,741.3199999999999,False,False,True,4.983606621708336,1.3862943611198906,6.609780417044924,0.8103205840533239,0.26360245192940907,0.2532854579293255
16345.0,119,1,623.33,False,False,True,4.787491742782046,0.6931471805599453,6.436679074733429,0.652258764750476,-1.0194460782877899,0.08724051157458769
16346.0,21,1,224.51,False,False,True,3.091042453358316,0.6931471805599453,5.418364503857487,-0.7150207731887119,-1.0194460782877899,-0.8895629379854663
16347.0,24,9,2621.76,False,False,True,3.2188758248682006,2.302585092994046,7.8719824773962435,-0.6119914906626093,1.959700351127462,1.4640344365405522
16348.0,66,1,328.77,False,False,True,4.204692619390966,0.6931471805599453,5.798395441767263,0.1825427991101455,-1.0194460782877899,-0.5250237850491621
16350.0,10,5,1137.42,False,False,True,2.3978952727983707,1.791759469228055,7.037396615138535,-1.2736734618769707,1.0141377287118658,0.663470079982113
16351.0,47,12,3176.13,False,False,True,3.871201010907891,2.5649493574615367,8.063733552538427,-0.08623991971089644,2.445349133013286,1.6479688680145295
16353.0,5,16,3323.75,False,False,True,1.791759469228055,2.833213344056216,8.109149762293272,-1.7621979857756733,2.9419185822786758,1.6915337070370293
16354.0,15,3,733.71,False,False,True,2.772588722239781,1.3862943611198906,6.599475863531289,-0.971683482208837,0.26360245192940907,0.24340096476172193
16355.0,11,1,416.35,False,False,True,2.4849066497880004,0.6931471805599453,6.033925198296746,-1.2035452970874143,-1.0194460782877899,-0.29909528983560696
16356.0,12,3,204.10000000000002,False,False,True,2.5649493574615367,1.3862943611198906,5.323497665078335,-1.1390336390935285,0.26360245192940907,-0.9805625740690611
16357.0,17,1,209.49,False,False,True,2.8903717578961645,0.6931471805599453,5.349438146055751,-0.876754423277733,-1.0194460782877899,-0.9556795447707664
16358.0,30,1,892.1500000000001,False,False,True,3.4339872044851463,0.6931471805599453,6.794754539894893,-0.4386191478747927,-1.0194460782877899,0.4307191964289857
16359.0,12,7,946.83,False,False,True,2.5649493574615367,2.0794415416798357,6.854175161279875,-1.1390336390935285,1.546650982146608,0.487717563734999
16362.0,73,1,212.17,False,False,True,4.30406509320417,0.6931471805599453,5.362089969445103,0.26263358103109885,-1.0194460782877899,-0.9435434670955611
16365.0,3,7,1766.78,False,False,True,1.3862943611198906,2.0794415416798357,7.477479801065847,-2.088988859585355,1.546650982146608,1.0856134788901772
16366.0,218,3,1220.83,False,False,True,5.389071729816501,1.3862943611198906,7.108105013851038,1.1371114578630055,0.26360245192940907,0.7312960836067384
16367.0,19,1,557.91,False,False,True,2.995732273553991,0.6931471805599453,6.325988458404011,-0.7918374864357232,-1.0194460782877899,-0.018937853104508986
16368.0,71,1,142.78,False,False,True,4.276666119016055,0.6931471805599453,4.968284353555726,0.24055095409878485,-1.0194460782877899,-1.3212957796505862
16369.0,72,4,1111.15,False,False,True,4.290459441148391,1.6094379124341003,7.014050357799739,0.25166789536506495,0.6766518209102622,0.6410755219986836
16371.0,84,1,157.2,False,False,True,4.442651256490317,0.6931471805599453,5.063860055333554,0.3743292423656113,-1.0194460782877899,-1.2296161770397749
16372.0,45,3,960.68,False,False,True,3.828641396489095,1.3862943611198906,6.868681754995999,-0.12054149907444375,0.26360245192940907,0.5016328028846132
16373.0,18,2,309.49,False,False,True,2.9444389791664403,1.0986122886681098,5.738151694735743,-0.8331781102237836,-0.26891080150533303,-0.5828117236663942
16374.0,38,3,1298.42,False,False,True,3.6635616461296463,1.3862943611198906,7.169673290047235,-0.25359007659558824,0.26360245192940907,0.7903545575713988
16375.0,106,2,104.0,False,False,True,4.672828834461906,1.0986122886681098,4.653960350157523,0.5598444206942619,-0.26891080150533303,-1.6228065107940919
16377.0,253,1,632.28,False,False,True,5.537334267018537,0.6931471805599453,6.450912662414201,1.2566059423861191,-1.0194460782877899,0.10089387365329543
16381.0,31,2,258.7,False,False,True,3.4657359027997265,1.0986122886681098,5.5595271186687025,-0.4130307935205781,-0.26891080150533303,-0.7541547517136122
16382.0,44,2,353.1,False,False,True,3.8066624897703196,1.0986122886681098,5.869579359117858,-0.13825573881636022,-0.26891080150533303,-0.4567416470832409
16383.0,32,5,2306.48,False,False,True,3.4965075614664802,1.791759469228055,7.743911298950496,-0.3882298993790306,1.0141377287118658,1.3411840203008853
16384.0,65,2,774.4499999999999,False,False,True,4.189654742026425,1.0986122886681098,6.653443506005462,0.17042278930922797,-0.26891080150533303,0.29516864131382115
16385.0,2,3,474.72,False,False,True,1.0986122886681098,1.3862943611198906,6.164829445859045,-2.3208506744639323,0.26360245192940907,-0.17352729322830474
16386.0,23,1,785.39,False,False,True,3.1780538303479458,0.6931471805599453,6.667452852577131,-0.6448926083991554,-1.0194460782877899,0.3086069033682641
16387.0,31,4,824.19,False,False,True,3.4657359027997265,1.6094379124341003,6.715613662849313,-0.4130307935205781,0.6766518209102622,0.3548044605406104
16388.0,289,1,186.05,False,False,True,5.66988092298052,0.6931471805599453,5.231375960794155,1.3634339694004995,-1.0194460782877899,-1.0689289797925248
16390.0,172,3,467.5,False,False,True,5.153291594497779,1.3862943611198906,6.149536101678477,0.9470808118050087,0.26360245192940907,-0.1881972113244764
16391.0,36,4,1103.61,False,False,True,3.6109179126442243,1.6094379124341003,7.007247610476987,-0.29601910765716044,0.6766518209102622,0.6345500855162868
16392.0,49,2,541.86,False,False,True,3.912023005428146,1.0986122886681098,6.296851459803208,-0.05333880197435037,-0.26891080150533303,-0.046887095467415686
16393.0,5,11,2515.45,False,False,True,1.791759469228055,2.4849066497880004,7.830604457153538,-1.7621979857756733,2.297186258929065,1.4243431721071336
16395.0,29,9,2050.95,False,False,True,3.4011973816621555,2.302585092994046,7.626545839522058,-0.4650466126260415,1.959700351127462,1.2286029094067494
16396.0,112,1,137.8,False,False,True,4.727387818712341,0.6931471805599453,4.933034048072704,0.603817077726472,-1.0194460782877899,-1.3551091227752383
16397.0,264,1,127.88,False,False,True,5.579729825986222,0.6931471805599453,4.858881738868719,1.2907752987219643,-1.0194460782877899,-1.426238647477012
16399.0,25,1,233.25,False,False,True,3.258096538021482,0.6931471805599453,5.456388921118531,-0.5803809504052695,-1.0194460782877899,-0.8530885684631392
16400.0,31,8,2855.5099999999998,False,False,True,3.4657359027997265,2.1972245773362196,7.957355878946067,-0.4130307935205781,1.764673005494323,1.5459276309616135
16401.0,15,11,2750.83,False,False,True,2.772588722239781,2.4849066497880004,7.9200214238893745,-0.971683482208837,2.297186258929065,1.5101150976542954
16402.0,5,1,211.8,False,False,True,1.791759469228055,0.6931471805599453,5.360352757467489,-1.7621979857756733,-1.0194460782877899,-0.945209862432407
16406.0,86,2,389.61,False,False,True,4.465908118654584,1.0986122886681098,5.967709619753367,0.39307347006054943,-0.26891080150533303,-0.36261162102209954
16407.0,25,4,694.72,False,False,True,3.258096538021482,1.6094379124341003,6.544947280539953,-0.5803809504052695,0.6766518209102622,0.1910952141725476
16408.0,227,1,231.93,False,False,True,5.429345628954441,0.6931471805599453,5.450737979243263,1.1695708296506748,-1.0194460782877899,-0.8585091523130566
16409.0,16,7,3680.16,False,False,True,2.833213344056216,2.0794415416798357,8.210983198883717,-0.9228221307840204,1.546650982146608,1.7892159508023693
16410.0,370,1,130.32,False,False,True,5.916202062607435,0.6931471805599453,4.877637092633392,1.5619603008820304,-1.0194460782877899,-1.4082478470121889
16411.0,5,3,695.54,False,False,True,1.791759469228055,1.3862943611198906,6.5461252215779995,-1.7621979857756733,0.26360245192940907,0.19222513699035892
16412.0,29,4,495.4,False,False,True,3.4011973816621555,1.6094379124341003,6.207382053330452,-0.4650466126260415,0.6766518209102622,-0.13270932306993688
16413.0,11,1,266.78000000000003,False,False,True,2.4849066497880004,0.6931471805599453,5.590165747869234,-1.2035452970874143,-1.0194460782877899,-0.7247650920261084
16414.0,67,3,433.46000000000004,False,False,True,4.219507705176107,1.3862943611198906,6.074103880628784,0.19448324659249747,0.26360245192940907,-0.2605544728590289
16415.0,219,2,509.09000000000003,False,False,True,5.393627546352362,1.0986122886681098,6.234587180737504,1.1407832886491787,-0.26891080150533303,-0.10661320006732597
16416.0,26,6,1921.48,False,False,True,3.295836866004329,1.9459101490553132,7.56137129820475,-0.5499635494680514,1.2994779980390392,1.166085178046509
16417.0,128,1,35.7,False,False,True,4.859812404361672,0.6931471805599453,3.6027767550605247,0.7105467202847302,-1.0194460782877899,-2.6311390940433386
16418.0,44,2,426.67,False,False,True,3.8066624897703196,1.0986122886681098,6.05835187014942,-0.13825573881636022,-0.26891080150533303,-0.2756643599349975
16419.0,213,2,515.1899999999999,False,False,True,5.365976015021851,1.0986122886681098,6.246474914760563,1.118497109382521,-0.26891080150533303,-0.09521006400968521
16420.0,32,1,75.0,False,False,True,3.4965075614664802,0.6931471805599453,4.330733340286331,-0.3882298993790306,-1.0194460782877899,-1.932857321479807
16421.0,12,3,526.27,False,False,True,2.5649493574615367,1.3862943611198906,6.26771275130897,-1.1390336390935285,0.26360245192940907,-0.07483797802074418
16424.0,18,1,309.5,False,False,True,2.9444389791664403,0.6931471805599453,5.738183901373533,-0.8331781102237836,-1.0194460782877899,-0.58278082991726
16428.0,49,3,660.28,False,False,True,3.912023005428146,1.3862943611198906,6.494177350763422,-0.05333880197435037,0.26360245192940907,0.14239489704266717
16430.0,17,6,817.09,False,False,True,2.8903717578961645,1.9459101490553132,6.706972355000379,-0.876754423277733,1.2994779980390392,0.3465154115993896
16433.0,44,1,200.26,False,False,True,3.8066624897703196,0.6931471805599453,5.3045976045051875,-0.13825573881636022,-1.0194460782877899,-0.9986921824364089
16434.0,82,5,1219.49,False,False,True,4.418840607796598,1.791759469228055,7.1070076964360736,0.35513868185375624,1.0141377287118658,0.7302434978273977
16435.0,148,3,1011.5699999999999,False,False,True,5.003946305945459,1.3862943611198906,6.920246932393394,0.8267136670879539,0.26360245192940907,0.5510959497348298
16436.0,304,3,329.34,False,False,True,5.720311776607412,1.3862943611198906,5.800122427092944,1.4040794957211118,0.26360245192940907,-0.5233671994795244
16437.0,17,2,301.25,False,False,True,2.8903717578961645,1.0986122886681098,5.711254489494902,-0.876754423277733,-0.26891080150533303,-0.608612476807124
16439.0,358,1,310.70000000000005,False,False,True,5.883322388488279,0.6931471805599453,5.7420411867732915,1.5354604190892172,-1.0194460782877899,-0.5790807849683005
16440.0,129,1,216.3,False,False,True,4.867534450455582,0.6931471805599453,5.381278887262384,0.7167704227443619,-1.0194460782877899,-0.9251367766157019
16441.0,53,3,653.23,False,False,True,3.9889840465642745,1.3862943611198906,6.483458971588781,0.008689139220207557,0.26360245192940907,0.1321134476252473
16442.0,240,2,282.68,False,False,True,5.484796933490655,1.0986122886681098,5.647846842325897,1.2142626660156475,-0.26891080150533303,-0.6694353406397539
16443.0,156,1,162.24,False,False,True,5.056245805348308,0.6931471805599453,5.095221510537605,0.8688652573675951,-1.0194460782877899,-1.1995331570156293
16444.0,26,13,3001.91,False,False,True,3.295836866004329,2.6390573296152584,8.00733709750425,-0.5499635494680514,2.582526528256238,1.5938713883202575
16445.0,22,3,372.22,False,False,True,3.1354942159291497,1.3862943611198906,5.922168058105326,-0.6791941877627027,0.26360245192940907,-0.40629670202599083
16447.0,226,2,516.13,False,False,True,5.424950017481403,1.0986122886681098,6.248294293576989,1.1660281186122226,-0.26891080150533303,-0.09346485132711278
16448.0,107,1,178.98000000000002,False,False,True,4.68213122712422,0.6931471805599453,5.192845733605803,0.5673418279084664,-1.0194460782877899,-1.1058885401350038
16450.0,220,2,1193.81,False,False,True,5.3981627015177525,1.0986122886681098,7.0857424559085365,1.144438467084323,-0.26891080150533303,0.7098451249698291
16451.0,197,2,746.1800000000001,False,False,True,5.288267030694535,1.0986122886681098,6.616306119961112,1.0558663518071685,-0.26891080150533303,0.25954514359193337
16452.0,266,2,332.17,False,False,True,5.58724865840025,1.0986122886681098,5.808652870224797,1.2968352179738896,-0.26891080150533303,-0.5151844959065982
16453.0,166,2,251.71,False,False,True,5.117993812416755,1.0986122886681098,5.532242586226923,0.9186320185077952,-0.26891080150533303,-0.7803270428415277
16454.0,242,2,24.05,False,False,True,5.493061443340548,1.0986122886681098,3.2208738275308737,1.2209235755278292,-0.26891080150533303,-2.997473925810656
16455.0,7,6,2543.19,False,False,True,2.0794415416798357,1.9459101490553132,7.8415676072057785,-1.530336170897096,1.2994779980390392,1.4348594144308207
16458.0,11,12,2232.6,False,False,True,2.4849066497880004,2.5649493574615367,7.7113699125680535,-1.2035452970874143,2.445349133013286,1.309969168445732
16459.0,365,1,71.78999999999999,False,False,True,5.902633333401366,0.6931471805599453,4.287578583130166,1.5510243737576788,-1.0194460782877899,-1.9742528949702345
16461.0,226,2,1463.8,False,False,True,5.424950017481403,1.0986122886681098,7.289473993360301,1.1660281186122226,-0.26891080150533303,0.9052716407623649
16465.0,56,2,746.24,False,False,True,4.04305126783455,1.0986122886681098,6.616386418672361,0.05226545227415695,-0.26891080150533303,0.25962216896345086
16466.0,19,8,2235.13,False,False,True,2.995732273553991,2.1972245773362196,7.712501972119837,-0.7918374864357232,1.764673005494323,1.311055080114793
16467.0,144,7,2869.16,False,False,True,4.976733742420574,2.0794415416798357,7.962123056328662,0.8047812807122406,1.546650982146608,1.5505004765686226
16468.0,106,2,712.62,False,False,True,4.672828834461906,1.0986122886681098,6.570350607778883,0.5598444206942619,-0.26891080150533303,0.21546298655544197
16469.0,150,1,178.48000000000002,False,False,True,5.017279836814924,0.6931471805599453,5.190063781107782,0.8374600324759184,-1.0194460782877899,-1.1085570876293613
16470.0,32,7,1696.21,False,False,True,3.4965075614664802,2.0794415416798357,7.436741005368318,-0.3882298993790306,1.546650982146608,1.0465353813097422
16471.0,29,3,966.03,False,False,True,3.4011973816621555,1.3862943611198906,6.874229518756969,-0.4650466126260415,0.26360245192940907,0.5069544146282203
16472.0,70,2,789.6,False,False,True,4.2626798770413155,1.0986122886681098,6.672792150862585,0.22927852610229346,-0.26891080150533303,0.31372854763480496
16473.0,10,1,154.72,False,False,True,2.3978952727983707,0.6931471805599453,5.048059522742255,-1.2736734618769707,-1.0194460782877899,-1.2447726082462836
16476.0,67,1,350.35,False,False,True,4.219507705176107,0.6931471805599453,5.861782877638206,0.19448324659249747,-1.0194460782877899,-0.4642203086103993
16477.0,7,5,1825.56,False,False,True,2.0794415416798357,1.791759469228055,7.5101896954083625,-1.530336170897096,1.0141377287118658,1.1169899695565435
16481.0,318,1,453.38,False,False,True,5.765191102784844,0.6931471805599453,6.118933852353786,1.4402506826475105,-1.0194460782877899,-0.2175519741449098
16485.0,68,4,1931.03,False,False,True,4.23410650459726,1.6094379124341003,7.566326542602217,0.20624937473523788,0.6766518209102622,1.1708384242037302
16486.0,173,1,134.36,False,False,True,5.159055299214529,0.6931471805599453,4.907937895857914,0.9517261587488084,-1.0194460782877899,-1.3791822419814233
16487.0,213,2,209.4,False,False,True,5.365976015021851,1.0986122886681098,5.349010480863555,1.118497109382521,-0.26891080150533303,-0.9560897763896995
16489.0,16,2,303.7,False,False,True,2.833213344056216,1.0986122886681098,5.719327685991663,-0.9228221307840204,-0.26891080150533303,-0.6008683804222227
16490.0,72,1,205.41000000000003,False,False,True,4.290459441148391,0.6931471805599453,5.329864482046166,0.25166789536506495,-1.0194460782877899,-0.974455297442797
16491.0,49,1,801.66,False,False,True,3.912023005428146,0.6931471805599453,6.6879312120782695,-0.05333880197435037,-1.0194460782877899,0.32825047203961943
16492.0,176,1,385.56,False,False,True,5.176149732573829,0.6931471805599453,5.957287095306396,0.9655036816553582,-1.0194460782877899,-0.3726092760926425
16493.0,80,3,780.46,False,False,True,4.394449154672439,1.3862943611198906,6.661163964930364,0.3354800130298892,0.26360245192940907,0.30257437931042513
16496.0,67,3,731.25,False,False,True,4.219507705176107,1.3862943611198906,6.596121985707843,0.19448324659249747,0.26360245192940907,0.24018380621264265
16497.0,49,17,3729.59,False,False,True,3.912023005428146,2.8903717578961645,8.224321677072908,-0.05333880197435037,3.0477215357115215,1.8020106921128813
16499.0,10,6,2212.89,False,False,True,2.3978952727983707,1.9459101490553132,7.702506428204128,-1.2736734618769707,1.2994779980390392,1.3014669999121355
16500.0,10,3,443.05,False,False,True,2.3978952727983707,1.3862943611198906,6.095937168704513,-1.2736734618769707,0.26360245192940907,-0.23961120864818194
16501.0,19,1,1237.23,False,False,True,2.995732273553991,0.6931471805599453,7.121438219510729,-0.7918374864357232,-1.0194460782877899,0.7440857673199716
16502.0,256,2,266.5,False,False,True,5.54907608489522,1.0986122886681098,5.589119566336061,1.2660694420740182,-0.26891080150533303,-0.7257686264541687
16503.0,31,7,2182.41,False,False,True,3.4657359027997265,2.0794415416798357,7.6886431538485045,-0.4130307935205781,1.546650982146608,1.288168855507581
16507.0,208,1,152.76,False,False,True,5.342334251964811,0.6931471805599453,5.035392945221982,1.099442664861118,-1.0194460782877899,-1.2569228386071034
16508.0,266,1,248.8,False,False,True,5.58724865840025,0.6931471805599453,5.520660597691477,1.2968352179738896,-1.0194460782877899,-0.7914368969845917
16510.0,8,6,1851.8999999999999,False,False,True,2.1972245773362196,1.9459101490553132,7.524507258288369,-1.4354071119659917,1.2994779980390392,1.1307238836244269
16511.0,33,3,868.76,False,False,True,3.5263605246161616,1.3862943611198906,6.768217311522724,-0.36416944209576146,0.26360245192940907,0.4052637458667881
16515.0,15,5,1589.17,False,False,True,2.772588722239781,1.791759469228055,7.371596207737923,-0.971683482208837,1.0141377287118658,0.9840461811488094
16518.0,57,2,475.05,False,False,True,4.060443010546419,1.0986122886681098,6.1655228907317,0.06628259625086781,-0.26891080150533303,-0.17286211631435106
16519.0,1,3,341.18,False,False,True,0.6931471805599453,1.3862943611198906,5.835336914396502,-2.6476415482736133,0.26360245192940907,-0.48958821442285766
16520.0,1,4,1436.05,False,False,True,0.6931471805599453,1.6094379124341003,7.270347680184907,-2.6476415482736133,0.6766518209102622,0.8869250028751939
16521.0,51,3,1148.01,False,False,True,3.9512437185814275,1.3862943611198906,7.0466559810310745,-0.0217282617170106,0.26360245192940907,0.6723519921173693
16522.0,71,2,433.36,False,False,True,4.276666119016055,1.0986122886681098,6.0738736833487,0.24055095409878485,-0.26891080150533303,-0.26077528625372676
16523.0,51,7,2497.86,False,False,True,3.9512437185814275,2.0794415416798357,7.823589906856675,-0.0217282617170106,1.546650982146608,1.4176145667006583
16524.0,82,2,308.14,False,False,True,4.418840607796598,1.0986122886681098,5.733794248724172,0.35513868185375624,-0.26891080150533303,-0.586991540411737
16526.0,220,1,426.85,False,False,True,5.3981627015177525,0.6931471805599453,6.058772666864064,1.144438467084323,-1.0194460782877899,-0.2752607168033138
16527.0,60,1,1044.38,False,False,True,4.110873864173311,0.6931471805599453,6.952135734662869,0.10692812257148,-1.0194460782877899,0.5816848197657946
16529.0,113,3,1556.75,False,False,True,4.736198448394496,1.3862943611198906,7.350997751424331,0.6109181409624159,0.26360245192940907,0.9642874113558748
16530.0,304,1,48.349999999999994,False,False,True,5.720311776607412,0.6931471805599453,3.8989377658794906,1.4040794957211118,-1.0194460782877899,-2.3470509495082825
16531.0,17,4,1053.74,False,False,True,2.8903717578961645,1.6094379124341003,6.9610495700398545,-0.876754423277733,0.6766518209102622,0.5902352867767495
16532.0,67,2,2007.84,False,False,True,4.219507705176107,1.0986122886681098,7.60531272003063,0.19448324659249747,-0.26891080150533303,1.2082353481861468
16534.0,278,1,635.9,False,False,True,5.631211781821365,0.6931471805599453,6.45661265737732,1.3322679771210877,-1.0194460782877899,0.10636151096468242
16535.0,21,2,407.84,False,False,True,3.091042453358316,1.0986122886681098,6.013323881460876,-0.7150207731887119,-0.26891080150533303,-0.31885680354295576
16537.0,277,1,23.35,False,False,True,5.627621113690637,0.6931471805599453,3.192531849528599,1.3293740226166515,-1.0194460782877899,-3.0246605562211033
16538.0,177,3,399.62,False,False,True,5.181783550292085,1.3862943611198906,5.993013347097833,0.9700443441642078,0.26360245192940907,-0.3383393883901536
16539.0,9,7,2343.2,False,False,True,2.302585092994046,2.0794415416798357,7.75969947128908,-1.3504901751239817,1.546650982146608,1.35632859511465
16540.0,50,1,226.70000000000002,False,False,True,3.9318256327243257,0.6931471805599453,5.4280289730696945,-0.03737856828608019,-1.0194460782877899,-0.8802924363795324
16541.0,371,1,424.03,False,False,True,5.918893854273146,0.6931471805599453,6.052159754668478,1.564129791999665,-1.0194460782877899,-0.2816040566994808
16542.0,37,1,137.7,False,False,True,3.6375861597263857,0.6931471805599453,4.932313327320786,-0.27452542153552467,-1.0194460782877899,-1.355800463679884
16543.0,227,1,292.21,False,False,True,5.429345628954441,0.6931471805599453,5.680889075842892,1.1695708296506748,-1.0194460782877899,-0.6377400584512593
16544.0,155,4,376.70000000000005,False,False,True,5.049856007249537,1.6094379124341003,5.934100229718411,0.8637153007809296,0.6766518209102622,-0.39485093985607655
16545.0,11,1,350.52,False,False,True,2.4849066497880004,0.6931471805599453,5.8622666086363004,-1.2035452970874143,-1.0194460782877899,-0.4637562966821491
16547.0,182,1,111.71,False,False,True,5.209486152841421,0.6931471805599453,4.724818148253987,0.9923716850694205,-1.0194460782877899,-1.5548371979821203
16548.0,235,1,30.15,False,False,True,5.4638318050256105,0.6931471805599453,3.4388142452334622,1.1973654965339362,-1.0194460782877899,-2.788417748182434
16551.0,59,4,1315.0,False,False,True,4.0943445622221,1.6094379124341003,7.182352111885263,0.09360607606221706,0.6766518209102622,0.8025165331160382
16552.0,9,1,95.29,False,False,True,2.302585092994046,0.6931471805599453,4.567364471252192,-1.3504901751239817,-1.0194460782877899,-1.705872348848094
16554.0,22,5,2004.6200000000001,False,False,True,3.1354942159291497,1.791759469228055,7.603708518872544,-0.6791941877627027,1.0141377287118658,1.2066965415444437
16555.0,141,4,1629.79,False,False,True,4.955827057601261,1.6094379124341003,7.396819838966524,0.7879312147905524,0.6766518209102622,1.008241582745915
16559.0,33,1,185.20000000000002,False,False,True,3.5263605246161616,0.6931471805599453,5.226821364842967,-0.36416944209576146,-1.0194460782877899,-1.0732979097516102
16560.0,33,6,2206.9700000000003,False,False,True,3.5263605246161616,1.9459101490553132,7.699828820348161,-0.36416944209576146,1.2994779980390392,1.2988985434988805
16562.0,112,1,223.85999999999999,False,False,True,4.727387818712341,0.6931471805599453,5.415477986321614,0.603817077726472,-1.0194460782877899,-0.8923317879723922
16563.0,36,5,3345.02,False,False,True,3.6109179126442243,1.791759469228055,8.115526858815217,-0.29601910765716044,1.0141377287118658,1.69765084417615
16564.0,205,1,87.8,False,False,True,5.327876168789581,0.6931471805599453,4.486386649998124,1.0877899491527518,-1.0194460782877899,-1.783549146766041
16565.0,42,3,599.35,False,False,True,3.7612001156935624,1.3862943611198906,6.397512818476727,-0.17489684221320997,0.26360245192940907,0.04967084959382019
16568.0,63,2,1020.9000000000001,False,False,True,4.1588830833596715,1.0986122886681098,6.929418918618164,0.14562189516768048,-0.26891080150533303,0.5598940441939572
16569.0,267,4,1331.03,False,False,True,5.5909869805108565,1.6094379124341003,7.194459373369229,1.2998481764866634,0.6766518209102622,0.8141302476994315
16570.0,15,10,3695.91,False,False,True,2.772588722239781,2.3978952727983707,8.215252614577556,-0.971683482208837,2.1361240451745016,1.7933113257450657
16571.0,31,7,2827.05,False,False,True,3.4657359027997265,2.0794415416798357,7.94734270719963,-0.4130307935205781,1.546650982146608,1.5363226415185742
16574.0,59,2,850.34,False,False,True,4.0943445622221,1.0986122886681098,6.746811578747277,0.09360607606221706,-0.26891080150533303,0.3847306078626529
16576.0,56,2,540.87,False,False,True,4.04305126783455,1.0986122886681098,6.2950261202719355,0.05226545227415695,-0.26891080150533303,-0.04863802587905824
16577.0,302,1,380.0,False,False,True,5.713732805509369,0.6931471805599453,5.942799375126701,1.3987770722303965,-1.0194460782877899,-0.3865064110767891
16578.0,262,1,156.6,False,False,True,5.572154032177765,0.6931471805599453,5.060060177423779,1.284669470553373,-1.0194460782877899,-1.233261154688462
16579.0,61,1,295.05,False,False,True,4.127134385045092,0.6931471805599453,5.690528358977785,0.12003354081346623,-1.0194460782877899,-0.6284937162238761
16583.0,9,2,297.95,False,False,True,2.302585092994046,1.0986122886681098,5.7002763353269135,-1.3504901751239817,-0.26891080150533303,-0.6191431116107377
16584.0,68,3,2227.59,False,False,True,4.23410650459726,1.3862943611198906,7.709124377480927,0.20624937473523788,0.26360245192940907,1.307815171555236
16585.0,229,2,341.59,False,False,True,5.438079308923196,1.0986122886681098,5.83653439690594,1.176609874075188,-0.26891080150533303,-0.4884395467326763
16586.0,80,2,998.83,False,False,True,4.394449154672439,1.0986122886681098,6.907585264530499,0.3354800130298892,-0.26891080150533303,0.5389504288914808
16588.0,22,4,1361.28,False,False,True,3.1354942159291497,1.6094379124341003,7.216915045610148,-0.6791941877627027,0.6766518209102622,0.8356705248735581
16589.0,86,1,153.12,False,False,True,4.465908118654584,0.6931471805599453,5.037731519757957,0.39307347006054943,-1.0194460782877899,-1.2546795949777523
16590.0,36,2,605.9,False,False,True,3.6109179126442243,1.0986122886681098,6.408364032841809,-0.29601910765716044,-0.26891080150533303,0.060079719236734164
16592.0,11,12,3694.23,False,False,True,2.4849066497880004,2.5649493574615367,8.214798077723838,-1.2035452970874143,2.445349133013286,1.7928753178754324
16593.0,26,5,741.11,False,False,True,3.295836866004329,1.791759469228055,6.609497480158171,-0.5499635494680514,1.0141377287118658,0.25301405483357103
16595.0,12,4,1450.02,False,False,True,2.5649493574615367,1.6094379124341003,7.280022036386714,-1.1390336390935285,0.6766518209102622,0.8962049884321807
16596.0,2,3,329.48,False,False,True,1.0986122886681098,1.3862943611198906,5.800546143088509,-2.3208506744639323,0.26360245192940907,-0.5229607560700529
16599.0,21,1,172.8,False,False,True,3.091042453358316,0.6931471805599453,5.157905212831292,-0.7150207731887119,-1.0194460782877899,-1.139404726781149
16600.0,10,7,1339.89,False,False,True,2.3978952727983707,2.0794415416798357,7.201088851580109,-1.2736734618769707,1.546650982146608,0.820489478304961
16601.0,26,2,439.45,False,False,True,3.295836866004329,1.0986122886681098,6.087796931555805,-0.5499635494680514,-0.26891080150533303,-0.24741961280393804
16602.0,24,1,235.25,False,False,True,3.2188758248682006,0.6931471805599453,5.464890566373852,-0.6119914906626093,-1.0194460782877899,-0.8449334888346605
16604.0,198,2,432.45,False,False,True,5.293304824724492,1.0986122886681098,6.071776449314649,1.0599266398077916,-0.26891080150533303,-0.26278702751481214
16605.0,360,1,60.48,False,False,True,5.8888779583328805,0.6931471805599453,4.118711918670395,1.539938016514305,-1.0194460782877899,-2.136235788152365
16606.0,40,2,357.66,False,False,True,3.713572066704308,1.0986122886681098,5.882374864520278,-0.21328340479480876,-0.26891080150533303,-0.44446774452560883
16607.0,35,11,2359.16,False,False,True,3.58351893845611,2.4849066497880004,7.766484692331739,-0.3181017345894741,2.297186258929065,1.3628372197676344
16608.0,89,2,1288.72,False,False,True,4.499809670330265,1.0986122886681098,7.162180419532466,0.4203969498718987,-0.26891080150533303,0.7831671304489163
16611.0,39,5,1655.64,False,False,True,3.6888794541139363,1.791759469228055,7.412546733713537,-0.23318479774746423,1.0141377287118658,1.0233273779207166
16612.0,15,5,2057.77,False,False,True,2.772588722239781,1.791759469228055,7.6298639960773285,-0.971683482208837,1.0141377287118658,1.2317858028485866
16614.0,38,2,673.6,False,False,True,3.6635616461296463,1.0986122886681098,6.5141199226275495,-0.25359007659558824,-0.26891080150533303,0.16152451921160282
16615.0,262,1,291.5,False,False,True,5.572154032177765,0.6931471805599453,5.678464666671911,1.284669470553373,-1.0194460782877899,-0.6400656377065197
16619.0,19,3,1712.1200000000001,False,False,True,2.995732273553991,1.3862943611198906,7.44607154840996,-0.7918374864357232,0.26360245192940907,1.0554855690906209
16620.0,25,4,1579.97,False,False,True,3.258096538021482,1.6094379124341003,7.3657938616973695,-0.5803809504052695,0.6766518209102622,0.9784803650542027
16622.0,179,1,225.4,False,False,True,5.19295685089021,0.6931471805599453,5.422303346329028,0.9790496385601576,-1.0194460782877899,-0.8857846606009391
16623.0,37,3,885.79,False,False,True,3.6375861597263857,1.3862943611198906,6.787608201178801,-0.27452542153552467,0.26360245192940907,0.42386417489708444
16625.0,58,4,1320.95,False,False,True,4.07753744390572,1.6094379124341003,7.186863198213779,0.08006011915741833,0.6766518209102622,0.8068437271020458
16628.0,43,2,130.05,False,False,True,3.784189633918261,1.0986122886681098,4.875578929769415,-0.1563680845004533,-0.26891080150533303,-1.4102221098213314
16630.0,43,1,106.80000000000001,False,False,True,3.784189633918261,0.6931471805599453,4.680277658474897,-0.1563680845004533,-1.0194460782877899,-1.597562015347627
16631.0,117,7,1892.52,False,False,True,4.770684624465665,2.0794415416798357,7.546192809736556,0.6387128078456773,1.546650982146608,1.1515254336228518
16632.0,121,2,406.4,False,False,True,4.804021044733257,1.0986122886681098,6.009795503792706,0.6655808112597389,-0.26891080150533303,-0.3222413485314992
16634.0,8,5,1596.71,False,False,True,2.1972245773362196,1.791759469228055,7.376326633011247,-1.4354071119659917,1.0141377287118658,0.9885837728292406
16635.0,42,1,473.0,False,False,True,3.7612001156935624,0.6931471805599453,6.161207321695077,-0.17489684221320997,-1.0194460782877899,-0.17700176318021296
16636.0,74,4,3802.04,False,False,True,4.31748811353631,1.6094379124341003,8.243556025885042,0.27345207183533093,0.6766518209102622,1.8204609616141538
16638.0,4,6,749.8100000000001,False,False,True,1.6094379124341003,1.9459101490553132,6.6211526237499205,-1.909142863812241,1.2994779980390392,0.26419408190098836
16639.0,45,1,490.47,False,False,True,3.828641396489095,0.6931471805599453,6.197400900084471,-0.12054149907444375,-1.0194460782877899,-0.14228359923184555
16640.0,33,1,179.4,False,False,True,3.5263605246161616,0.6931471805599453,5.1951766076285235,-0.36416944209576146,-1.0194460782877899,-1.103652683111054
16641.0,337,1,323.40000000000003,False,False,True,5.823045895483019,0.6931471805599453,5.781977322241258,1.4868796474630743,-1.0194460782877899,-0.5407726275453427
16642.0,51,1,389.12,False,False,True,3.9512437185814275,0.6931471805599453,5.966454384103814,-0.0217282617170106,-1.0194460782877899,-0.3638156875724183
16643.0,58,1,435.6,False,False,True,4.07753744390572,0.6931471805599453,6.079017444115844,0.08006011915741833,-1.0194460782877899,-0.255841208509228
16645.0,371,1,160.39,False,False,True,5.918893854273146,0.6931471805599453,5.083823796047731,1.564129791999665,-1.0194460782877899,-1.2104662489591462
16646.0,85,1,678.8,False,False,True,4.454347296253507,0.6931471805599453,6.521798637262015,0.3837558464750486,-1.0194460782877899,0.16889021460441392
16647.0,78,2,327.84,False,False,True,4.3694478524670215,1.0986122886681098,5.795571310283933,0.3153298269085502,-0.26891080150533303,-0.5277327921220506
16648.0,91,2,382.14,False,False,True,4.5217885770490405,1.0986122886681098,5.948400457636955,0.4381111896138152,-0.26891080150533303,-0.3811336540979898
16649.0,156,1,306.58000000000004,False,False,True,5.056245805348308,0.6931471805599453,5.728735216011778,0.8688652573675951,-1.0194460782877899,-0.5918443440013523
16650.0,56,6,1397.69,False,False,True,4.04305126783455,1.9459101490553132,7.24329136326374,0.05226545227415695,1.2994779980390392,0.8609716241680112
16651.0,222,1,136.2,False,False,True,5.407171771460119,0.6931471805599453,4.921439715291784,1.1516994663165754,-1.0194460782877899,-1.3662308179563334
16654.0,4,5,1110.2,False,False,True,1.6094379124341003,1.791759469228055,7.013195791440134,-1.909142863812241,1.0141377287118658,0.6402557916404878
16655.0,47,7,2753.85,False,False,True,3.871201010907891,2.0794415416798357,7.921118273643772,-0.08623991971089644,1.546650982146608,1.511167234837036
16658.0,4,6,690.83,False,False,True,1.6094379124341003,1.9459101490553132,6.53934026069726,-1.909142863812241,1.2994779980390392,0.185716761893914
16660.0,58,3,611.9000000000001,False,False,True,4.07753744390572,1.3862943611198906,6.418201790491686,0.08006011915741833,0.26360245192940907,0.06951644525752534
16661.0,176,4,986.63,False,False,True,5.176149732573829,1.6094379124341003,6.89530813368038,0.9655036816553582,0.6766518209102622,0.5271737695878818
16662.0,30,1,163.8,False,False,True,3.4339872044851463,0.6931471805599453,5.1047326174753715,-0.4386191478747927,-1.0194460782877899,-1.1904097659421287
16663.0,365,1,165.0,False,False,True,5.902633333401366,0.6931471805599453,5.111987788356544,1.5510243737576788,-1.0194460782877899,-1.1834503487378942
16664.0,205,1,109.2,False,False,True,5.327876168789581,0.6931471805599453,4.702296896718814,1.0877899491527518,-1.0194460782877899,-1.5764403811409775
16666.0,257,1,106.96000000000001,False,False,True,5.552959584921617,0.6931471805599453,4.681760788149804,1.2691994089729892,-1.0194460782877899,-1.5961393447662295
16668.0,23,7,555.7,False,False,True,3.1780538303479458,2.0794415416798357,6.322026495189462,-0.6448926083991554,1.546650982146608,-0.022738308725676077
16673.0,315,1,188.83,False,False,True,5.755742213586912,0.6931471805599453,5.24612893480245,1.432635204285068,-1.0194460782877899,-1.0547774039291091
16675.0,77,2,608.86,False,False,True,4.356708826689592,1.0986122886681098,6.413229422629599,0.30506261209267066,-0.26891080150533303,0.06474677366577923
16676.0,38,2,769.78,False,False,True,3.6635616461296463,1.0986122886681098,6.647402989135599,-0.25359007659558824,-0.26891080150533303,0.2893743633133283
16677.0,47,2,880.62,False,False,True,3.871201010907891,1.0986122886681098,6.781761124166734,-0.08623991971089644,-0.26891080150533303,0.41825545126827735
16679.0,2,3,663.31,False,False,True,1.0986122886681098,1.3862943611198906,6.498748907997604,-2.3208506744639323,0.26360245192940907,0.14678009686590923
16680.0,164,2,637.75,False,False,True,5.10594547390058,1.0986122886681098,6.459513141517914,0.9089214737706007,-0.26891080150533303,0.1091437582141636
16681.0,277,1,151.5,False,False,True,5.627621113690637,0.6931471805599453,5.0271645960474665,1.3293740226166515,-1.0194460782877899,-1.2648157629427907
16683.0,169,1,320.25,False,False,True,5.135798437050262,0.6931471805599453,5.77221963620943,0.9329819310538703,-1.0194460782877899,-0.5501325460304676
16686.0,25,9,2008.09,False,False,True,3.258096538021482,2.302585092994046,7.605437162218683,-0.5803809504052695,1.959700351127462,1.2083547175461042
16687.0,26,1,157.63,False,False,True,3.295836866004329,0.6931471805599453,5.066574446420364,-0.5499635494680514,-1.0194460782877899,-1.2270124368470263
16690.0,29,2,127.45,False,False,True,3.4011973816621555,1.0986122886681098,4.855539723555893,-0.4650466126260415,-0.26891080150533303,-1.4294444270852162
16691.0,54,2,178.83,False,False,True,4.007333185232471,1.0986122886681098,5.192011960177106,0.02347791127266091,-0.26891080150533303,-1.1066883251764792
16692.0,44,2,638.6999999999999,False,False,True,3.8066624897703196,1.0986122886681098,6.460999316456092,-0.13825573881636022,-0.26891080150533303,0.11056934992008689
16693.0,47,3,717.45,False,False,True,3.871201010907891,1.3862943611198906,6.577096113675216,-0.08623991971089644,0.26360245192940907,0.22193351503162612
16694.0,359,1,98.30000000000001,False,False,True,5.886104031450156,0.6931471805599453,4.598145571051127,1.5377023272484165,-1.0194460782877899,-1.676346026310071
16695.0,197,2,193.15,False,False,True,5.288267030694535,1.0986122886681098,5.268631056177676,1.0558663518071685,-0.26891080150533303,-1.0331925710980985
16699.0,16,7,994.6,False,False,True,2.833213344056216,2.0794415416798357,6.903345570493437,-0.9228221307840204,1.546650982146608,0.5348835640160046
16702.0,51,4,1110.83,False,False,True,3.9512437185814275,1.6094379124341003,7.0137625854257,-0.0217282617170106,0.6766518209102622,0.6407994805320393
16704.0,254,2,695.66,False,False,True,5.541263545158426,1.0986122886681098,6.54629748686697,1.2597728048635513,-0.26891080150533303,0.19239037996469935
16707.0,36,4,551.11,False,False,True,3.6109179126442243,1.6094379124341003,6.313747301786717,-0.29601910765716044,0.6766518209102622,-0.030680004648204206
16711.0,15,4,1217.45,False,False,True,2.772588722239781,1.6094379124341003,7.1053348381650725,-0.971683482208837,0.6766518209102622,0.7286388328481533
16712.0,37,2,621.5600000000001,False,False,True,3.6375861597263857,1.0986122886681098,6.433840009236244,-0.27452542153552467,-0.26891080150533303,0.08451717926599465
16714.0,306,1,368.27,False,False,True,5.726847747587197,0.6931471805599453,5.911528083790314,1.4093472626015824,-1.0194460782877899,-0.4165029427215296
16715.0,198,1,323.8,False,False,True,5.293304824724492,0.6931471805599453,5.783209608287523,1.0599266398077916,-1.0194460782877899,-0.539590575068375
16716.0,266,1,1248.48,False,False,True,5.58724865840025,0.6931471805599453,7.130482743744342,1.2968352179738896,-1.0194460782877899,0.7527615957169111
16717.0,2,9,3127.85,False,False,True,1.0986122886681098,2.302585092994046,8.048420803881246,-2.3208506744639323,1.959700351127462,1.6332803364562374
16718.0,5,5,3023.78,False,False,True,1.791759469228055,1.791759469228055,8.014593640547458,-1.7621979857756733,1.0141377287118658,1.600832121750979
16719.0,4,8,2182.88,False,False,True,1.6094379124341003,2.1972245773362196,7.688858390300316,-1.909142863812241,1.764673005494323,1.2883753179452342
16720.0,12,2,640.24,False,False,True,2.5649493574615367,1.0986122886681098,6.463403801821473,-1.1390336390935285,-0.26891080150533303,0.11287581755444526
16723.0,79,2,712.48,False,False,True,4.382026634673881,1.0986122886681098,6.5701544056901025,0.32546789094079437,-0.26891080150533303,0.21527478255383709
16724.0,40,1,147.35,False,False,True,3.713572066704308,0.6931471805599453,4.999574346736831,-0.21328340479480876,-1.0194460782877899,-1.291281308533156
16725.0,7,8,1101.09,False,False,True,2.0794415416798357,2.1972245773362196,7.004963656069542,-1.530336170897096,1.764673005494323,0.6323592354512514
16726.0,19,2,706.39,False,False,True,2.995732273553991,1.0986122886681098,6.561582140397784,-0.7918374864357232,-0.26891080150533303,0.20705196168142412
16727.0,28,3,1164.6,False,False,True,3.367295829986474,1.3862943611198906,7.060991254880995,-0.49237009243739077,0.26360245192940907,0.6861028951756899
16731.0,284,1,174.05,False,False,True,5.652489180268651,0.6931471805599453,5.165071647400675,1.3494168254237886,-1.0194460782877899,-1.1325304285940985
16732.0,39,3,3783.89,False,False,True,3.6888794541139363,1.3862943611198906,8.238772103362052,-0.23318479774746423,0.26360245192940907,1.8158720534746342
16733.0,165,1,259.68,False,False,True,5.111987788356544,0.6931471805599453,5.56329360146418,0.9137913705420152,-1.0194460782877899,-0.750541807842873
16736.0,141,5,2956.56,False,False,True,4.955827057601261,1.791759469228055,7.992119883051658,0.7879312147905524,1.0141377287118658,1.579274496559001
16737.0,213,1,417.59999999999997,False,False,True,5.365976015021851,0.6931471805599453,6.036915810011899,1.118497109382521,-1.0194460782877899,-0.2962265890203538
16739.0,172,1,463.43,False,False,True,5.153291594497779,0.6931471805599453,6.140810847220484,0.9470808118050087,-1.0194460782877899,-0.1965667848301615
16740.0,31,1,236.81,False,False,True,3.4657359027997265,0.6931471805599453,5.471472035517174,-0.4130307935205781,-1.0194460782877899,-0.8386203102293105
16741.0,261,1,173.06,False,False,True,5.568344503761097,0.6931471805599453,5.159400067361368,1.2815991222171266,-1.0194460782877899,-1.1379708093028664
16742.0,128,13,2387.71,False,False,True,4.859812404361672,2.6390573296152584,7.778508750254678,0.7105467202847302,2.582526528256238,1.3743711225445872
16743.0,92,7,2015.17,False,False,True,4.532599493153256,2.0794415416798357,7.608954951032898,0.44682441462314787,1.546650982146608,1.211729105330415
16748.0,24,9,2121.43,False,False,True,3.2188758248682006,2.302585092994046,7.6603169376652085,-0.6119914906626093,1.959700351127462,1.2609973443928704
16752.0,8,1,207.5,False,False,True,2.1972245773362196,0.6931471805599453,5.339939041238856,-1.4354071119659917,-1.0194460782877899,-0.9647914229842872
16755.0,103,4,1403.75,False,False,True,4.6443908991413725,1.6094379124341003,7.247614629992308,0.536924426971248,0.6766518209102622,0.8651186549329746
16756.0,40,6,1072.97,False,False,True,3.713572066704308,1.9459101490553132,6.979117341717783,-0.21328340479480876,1.2994779980390392,0.6075665341197816
16757.0,45,1,163.65,False,False,True,3.828641396489095,0.6931471805599453,5.103822008822373,-0.12054149907444375,-1.0194460782877899,-1.191283254055613
16760.0,66,1,228.0,False,False,True,4.204692619390966,0.6931471805599453,5.43372200355424,0.1825427991101455,-1.0194460782877899,-0.8748314796429798
16763.0,374,1,352.85,False,False,True,5.926926025970411,0.6931471805599453,5.868873094521794,1.5706034449849626,-1.0194460782877899,-0.457419121130523
16765.0,18,1,420.75,False,False,True,2.9444389791664403,0.6931471805599453,6.044412721426077,-0.8331781102237836,-1.0194460782877899,-0.2890352857238523
16767.0,54,4,2493.2,False,False,True,4.007333185232471,1.6094379124341003,7.821723315486647,0.02347791127266091,0.6766518209102622,1.4158240660623398
16768.0,19,6,1230.03,False,False,True,2.995732273553991,1.9459101490553132,7.115606496318043,-0.7918374864357232,1.2994779980390392,0.7384917716192178
16769.0,114,3,761.36,False,False,True,4.74493212836325,1.3862943611198906,6.636418885066442,0.617957185386929,0.26360245192940907,0.27883802115350875
16770.0,8,5,1162.03,False,False,True,2.1972245773362196,1.791759469228055,7.058783947542806,-1.4354071119659917,1.0141377287118658,0.6839855676976714
16771.0,93,5,1720.79,False,False,True,4.543294782270004,1.791759469228055,7.451119726331509,0.4554444482739268,1.0141377287118658,1.0603279603799063
16772.0,59,3,3723.5499999999997,False,False,True,4.0943445622221,1.3862943611198906,8.222701318146976,0.09360607606221706,0.26360245192940907,1.8004563863672474
16773.0,72,2,249.65,False,False,True,4.290459441148391,1.0986122886681098,5.524057543709512,0.25166789536506495,-0.26891080150533303,-0.7881784258959068
16774.0,59,4,932.93,False,False,True,4.0943445622221,1.6094379124341003,6.839401488953406,0.09360607606221706,0.6766518209102622,0.47354613331075246
16775.0,3,6,1361.23,False,False,True,1.3862943611198906,1.9459101490553132,7.216878341762479,-2.088988859585355,1.2994779980390392,0.8356353172412209
16776.0,51,1,231.57,False,False,True,3.9512437185814275,0.6931471805599453,5.449191254982164,-0.0217282617170106,-1.0194460782877899,-0.8599928250768271
16777.0,49,3,1081.41,False,False,True,3.912023005428146,1.3862943611198906,6.986945315542653,-0.05333880197435037,0.26360245192940907,0.6150754042213071
16780.0,43,1,180.36,False,False,True,3.784189633918261,0.6931471805599453,5.200484006199273,-0.1563680845004533,-1.0194460782877899,-1.0985616381821386
16781.0,8,2,623.0,False,False,True,2.1972245773362196,1.0986122886681098,6.436150368369428,-1.4354071119659917,-0.26891080150533303,0.0867333576803677
16783.0,72,1,391.95,False,False,True,4.290459441148391,0.6931471805599453,5.973682377312184,0.25166789536506495,-1.0194460782877899,-0.35688234015575576
16784.0,12,4,788.93,False,False,True,2.5649493574615367,1.6094379124341003,6.671944333940246,-1.1390336390935285,0.6766518209102622,0.31291529157619463
16785.0,45,1,533.78,False,False,True,3.828641396489095,0.6931471805599453,6.281855447370681,-0.12054149907444375,-1.0194460782877899,-0.061271802406390026
16786.0,29,1,51.839999999999996,False,False,True,3.4011973816621555,0.6931471805599453,3.9672684796541247,-0.4650466126260415,-1.0194460782877899,-2.281505705597504
16787.0,33,4,1035.43,False,False,True,3.5263605246161616,1.6094379124341003,6.943537394621777,-0.36416944209576146,0.6766518209102622,0.5734369870696517
16788.0,40,3,1352.82,False,False,True,3.713572066704308,1.3862943611198906,7.21068550519629,-0.21328340479480876,0.26360245192940907,0.8296949287861959
16791.0,19,8,2316.91,False,False,True,2.995732273553991,2.1972245773362196,7.748421196571293,-0.7918374864357232,1.764673005494323,1.3455100740362922
16792.0,19,3,513.08,False,False,True,2.995732273553991,1.3862943611198906,6.2423788953675485,-0.7918374864357232,0.26360245192940907,-0.09913911107136102
16794.0,16,5,868.1999999999999,False,False,True,2.833213344056216,1.791759469228055,6.767573248382274,-0.9228221307840204,1.0141377287118658,0.40464593766162366
16795.0,1,3,2077.51,False,False,True,0.6931471805599453,1.3862943611198906,7.639406569843014,-2.6476415482736133,0.26360245192940907,1.240939378019356
16797.0,29,5,1827.77,False,False,True,3.4011973816621555,1.791759469228055,7.511398888706521,-0.4650466126260415,1.0141377287118658,1.1181498706505737
16798.0,190,3,848.71,False,False,True,5.25227342804663,1.3862943611198906,6.74489511479984,1.0268567511642208,0.26360245192940907,0.38289226767941936
16799.0,68,2,495.98,False,False,True,4.23410650459726,1.0986122886681098,6.208549783838228,0.20624937473523788,-0.26891080150533303,-0.13158919455486448
16802.0,315,2,582.61,False,False,True,5.755742213586912,1.0986122886681098,6.369232951525817,1.432635204285068,-0.26891080150533303,0.022543798306527824
16805.0,213,3,636.65,False,False,True,5.365976015021851,1.3862943611198906,6.4577895434729085,1.118497109382521,0.26360245192940907,0.10749042184427521
16807.0,106,3,1002.29,False,False,True,4.672828834461906,1.3862943611198906,6.911039878773353,0.5598444206942619,0.26360245192940907,0.5422642173865396
16809.0,68,4,812.74,False,False,True,4.23410650459726,1.6094379124341003,6.701640904660789,0.20624937473523788,0.6766518209102622,0.34140129536083913
16810.0,56,1,532.5,False,False,True,4.04305126783455,0.6931471805599453,6.279459070741808,0.05226545227415695,-1.0194460782877899,-0.06357049185312431
16812.0,14,3,1912.65,False,False,True,2.70805020110221,1.3862943611198906,7.556767692177504,-1.0236993013143005,0.26360245192940907,1.161669235884392
16815.0,89,2,410.97,False,False,True,4.499809670330265,1.0986122886681098,6.020950531164366,0.4203969498718987,-0.26891080150533303,-0.31154105067835003
16817.0,4,5,1200.15,False,False,True,1.6094379124341003,1.791759469228055,7.091034710201204,-1.909142863812241,1.0141377287118658,0.7149216429701362
16819.0,101,2,182.59,False,False,True,4.624972813284271,1.0986122886681098,5.212705010472114,0.5212741204021784,-0.26891080150533303,-1.0868388174819195
16821.0,17,1,113.35,False,False,True,2.8903717578961645,0.6931471805599453,4.73926392046879,-0.876754423277733,-1.0194460782877899,-1.540980300973526
16822.0,322,1,181.39,False,False,True,5.777652323222656,0.6931471805599453,5.206147251575906,1.4502939959540684,-1.0194460782877899,-1.093129252377385
16823.0,23,6,1901.71,False,False,True,3.1780538303479458,1.9459101490553132,7.551034464721828,-0.6448926083991554,1.2994779980390392,1.1561697207875983
16824.0,29,1,225.6,False,False,True,3.4011973816621555,0.6931471805599453,5.423186348593906,-0.4650466126260415,-1.0194460782877899,-0.8849376535139637
16825.0,14,3,1051.71,False,False,True,2.70805020110221,1.3862943611198906,6.959123070594701,-1.0236993013143005,0.26360245192940907,0.5883873201882099
16827.0,29,5,392.13,False,False,True,3.4011973816621555,1.791759469228055,5.974140345974778,-0.4650466126260415,1.0141377287118658,-0.3564430403733446
16829.0,24,1,316.1,False,False,True,3.2188758248682006,0.6931471805599453,5.759217181544302,-0.6119914906626093,-1.0194460782877899,-0.5626049616600702
16830.0,78,3,881.59,False,False,True,4.3694478524670215,1.3862943611198906,6.782860766610372,0.3153298269085502,0.26360245192940907,0.41931026729757576
16831.0,200,1,91.8,False,False,True,5.303304908059076,0.6931471805599453,4.530446639792155,1.067986361608086,-1.0194460782877899,-1.7412852420264975
16832.0,64,2,218.45999999999998,False,False,True,4.174387269895637,1.0986122886681098,5.391169983562653,0.1581177340561029,-0.26891080150533303,-0.9156488862698697
16833.0,75,2,1302.51,False,False,True,4.330733340286331,1.0986122886681098,7.17281590499737,0.28412726715273423,-0.26891080150533303,0.7933690652802406
16834.0,310,1,485.5,False,False,True,5.739792912179234,0.6931471805599453,6.1872369016260595,1.4197806181827326,-1.0194460782877899,-0.15203326700588046
16835.0,9,5,1357.56,False,False,True,2.302585092994046,1.791759469228055,7.2141805942510535,-1.3504901751239817,1.0141377287118658,0.8330475421562236
16836.0,42,2,530.5,False,False,True,3.7612001156935624,1.0986122886681098,6.275703197782002,-0.17489684221320997,-0.26891080150533303,-0.06717325839322376
16838.0,166,2,570.76,False,False,True,5.117993812416755,1.0986122886681098,6.348719322911723,0.9186320185077952,-0.26891080150533303,0.002866398251254096
16840.0,239,2,139.85,False,False,True,5.480638923341991,1.0986122886681098,4.947695494322382,1.2109114534387349,-0.26891080150533303,-1.3410453435837995
16841.0,64,6,2136.2400000000002,False,False,True,4.174387269895637,1.9459101490553132,7.667270555985583,0.1581177340561029,1.2994779980390392,1.2676675016866261
16844.0,198,2,614.34,False,False,True,5.293304824724492,1.0986122886681098,6.4221749605721845,1.0599266398077916,-0.26891080150533303,0.07332765090194739
16845.0,254,1,253.88,False,False,True,5.541263545158426,0.6931471805599453,5.540792846161739,1.2597728048635513,-1.0194460782877899,-0.7721253302884227
16846.0,213,2,628.09,False,False,True,5.365976015021851,1.0986122886681098,6.444274330725595,1.118497109382521,-0.26891080150533303,0.09452615047795522
16847.0,254,1,421.45000000000005,False,False,True,5.541263545158426,0.6931471805599453,6.046071096598854,1.2597728048635513,-1.0194460782877899,-0.28744451344604893
16848.0,12,3,1130.2,False,False,True,2.5649493574615367,1.3862943611198906,7.031034295142308,-1.1390336390935285,0.26360245192940907,0.6573671170104906
16854.0,53,2,1408.96,False,False,True,3.9889840465642745,1.0986122886681098,7.251316614175486,0.008689139220207557,-0.26891080150533303,0.8686697294474387
16856.0,53,2,323.09000000000003,False,False,True,3.9889840465642745,1.0986122886681098,5.781021254997003,0.008689139220207557,-0.26891080150533303,-0.541689721151689
16857.0,78,1,352.8,False,False,True,4.3694478524670215,0.6931471805599453,5.8687317817256845,0.3153298269085502,-1.0194460782877899,-0.45755467337602185
16859.0,52,5,1184.6,False,False,True,3.970291913552122,1.791759469228055,7.078004254541822,-0.006376074427667188,1.0141377287118658,0.702422367793827
16860.0,88,3,1610.62,False,False,True,4.48863636973214,1.3862943611198906,7.38499516326749,0.4113916554759489,0.26360245192940907,0.9968989344689594
16861.0,26,3,772.83,False,False,True,3.295836866004329,1.3862943611198906,6.651352211222822,-0.5499635494680514,0.26360245192940907,0.2931625971933166
16862.0,183,4,662.33,False,False,True,5.214935757608986,1.6094379124341003,6.497272603912174,0.9967638783020741,0.6766518209102622,0.14536397363199816
16863.0,2,2,495.72,False,False,True,1.0986122886681098,1.0986122886681098,6.208026487056637,-2.3208506744639323,-0.26891080150533303,-0.13209115938579266
16864.0,70,2,409.25,False,False,True,4.2626798770413155,1.0986122886681098,6.0167667299702,0.22927852610229346,-0.26891080150533303,-0.3155543011567547
16865.0,37,1,130.95,False,False,True,3.6375861597263857,0.6931471805599453,4.882423062949333,-0.27452542153552467,-1.0194460782877899,-1.4036569745570473
16867.0,325,1,76.74000000000001,False,False,True,5.786897381366708,0.6931471805599453,4.353369925424078,1.4577451935266839,-1.0194460782877899,-1.9111435062392073
16868.0,30,3,393.39,False,False,True,3.4339872044851463,1.3862943611198906,5.977340267437464,-0.4386191478747927,0.26360245192940907,-0.3533735622253649
16870.0,105,1,450.15999999999997,False,False,True,4.663439094112067,0.6931471805599453,6.111822043771716,0.5522766142605914,-1.0194460782877899,-0.22437387314769144
16872.0,63,3,533.11,False,False,True,4.1588830833596715,1.3862943611198906,6.280601810256014,0.14562189516768048,0.26360245192940907,-0.06247433558535639
16874.0,15,1,217.74,False,False,True,2.772588722239781,0.6931471805599453,5.38788380990708,-0.971683482208837,-1.0194460782877899,-0.9188011005800868
16875.0,73,6,2139.0,False,False,True,4.30406509320417,1.9459101490553132,7.668561108015897,0.26263358103109885,1.2994779980390392,1.2689054449618196
16876.0,39,1,136.01,False,False,True,3.6888794541139363,0.6931471805599453,4.920053915865017,-0.23318479774746423,-1.0194460782877899,-1.3675601259120276
16880.0,129,1,321.78,False,False,True,4.867534450455582,0.6931471805599453,5.776970976607676,0.7167704227443619,-1.0194460782877899,-0.5455748918204835
16883.0,7,18,2119.86,False,False,True,2.0794415416798357,2.9444389791664403,7.659576945785491,-1.530336170897096,3.147802544088004,1.260287517939015
16884.0,192,2,644.08,False,False,True,5.262690188904886,1.0986122886681098,6.469374340112315,1.0352523006580328,-0.26891080150533303,0.11860296962024433
16885.0,21,1,239.23000000000002,False,False,True,3.091042453358316,0.6931471805599453,5.481596797767104,-0.7150207731887119,-1.0194460782877899,-0.8289082792179119
16886.0,92,1,134.0,False,False,True,4.532599493153256,0.6931471805599453,4.90527477843843,0.44682441462314787,-1.0194460782877899,-1.38173679865412
16887.0,36,2,465.84000000000003,False,False,True,3.6109179126442243,1.0986122886681098,6.145986586544153,-0.29601910765716044,-0.26891080150533303,-0.1916020321201664
16888.0,36,3,437.15,False,False,True,3.6109179126442243,1.3862943611198906,6.08256131750186,-0.29601910765716044,0.26360245192940907,-0.2524417994785918
16889.0,33,3,952.23,False,False,True,3.5263605246161616,1.3862943611198906,6.859856217662602,-0.36416944209576146,0.26360245192940907,0.4931670344884416
16890.0,112,3,285.41,False,False,True,4.727387818712341,1.3862943611198906,5.657424350678052,0.603817077726472,0.26360245192940907,-0.6602482549747346
16891.0,7,7,1247.1200000000001,False,False,True,2.0794415416798357,2.0794415416798357,7.129393698153042,-1.530336170897096,1.546650982146608,0.7517169445641786
16892.0,190,2,236.56,False,False,True,5.25227342804663,1.0986122886681098,5.470420223147659,1.0268567511642208,-0.26891080150533303,-0.8396292459552802
16893.0,2,2,255.84,False,False,True,1.0986122886681098,1.0986122886681098,5.548453322925848,-2.3208506744639323,-0.26891080150533303,-0.7647771293076391
16894.0,138,3,1324.06,False,False,True,4.9344739331306915,1.3862943611198906,7.189213020413946,0.7707213339283926,0.26360245192940907,0.8090977598897735
16895.0,74,4,902.28,False,False,True,4.31748811353631,1.6094379124341003,6.806032582872267,0.27345207183533093,0.6766518209102622,0.4415374952137206
16896.0,191,1,103.95,False,False,True,5.2574953720277815,0.6931471805599453,4.653484046266642,1.031065457665621,-1.0194460782877899,-1.623263398377711
16898.0,4,3,507.56,False,False,True,1.6094379124341003,1.3862943611198906,6.231583202628153,-1.909142863812241,0.26360245192940907,-0.10949472240191582
16899.0,14,2,439.46000000000004,False,False,True,2.70805020110221,1.0986122886681098,6.087819635350745,-1.0236993013143005,-0.26891080150533303,-0.24739783451867156
16901.0,365,1,204.26,False,False,True,5.902633333401366,0.6931471805599453,5.324277468217568,1.5510243737576788,-1.0194460782877899,-0.9798145592432246
16903.0,16,2,689.04,False,False,True,2.833213344056216,1.0986122886681098,6.536749566925543,-0.9228221307840204,-0.26891080150533303,0.18323167655256395
16904.0,3,7,1378.1,False,False,True,1.3862943611198906,2.0794415416798357,7.229186391480292,-2.088988859585355,1.546650982146608,0.8474416350192084
16905.0,7,11,1931.72,False,False,True,2.0794415416798357,2.4849066497880004,7.566683616155399,-1.530336170897096,2.297186258929065,1.1711809418190826
16906.0,64,3,869.03,False,False,True,4.174387269895637,1.3862943611198906,6.768527693812733,0.1581177340561029,0.26360245192940907,0.4055614755666613
16907.0,1,5,726.25,False,False,True,0.6931471805599453,1.791759469228055,6.589270297375311,-2.6476415482736133,1.0141377287118658,0.23361142377803779
16908.0,358,1,252.59,False,False,True,5.883322388488279,0.6931471805599453,5.535718789608946,1.5354604190892172,-1.0194460782877899,-0.7769925452785478
16911.0,271,2,255.25,False,False,True,5.605802066295998,1.0986122886681098,5.546153530452618,1.3117886239690153,-0.26891080150533303,-0.7669831718070516
16912.0,57,4,1904.93,False,False,True,4.060443010546419,1.6094379124341003,7.55272535741171,0.06628259625086781,0.6766518209102622,1.157791685021
16913.0,287,2,310.46999999999997,False,False,True,5.662960480135946,1.0986122886681098,5.741303025403381,1.3578563314753027,-0.26891080150533303,-0.5797888555322327
16915.0,22,5,921.5,False,False,True,3.1354942159291497,1.791759469228055,6.827087375914682,-0.6791941877627027,1.0141377287118658,0.46173399938031934
16916.0,8,3,547.14,False,False,True,2.1972245773362196,1.3862943611198906,6.306530728772529,-1.4354071119659917,0.26360245192940907,-0.037602397409605026
16917.0,268,1,1466.31,False,False,True,5.594711379601839,0.6931471805599453,7.291186071429071,1.3028499135264717,-1.0194460782877899,0.9069139267625078
16918.0,58,10,2144.47,False,False,True,4.07753744390572,2.3978952727983707,7.6711139215792175,0.08006011915741833,2.1361240451745016,1.2713541942639042
16919.0,4,14,2529.46,False,False,True,1.6094379124341003,2.70805020110221,7.836156383376462,-1.909142863812241,2.7102356279099182,1.429668776631863
16920.0,47,1,355.45,False,False,True,3.871201010907891,0.6931471805599453,5.876193977563638,-0.08623991971089644,-1.0194460782877899,-0.45039667049137744
16921.0,78,2,276.88,False,False,True,4.3694478524670215,1.0986122886681098,5.62718936582468,0.3153298269085502,-0.26891080150533303,-0.6892507246897311
16922.0,208,1,611.08,False,False,True,5.342334251964811,0.6931471805599453,6.416862992923597,1.099442664861118,-1.0194460782877899,0.06823222315153364
16925.0,176,1,125.65,False,False,True,5.176149732573829,0.6931471805599453,4.841427376447684,0.9655036816553582,-1.0194460782877899,-1.4429814909070855
16926.0,7,5,1191.1,False,False,True,2.0794415416798357,1.791759469228055,7.083471736723956,-1.530336170897096,1.0141377287118658,0.7076669705999348
16928.0,9,13,1265.63,False,False,True,2.302585092994046,2.6390573296152584,7.144115109258963,-1.3504901751239817,2.582526528256238,0.7658382441723002
16931.0,5,3,629.4,False,False,True,1.791759469228055,1.3862943611198906,6.44635453854367,-1.7621979857756733,0.26360245192940907,0.09652155958886363
16932.0,59,2,278.77,False,False,True,4.0943445622221,1.0986122886681098,5.633967837040506,0.09360607606221706,-0.26891080150533303,-0.6827485747100182
16933.0,25,7,2618.02,False,False,True,3.258096538021482,2.0794415416798357,7.870555480981036,-0.5803809504052695,1.546650982146608,1.4626656109725495
16934.0,19,4,1160.06,False,False,True,2.995732273553991,1.6094379124341003,7.057088659949111,-0.7918374864357232,0.6766518209102622,0.6823593877166725
16935.0,17,3,535.1,False,False,True,2.8903717578961645,1.3862943611198906,6.284320710833492,-0.876754423277733,0.26360245192940907,-0.058907034265562604
16936.0,21,1,288.49,False,False,True,3.091042453358316,0.6931471805599453,5.668120754102115,-0.7150207731887119,-1.0194460782877899,-0.6499878854766103
16937.0,135,1,202.1,False,False,True,4.912654885736052,0.6931471805599453,5.313698468586339,0.7531359352807564,-1.0194460782877899,-0.9899623108596924
16939.0,124,3,449.0,False,False,True,4.8283137373023015,1.3862943611198906,6.1092475827643655,0.6851598824870228,0.26360245192940907,-0.22684338744578772
16940.0,86,5,3377.78,False,False,True,4.465908118654584,1.791759469228055,8.125269976574547,0.39307347006054943,1.0141377287118658,1.7069967882576498
16941.0,247,1,33.0,False,False,True,5.5134287461649825,0.6931471805599453,3.5263605246161616,1.237338918189984,-1.0194460782877899,-2.7044402522858477
16943.0,175,2,482.76,False,False,True,5.170483995038151,1.0986122886681098,6.181588915964958,0.9609372928760642,-0.26891080150533303,-0.1574510151503309
16944.0,245,1,101.36,False,False,True,5.5053315359323625,0.6931471805599453,4.628496011291588,1.23081284639139,-1.0194460782877899,-1.6472328076933056
16946.0,19,5,1222.04,False,False,True,2.995732273553991,1.791759469228055,7.109094841611854,-0.7918374864357232,1.0141377287118658,0.7322455614978419
16947.0,98,4,548.73,False,False,True,4.59511985013459,1.6094379124341003,6.30942724860029,0.49721366311890963,0.6766518209102622,-0.03482395286958205
16948.0,65,4,433.75,False,False,True,4.189654742026425,1.6094379124341003,6.074771153234392,0.17042278930922797,0.6766518209102622,-0.25991440131179133
16950.0,3,8,2605.81,False,False,True,1.3862943611198906,2.1972245773362196,7.865882530571782,-2.088988859585355,1.764673005494323,1.4581831512200039
16952.0,77,3,631.17,False,False,True,4.356708826689592,1.3862943611198906,6.449158345318021,0.30506261209267066,0.26360245192940907,0.0992110704801106
16955.0,4,4,790.74,False,False,True,1.6094379124341003,1.6094379124341003,6.674233055089539,-1.909142863812241,0.6766518209102622,0.31511071406905716
16958.0,71,1,809.44,False,False,True,4.276666119016055,0.6931471805599453,6.697577310057951,0.24055095409878485,-1.0194460782877899,0.3375033513078027
16960.0,26,5,1536.38,False,False,True,3.295836866004329,1.791759469228055,7.337834947854221,-0.5499635494680514,1.0141377287118658,0.9516611833700518
16961.0,24,2,560.39,False,False,True,3.2188758248682006,1.0986122886681098,6.330415851157807,-0.6119914906626093,-0.26891080150533303,-0.014690940963455629
16962.0,45,1,251.04,False,False,True,3.828641396489095,0.6931471805599453,5.529587805073855,-0.12054149907444375,-1.0194460782877899,-0.7828736030718436
16964.0,369,2,207.85,False,False,True,5.91350300563827,1.0986122886681098,5.341616290943184,1.5597849541807298,-0.26891080150533303,-0.963182545586459
16970.0,262,1,71.4,False,False,True,5.572154032177765,0.6931471805599453,4.282206299391671,1.284669470553373,-1.0194460782877899,-1.9794061800531177
16972.0,18,2,786.25,False,False,True,2.9444389791664403,1.0986122886681098,6.668545859981134,-0.8331781102237836,-0.26891080150533303,0.3096553548322425
16973.0,22,1,127.0,False,False,True,3.1354942159291497,0.6931471805599453,4.852030263919617,-0.6791941877627027,-1.0194460782877899,-1.432810825226664
16974.0,158,2,365.5,False,False,True,5.0689042022202315,1.0986122886681098,5.903998521326706,0.879067488070273,-0.26891080150533303,-0.4237255660625701
16975.0,59,3,926.12,False,False,True,4.0943445622221,1.3862943611198906,6.832083007026135,0.09360607606221706,0.26360245192940907,0.4665259859058576
16977.0,31,4,496.0,False,False,True,3.4657359027997265,1.6094379124341003,6.208590026096629,-0.4130307935205781,0.6766518209102622,-0.13155059275346775
16978.0,302,2,424.55,False,False,True,5.713732805509369,1.0986122886681098,6.05338244992297,1.3987770722303965,-0.26891080150533303,-0.2804312040501067
16979.0,19,3,1007.74,False,False,True,2.995732273553991,1.3862943611198906,6.916457306276038,-0.7918374864357232,0.26360245192940907,0.5474608059689967
16980.0,64,1,394.37,False,False,True,4.174387269895637,0.6931471805599453,5.979822035323908,0.1581177340561029,-1.0194460782877899,-0.35099296245608114
16983.0,5,5,1778.97,False,False,True,1.791759469228055,1.791759469228055,7.484351789211518,-1.7621979857756733,1.0141377287118658,1.092205333625451
16986.0,81,9,3015.55,False,False,True,4.406719247264253,2.302585092994046,8.011869073244853,0.3453692838934502,1.959700351127462,1.5982186201711537
16987.0,12,4,910.85,False,False,True,2.5649493574615367,1.6094379124341003,6.815475502862841,-1.1390336390935285,0.6766518209102622,0.45059547894931457
16988.0,15,1,256.55,False,False,True,2.772588722239781,0.6931471805599453,5.5512138760115946,-0.971683482208837,-1.0194460782877899,-0.7621291088884368
16990.0,58,1,165.0,False,False,True,4.07753744390572,0.6931471805599453,5.111987788356544,0.08006011915741833,-1.0194460782877899,-1.1834503487378942
16991.0,57,1,1041.21,False,False,True,4.060443010546419,0.6931471805599453,6.949098737516397,0.06628259625086781,-1.0194460782877899,0.5787716243998215
16993.0,99,2,1950.9499999999998,False,False,True,4.605170185988092,1.0986122886681098,7.576584151890876,0.5053138867139089,-0.26891080150533303,1.1806778868059231
16996.0,18,3,666.6500000000001,False,False,True,2.9444389791664403,1.3862943611198906,6.5037640841299735,-0.8331781102237836,0.26360245192940907,0.15159083166864873
16998.0,80,1,107.0,False,False,True,4.394449154672439,0.6931471805599453,4.68213122712422,0.3354800130298892,-1.0194460782877899,-1.5957840065648425
17000.0,32,2,406.3,False,False,True,3.4965075614664802,1.0986122886681098,6.009550014654367,-0.3882298993790306,-0.26891080150533303,-0.32247683041894093
17001.0,12,8,2651.23,False,False,True,2.5649493574615367,2.1972245773362196,7.883156074543676,-1.1390336390935285,1.764673005494323,1.4747525471811744
17002.0,79,4,1077.82,False,False,True,4.382026634673881,1.6094379124341003,6.9836231302112655,0.32546789094079437,0.6766518209102622,0.6118886462345432
17003.0,38,4,830.16,False,False,True,3.6635616461296463,1.6094379124341003,6.72282231543168,-0.25359007659558824,0.6766518209102622,0.36171925574292124
17004.0,28,2,1012.22,False,False,True,3.367295829986474,1.0986122886681098,6.9208886573721,-0.49237009243739077,-0.26891080150533303,0.5517115150923294
17005.0,106,2,742.36,False,False,True,4.672828834461906,1.0986122886681098,6.6111804495820445,0.5598444206942619,-0.26891080150533303,0.25462841878922915
17006.0,28,4,854.54,False,False,True,3.367295829986474,1.6094379124341003,6.751732848522082,-0.49237009243739077,0.6766518209102622,0.38945126435695276
17007.0,73,1,230.17000000000002,False,False,True,4.30406509320417,0.6931471805599453,5.443153370593485,0.26263358103109885,-1.0194460782877899,-0.8657845779080107
17008.0,65,1,81.36,False,False,True,4.189654742026425,0.6931471805599453,4.411099882159589,0.17042278930922797,-1.0194460782877899,-1.855766884422146
17009.0,187,1,242.06,False,False,True,5.236441962829949,0.6931471805599453,5.493308326442654,1.0140971369621858,-1.0194460782877899,-0.8176741655784903
17011.0,283,2,400.8,False,False,True,5.648974238161206,1.0986122886681098,5.995954452380834,1.3465839034788114,-0.26891080150533303,-0.33551817590029975
17012.0,361,1,384.16,False,False,True,5.8916442118257715,0.6931471805599453,5.953658832372083,1.5421675212929993,-1.0194460782877899,-0.3760896345707685
17016.0,212,1,552.4,False,False,True,5.3612921657094255,0.6931471805599453,6.316081067352825,1.114722088600234,-1.0194460782877899,-0.028441373953292052
17018.0,23,4,1367.6,False,False,True,3.1780538303479458,1.6094379124341003,7.221543598518397,-0.6448926083991554,0.6766518209102622,0.8401103969686416
17019.0,4,8,2739.59,False,False,True,1.6094379124341003,2.1972245773362196,7.915928504669422,-1.909142863812241,1.764673005494323,1.5061890243885645
17020.0,178,2,935.62,False,False,True,5.187385805840755,1.0986122886681098,6.842277650354465,0.9745595686544162,-0.26891080150533303,0.4763050493258976
17021.0,78,6,1182.22,False,False,True,4.3694478524670215,1.9459101490553132,7.07599481456678,0.3153298269085502,1.2994779980390392,0.7004948417076425
17022.0,68,1,189.0,False,False,True,4.23410650459726,0.6931471805599453,5.247024072160486,0.20624937473523788,-1.0194460782877899,-1.0539187564304218
17023.0,53,3,800.18,False,False,True,3.9889840465642745,1.3862943611198906,6.6860856409239275,0.008689139220207557,0.26360245192940907,0.3264801347376411
17025.0,9,4,1152.87,False,False,True,2.302585092994046,1.6094379124341003,7.050876789075924,-1.3504901751239817,0.6766518209102622,0.6764007408793492
17026.0,5,2,54.15,False,False,True,1.791759469228055,1.0986122886681098,4.0100567456995115,-1.7621979857756733,-0.26891080150533303,-2.240461683377656
17027.0,82,3,436.82,False,False,True,4.418840607796598,1.3862943611198906,6.081807867005583,0.35513868185375624,0.26360245192940907,-0.2531645359147427
17028.0,217,3,1593.83,False,False,True,5.384495062789089,1.3862943611198906,7.3745224264664655,1.133422822300744,0.26360245192940907,0.9868531139276939
17029.0,18,5,1421.3,False,False,True,2.9444389791664403,1.791759469228055,7.260030558576182,-0.8331781102237836,1.0141377287118658,0.8770284539450692
17031.0,14,4,2393.5,False,False,True,2.70805020110221,1.6094379124341003,7.780929719782664,-1.0236993013143005,0.6766518209102622,1.3766934023723048
17032.0,183,8,3004.6,False,False,True,5.214935757608986,2.1972245773362196,8.00823249425976,0.9967638783020741,1.764673005494323,1.5947302846422013
17033.0,33,1,302.65000000000003,False,False,True,3.5263605246161616,0.6931471805599453,5.7158757223435845,-0.36416944209576146,-1.0194460782877899,-0.6041796263727729
17034.0,45,2,538.4,False,False,True,3.828641396489095,1.0986122886681098,6.2904574107056295,-0.12054149907444375,-0.26891080150533303,-0.05302049411828513
17035.0,227,2,180.06,False,False,True,5.429345628954441,1.0986122886681098,5.198828468047294,1.1695708296506748,-0.26891080150533303,-1.1001496890889824
17036.0,19,1,176.9,False,False,True,2.995732273553991,0.6931471805599453,5.18122159467179,-0.7918374864357232,-1.0194460782877899,-1.1170388264351814
17038.0,51,1,630.77,False,False,True,3.9512437185814275,0.6931471805599453,6.448525403859796,-0.0217282617170106,-1.0194460782877899,0.09860393058695202
17039.0,240,1,1954.99,False,False,True,5.484796933490655,0.6931471805599453,7.578651738107256,1.2142626660156475,-1.0194460782877899,1.1826611888288778
17040.0,186,1,13.52,False,False,True,5.231108616854587,0.6931471805599453,2.67552700939665,1.009798644300881,-1.0194460782877899,-3.5205899337667144
17041.0,33,3,604.71,False,False,True,3.5263605246161616,1.3862943611198906,6.406401323673961,-0.36416944209576146,0.26360245192940907,0.0581970189980567
17043.0,11,4,881.37,False,False,True,2.4849066497880004,1.6094379124341003,6.782611469174578,-1.2035452970874143,0.6766518209102622,0.41907113235615884
17045.0,12,2,488.24,False,False,True,2.5649493574615367,1.0986122886681098,6.192853166619162,-1.1390336390935285,-0.26891080150533303,-0.14664594645110607
17046.0,80,4,1264.05,False,False,True,4.394449154672439,1.6094379124341003,7.142866926072201,0.3354800130298892,0.6766518209102622,0.7646409425943965
17047.0,67,3,1188.33,False,False,True,4.219507705176107,1.3862943611198906,7.08114540233728,0.19448324659249747,0.26360245192940907,0.7054354681558713
17048.0,73,4,1146.33,False,False,True,4.30406509320417,1.6094379124341003,7.045192782811531,0.26263358103109885,0.6766518209102622,0.670948440494799
17050.0,11,5,1462.95,False,False,True,2.4849066497880004,1.791759469228055,7.288893540932565,-1.2035452970874143,1.0141377287118658,0.9047148502087055
17051.0,82,3,467.25,False,False,True,4.418840607796598,1.3862943611198906,6.149002341324198,0.35513868185375624,0.26360245192940907,-0.18870921318540393
17055.0,81,1,239.55,False,False,True,4.406719247264253,0.6931471805599453,5.482927968145463,0.3453692838934502,-1.0194460782877899,-0.8276313733827978
17056.0,374,1,128.60000000000002,False,False,True,5.926926025970411,0.6931471805599453,4.864452783918175,1.5706034449849626,-1.0194460782877899,-1.4208947034958492
17057.0,232,1,294.74,False,False,True,5.4510384535657,0.6931471805599453,5.689480689945341,1.1870544970941936,-1.0194460782877899,-0.6294986775139888
17059.0,5,5,2507.4900000000002,False,False,True,1.791759469228055,1.791759469228055,7.8274362574702785,-1.7621979857756733,1.0141377287118658,1.4213041226149503
17062.0,1,4,669.85,False,False,True,0.6931471805599453,1.6094379124341003,6.5085455650364805,-2.6476415482736133,0.6766518209102622,0.15617739772304978
17063.0,43,6,2177.39,False,False,True,3.784189633918261,1.9459101490553132,7.686341350823858,-0.1563680845004533,1.2994779980390392,1.2859608844159478
17065.0,273,2,194.7,False,False,True,5.6131281063880705,1.0986122886681098,5.27658287440203,1.3176931592678074,-0.26891080150533303,-1.0255649050566096
17066.0,362,1,228.34,False,False,True,5.8944028342648505,0.6931471805599453,5.4352056186101585,1.5443908757058706,-1.0194460782877899,-0.8734083434669022
17067.0,360,3,454.54,False,False,True,5.8888779583328805,1.3862943611198906,6.121483528431717,1.539938016514305,0.26360245192940907,-0.2151062344300778
17069.0,9,6,3084.58,False,False,True,2.302585092994046,1.9459101490553132,8.034494925151467,-1.3504901751239817,1.2994779980390392,1.6199221397158114
17070.0,46,1,133.18,False,False,True,3.8501476017100584,0.6931471805599453,4.899182182134742,-0.10320824041433209,-1.0194460782877899,-1.387581033094466
17071.0,17,4,1372.17,False,False,True,2.8903717578961645,1.6094379124341003,7.2248772145636515,-0.876754423277733,0.6766518209102622,0.8433081197015219
17072.0,261,1,282.05,False,False,True,5.568344503761097,0.6931471805599453,5.645623560482669,1.2815991222171266,-1.0194460782877899,-0.671567991429521
17074.0,198,1,203.05,False,False,True,5.293304824724492,0.6931471805599453,5.318365061851814,1.0599266398077916,-1.0194460782877899,-0.9854859491049069
17075.0,65,6,1407.61,False,False,True,4.189654742026425,1.9459101490553132,7.25035868153359,0.17042278930922797,1.2994779980390392,0.8677508464855215
17076.0,28,3,401.66999999999996,False,False,True,3.367295829986474,1.3862943611198906,5.998117367938082,-0.49237009243739077,0.26360245192940907,-0.33344343059285547
17077.0,214,1,306.0,False,False,True,5.3706380281276624,0.6931471805599453,5.726847747587197,1.1222545309364214,-1.0194460782877899,-0.5936548706507749
17080.0,15,5,669.91,False,False,True,2.772588722239781,1.791759469228055,6.50863499980878,-0.971683482208837,1.0141377287118658,0.15626318672832462
17081.0,31,4,674.23,False,False,True,3.4657359027997265,1.6094379124341003,6.515053373574328,-0.4130307935205781,0.6766518209102622,0.16241991846335266
17082.0,30,4,2728.18,False,False,True,3.4339872044851463,1.6094379124341003,7.911756476759646,-0.4386191478747927,0.6766518209102622,1.5021870672620707
17083.0,45,6,2644.01,False,False,True,3.828641396489095,1.9459101490553132,7.880430125003589,-0.12054149907444375,1.2994779980390392,1.472137719710138
17084.0,32,1,2253.22,False,False,True,3.4965075614664802,0.6931471805599453,7.720559294095831,-0.3882298993790306,-1.0194460782877899,1.3187839490964057
17087.0,373,1,221.53,False,False,True,5.924255797414532,0.6931471805599453,5.405061923978025,1.56845133298914,-1.0194460782877899,-0.902323244364201
17089.0,22,1,128.45,False,False,True,3.1354942159291497,0.6931471805599453,4.8632947061975464,-0.6791941877627027,-1.0194460782877899,-1.4220055727151666
17090.0,10,6,1105.53,False,False,True,2.3978952727983707,1.9459101490553132,7.008984271640512,-1.2736734618769707,1.2994779980390392,0.6362159524927251
17092.0,73,7,3817.18,False,False,True,4.30406509320417,2.0794415416798357,8.247529148276545,0.26263358103109885,1.546650982146608,1.8242721215136006
17093.0,228,1,235.88,False,False,True,5.43372200355424,0.6931471805599453,5.467553683793335,1.1730980364336694,-1.0194460782877899,-0.8423789321619646
17094.0,59,1,100.2,False,False,True,4.0943445622221,0.6931471805599453,4.617098756853365,0.09360607606221706,-1.0194460782877899,-1.6581654583389638
17095.0,66,4,1248.09,False,False,True,4.204692619390966,1.6094379124341003,7.130170565175667,0.1825427991101455,0.6766518209102622,0.7524621429628388
17096.0,19,7,2737.05,False,False,True,2.995732273553991,2.0794415416798357,7.915001267186403,-0.7918374864357232,1.546650982146608,1.505299585311605
17098.0,17,3,591.0699999999999,False,False,True,2.8903717578961645,1.3862943611198906,6.383624871137068,-0.876754423277733,0.26360245192940907,0.036349037987983376
17099.0,169,1,582.17,False,False,True,5.135798437050262,0.6931471805599453,6.368478739042131,0.9329819310538703,-1.0194460782877899,0.021820330945031177
17101.0,30,3,885.3199999999999,False,False,True,3.4339872044851463,1.3862943611198906,6.787078059212417,-0.4386191478747927,0.26360245192940907,0.4233556439221472
17103.0,358,1,424.3,False,False,True,5.883322388488279,0.6931471805599453,6.052794802259588,1.5354604190892172,-1.0194460782877899,-0.28099489652896775
17104.0,59,1,474.03,False,False,True,4.0943445622221,0.6931471805599453,6.163377959935002,0.09360607606221706,-1.0194460782877899,-0.17491961000166992
17106.0,25,1,491.23,False,False,True,3.258096538021482,0.6931471805599453,6.198946086932524,-0.5803809504052695,-1.0194460782877899,-0.14080140120919094
17108.0,299,1,174.95,False,False,True,5.703782474656201,0.6931471805599453,5.170199863767594,1.3907574492118489,-1.0194460782877899,-1.1276112615895568
17109.0,42,2,410.42,False,False,True,3.7612001156935624,1.0986122886681098,6.019614590524328,-0.17489684221320997,-0.26891080150533303,-0.3128225323176376
17110.0,156,2,347.4,False,False,True,5.056245805348308,1.0986122886681098,5.853351244978348,0.8688652573675951,-0.26891080150533303,-0.4723082296744066
17111.0,61,1,227.97,False,False,True,4.127134385045092,0.6931471805599453,5.433590990605606,0.12003354081346623,-1.0194460782877899,-0.8749571519095098
17112.0,138,1,205.17,False,False,True,4.9344739331306915,0.6931471805599453,5.3287010711824765,0.7707213339283926,-1.0194460782877899,-0.9755712824020717
17113.0,210,6,2322.59,False,False,True,5.351858133476067,1.9459101490553132,7.750868682442393,1.1071185844381308,1.2994779980390392,1.347857789280692
17115.0,184,4,1923.99,False,False,True,5.220355825078324,1.6094379124341003,7.562676051903197,1.001132265492471,0.6766518209102622,1.167336744065419
17116.0,284,1,389.78,False,False,True,5.652489180268651,0.6931471805599453,5.968144741786365,1.3494168254237886,-1.0194460782877899,-0.36219423653702165
17121.0,38,1,314.74,False,False,True,3.6635616461296463,0.6931471805599453,5.754919090103581,-0.25359007659558824,-1.0194460782877899,-0.5667278433961231
17122.0,24,3,432.18,False,False,True,3.2188758248682006,1.3862943611198906,6.07115334600935,-0.6119914906626093,0.26360245192940907,-0.2633847303027878
17123.0,75,2,631.87,False,False,True,4.330733340286331,1.0986122886681098,6.450265029804588,0.28412726715273423,-0.26891080150533303,0.10027264148672342
17126.0,17,4,1065.69,False,False,True,2.8903717578961645,1.6094379124341003,6.972315674880454,-0.876754423277733,0.6766518209102622,0.6010421340773203
17127.0,64,5,1155.0300000000002,False,False,True,4.174387269895637,1.791759469228055,7.052747000452681,0.1581177340561029,1.0141377287118658,0.6781947139565003
17129.0,156,1,31.85,False,False,True,5.056245805348308,0.6931471805599453,3.4919517449306197,0.8688652573675951,-1.0194460782877899,-2.737446374021961
17132.0,88,2,1272.8,False,False,True,4.48863636973214,1.0986122886681098,7.149759837937266,0.4113916554759489,-0.26891080150533303,0.7712528681033453
17134.0,78,1,212.1,False,False,True,4.3694478524670215,0.6931471805599453,5.361761539104571,0.3153298269085502,-1.0194460782877899,-0.9438585091255457
17135.0,7,4,814.43,False,False,True,2.0794415416798357,1.6094379124341003,6.703715581466999,-1.530336170897096,0.6766518209102622,0.3433913989290171
17136.0,298,1,231.68,False,False,True,5.700443573390687,0.6931471805599453,5.449664119042561,1.3880664101056417,-1.0194460782877899,-0.8595392371005977
17137.0,52,6,1133.63,False,False,True,3.970291913552122,1.9459101490553132,7.034061885579398,-0.006376074427667188,1.2994779980390392,0.660271289127227
17141.0,54,4,754.33,False,False,True,4.007333185232471,1.6094379124341003,6.627154739847439,0.02347791127266091,0.6766518209102622,0.26995152451881627
17142.0,40,3,704.75,False,False,True,3.713572066704308,1.3862943611198906,6.5592610671335985,-0.21328340479480876,0.26360245192940907,0.2048255058926324
17143.0,53,2,924.11,False,False,True,3.9889840465642745,1.0986122886681098,6.82991264936105,0.008689139220207557,-0.26891080150533303,0.4644441018646511
17145.0,148,4,3120.91,False,False,True,5.003946305945459,1.6094379124341003,8.046200272985285,0.8267136670879539,0.6766518209102622,1.6311503244726477
17147.0,88,5,1485.36,False,False,True,4.48863636973214,1.791759469228055,7.3040854570408555,0.4113916554759489,1.0141377287118658,0.919287474900936
17149.0,87,1,143.10000000000002,False,False,True,4.477336814478207,0.6931471805599453,4.970507503005477,0.402284604187806,-1.0194460782877899,-1.3191632558573378
17150.0,12,6,1375.65,False,False,True,2.5649493574615367,1.9459101490553132,7.227408290676154,-1.1390336390935285,1.2994779980390392,0.845736017669892
17151.0,371,1,231.90000000000003,False,False,True,5.918893854273146,0.6931471805599453,5.450609176890295,1.564129791999665,-1.0194460782877899,-0.8586327040978275
17152.0,61,1,327.0,False,False,True,4.127134385045092,0.6931471805599453,5.793013608384144,0.12003354081346623,-1.0194460782877899,-0.5301862304898337
17155.0,163,5,640.76,False,False,True,5.099866427824199,1.791759469228055,6.464214402021743,0.9040219725817091,1.0141377287118658,0.11365337401340574
17156.0,127,1,591.87,False,False,True,4.852030263919617,0.6931471805599453,6.384975150681265,0.7042745838559394,-1.0194460782877899,0.03764427401265062
17158.0,183,2,713.03,False,False,True,5.214935757608986,1.0986122886681098,6.570924978263625,0.9967638783020741,-0.26891080150533303,0.21601394309369476
17159.0,113,2,560.71,False,False,True,4.736198448394496,1.0986122886681098,6.330985702477653,0.6109181409624159,-0.26891080150533303,-0.01414431936843777
17161.0,80,1,856.01,False,False,True,4.394449154672439,0.6931471805599453,6.753449587141137,0.3354800130298892,-1.0194460782877899,0.3910980209222087
17163.0,81,2,406.68,False,False,True,4.406719247264253,1.0986122886681098,6.010482552943744,0.3453692838934502,-0.26891080150533303,-0.32158230662053655
17165.0,17,5,1635.64,False,False,True,2.8903717578961645,1.791759469228055,7.400400638708697,-0.876754423277733,1.0141377287118658,1.0116764128469218
17167.0,15,3,867.11,False,False,True,2.772588722239781,1.3862943611198906,6.7663184347416205,-0.971683482208837,0.26360245192940907,0.40344227591720677
17168.0,134,1,400.2,False,False,True,4.90527477843843,0.6931471805599453,5.994460056087781,0.7471878236815803,-1.0194460782877899,-0.33695165382137954
17169.0,214,1,320.95,False,False,True,5.3706380281276624,0.6931471805599453,5.774396253984192,1.1222545309364214,-1.0194460782877899,-0.5480446570700526
17170.0,10,2,178.68,False,False,True,2.3978952727983707,1.0986122886681098,5.191177490990133,-1.2736734618769707,-0.26891080150533303,-1.1074887776139668
17171.0,297,1,159.68,False,False,True,5.697093486505405,0.6931471805599453,5.079414809491081,1.3853663557762128,-1.0194460782877899,-1.2146955052231458
17172.0,66,2,638.81,False,False,True,4.204692619390966,1.0986122886681098,6.461171257277611,0.1825427991101455,-0.26891080150533303,0.1107342816537414
17176.0,162,2,596.1899999999999,False,False,True,5.093750200806762,1.0986122886681098,6.39223532071573,0.899092504838425,-0.26891080150533303,0.04460848658201209
17177.0,141,1,119.5,False,False,True,4.955827057601261,0.6931471805599453,4.791649752930709,0.7879312147905524,-1.0194460782877899,-1.4907299526819746
17178.0,367,1,436.71,False,False,True,5.908082938168931,0.6931471805599453,6.08155659063452,1.555416566990333,-1.0194460782877899,-0.25340556912104995
17179.0,18,3,795.47,False,False,True,2.9444389791664403,1.3862943611198906,6.68018946385734,-0.8331781102237836,0.26360245192940907,0.3208243125952693
17180.0,58,7,1460.95,False,False,True,4.07753744390572,2.0794415416798357,7.287526439998498,0.08006011915741833,1.546650982146608,0.9034034785103262
17181.0,9,2,225.45000000000002,False,False,True,2.302585092994046,1.0986122886681098,5.422524170002223,-1.3504901751239817,-0.26891080150533303,-0.8855728387023917
17182.0,58,2,321.3,False,False,True,4.07753744390572,1.0986122886681098,5.775482788821392,0.08006011915741833,-0.26891080150533303,-0.5470024143216929
17184.0,205,2,198.41000000000003,False,False,True,5.327876168789581,1.0986122886681098,5.2953630067216,1.0877899491527518,-0.26891080150533303,-1.0075503361231901
17185.0,227,3,229.46,False,False,True,5.429345628954441,1.3862943611198906,5.440077311585869,1.1695708296506748,0.26360245192940907,-0.8687352427964701
17187.0,162,1,263.76,False,False,True,5.093750200806762,0.6931471805599453,5.578823755250722,0.899092504838425,-1.0194460782877899,-0.7356447335745122
17188.0,82,6,2118.7000000000003,False,False,True,4.418840607796598,1.9459101490553132,7.659029848218691,0.35513868185375624,1.2994779980390392,1.2597627225508505
17189.0,196,3,573.23,False,False,True,5.2832037287379885,1.3862943611198906,6.353030012926128,1.0517855052986675,0.26360245192940907,0.007001364985976231
17190.0,39,5,1298.3,False,False,True,3.6888794541139363,1.791759469228055,7.169580936888691,-0.23318479774746423,1.0141377287118658,0.7902659691465413
17191.0,4,11,2740.92,False,False,True,1.6094379124341003,2.4849066497880004,7.916413683912539,-1.909142863812241,2.297186258929065,1.5066544255248013
17192.0,172,1,77.83,False,False,True,5.153291594497779,0.6931471805599453,4.367293635071817,0.9470808118050087,-1.0194460782877899,-1.897787390159198
17193.0,22,2,610.74,False,False,True,3.1354942159291497,1.0986122886681098,6.416307355642383,-0.6791941877627027,-0.26891080150533303,0.06769923616645394
17194.0,166,1,549.88,False,False,True,5.117993812416755,0.6931471805599453,6.311516999590213,0.9186320185077952,-1.0194460782877899,-0.03281938960979995
17195.0,291,1,562.98,False,False,True,5.676753802268282,0.6931471805599453,6.335018789876395,1.3689732727415829,-1.0194460782877899,-0.010275638907468012
17196.0,63,1,352.9,False,False,True,4.1588830833596715,0.6931471805599453,5.869014387351418,0.14562189516768048,-1.0194460782877899,-0.457283588037585
17198.0,1,2,521.66,False,False,True,0.6931471805599453,1.0986122886681098,6.258931157058855,-2.6476415482736133,-0.26891080150533303,-0.08326159465304897
17199.0,218,1,145.12,False,False,True,5.389071729816501,0.6931471805599453,4.984428201927082,1.1371114578630055,-1.0194460782877899,-1.305810027772608
17200.0,23,4,356.71,False,False,True,3.1780538303479458,1.6094379124341003,5.879722602262234,-0.6448926083991554,0.6766518209102622,-0.44701188854248847
17201.0,159,3,899.41,False,False,True,5.075173815233827,1.3862943611198906,6.802850215145938,0.8841205796290533,0.26360245192940907,0.43848485523217445
17202.0,56,1,160.65,False,False,True,4.04305126783455,0.6931471805599453,5.0854335041714425,0.05226545227415695,-1.0194460782877899,-1.2089221598407178
17203.0,24,4,2012.03,False,False,True,3.2188758248682006,1.6094379124341003,7.607396328658398,-0.6119914906626093,0.6766518209102622,1.2102340194743182
17205.0,52,2,615.27,False,False,True,3.970291913552122,1.0986122886681098,6.423685179191323,-0.006376074427667188,-0.26891080150533303,0.0747763061593256
17207.0,288,1,303.21999999999997,False,False,True,5.666426688112432,0.6931471805599453,5.7177511238835965,1.3606499753938315,-1.0194460782877899,-0.6023806747069648
17208.0,31,1,115.35,False,False,True,3.4657359027997265,0.6931471805599453,4.756602889748301,-0.4130307935205781,-1.0194460782877899,-1.5243481467370674
17209.0,285,3,611.6,False,False,True,5.655991810819852,1.3862943611198906,6.417712194398675,1.3522398246796317,0.26360245192940907,0.06904680732223267
17210.0,28,1,253.37,False,False,True,3.367295829986474,0.6931471805599453,5.538789899984021,-0.49237009243739077,-1.0194460782877899,-0.7740466272939194
17211.0,5,6,1729.43,False,False,True,1.791759469228055,1.9459101490553132,7.456125211520464,-1.7621979857756733,1.2994779980390392,1.0651293992860467
17212.0,94,2,567.5600000000001,False,False,True,4.553876891600541,1.0986122886681098,6.34310684851864,0.4639732629258481,-0.26891080150533303,-0.002517286225552864
17213.0,2,7,2401.07,False,False,True,1.0986122886681098,2.0794415416798357,7.784086144596647,-2.3208506744639323,1.546650982146608,1.3797211569922974
17215.0,100,1,186.15,False,False,True,4.61512051684126,0.6931471805599453,5.231910434350438,0.5133335097324566,-1.0194460782877899,-1.068416293802942
17216.0,190,1,65.05,False,False,True,5.25227342804663,0.6931471805599453,4.190412030968334,1.0268567511642208,-1.0194460782877899,-2.0674584976867822
17217.0,255,1,104.5,False,False,True,5.545177444479562,0.6931471805599453,4.658710952916121,1.2629272725441985,-1.0194460782877899,-1.6182495641542176
17218.0,4,9,2231.96,False,False,True,1.6094379124341003,2.302585092994046,7.711083338558355,-1.909142863812241,1.959700351127462,1.309694276492662
17219.0,52,1,144.9,False,False,True,3.970291913552122,0.6931471805599453,4.98292145552874,-0.006376074427667188,-1.0194460782877899,-1.3072553523526598
17220.0,53,7,1283.5,False,False,True,3.9889840465642745,2.0794415416798357,7.158124816549939,0.008689139220207557,1.546650982146608,0.7792768522414947
17221.0,227,3,643.39,False,False,True,5.429345628954441,1.3862943611198906,6.468304132870801,1.1695708296506748,0.26360245192940907,0.11757638888070343
17222.0,113,5,1250.86,False,False,True,4.736198448394496,1.791759469228055,7.132385724321338,0.6109181409624159,1.0141377287118658,0.7545870021730482
17223.0,4,2,446.74,False,False,True,1.6094379124341003,1.0986122886681098,6.104212706799736,-1.909142863812241,-0.26891080150533303,-0.23167301902625997
17224.0,137,1,100.86,False,False,True,4.927253685157205,0.6931471805599453,4.623599321456458,0.7649020634234969,-1.0194460782877899,-1.6519298862377738
17225.0,217,1,131.15,False,False,True,5.384495062789089,0.6931471805599453,4.883937641050299,1.133422822300744,-1.0194460782877899,-1.4022041375300973
17226.0,80,2,506.63,False,False,True,4.394449154672439,1.0986122886681098,6.229752835748645,0.3354800130298892,-0.26891080150533303,-0.1112504752242741
17227.0,4,7,1082.71,False,False,True,1.6094379124341003,2.0794415416798357,6.9881456185324025,-1.909142863812241,1.546650982146608,0.6162267774162288
17228.0,3,7,1271.1499999999999,False,False,True,1.3862943611198906,2.0794415416798357,7.148463661475819,-2.088988859585355,1.546650982146608,0.7700095296743458
17233.0,84,2,369.98,False,False,True,4.442651256490317,1.0986122886681098,5.916148152798533,0.3743292423656113,-0.26891080150533303,-0.4120712086842256
17235.0,8,7,1354.82,False,False,True,2.1972245773362196,2.0794415416798357,7.212161716326329,-1.4354071119659917,1.546650982146608,0.8311109628539994
17236.0,46,6,1013.13,False,False,True,3.8501476017100584,1.9459101490553132,6.921786381061758,-0.10320824041433209,1.2994779980390392,0.5525726434920301
17237.0,11,2,687.39,False,False,True,2.4849066497880004,1.0986122886681098,6.534355537793758,-1.2035452970874143,-0.26891080150533303,0.18093523890828675
17239.0,23,3,806.95,False,False,True,3.1780538303479458,1.3862943611198906,6.6945001754182565,-0.6448926083991554,0.26360245192940907,0.3345516546349086
17240.0,232,1,130.6,False,False,True,5.4510384535657,0.6931471805599453,4.879767018891217,1.1870544970941936,-1.0194460782877899,-1.4062047462106726
17241.0,21,12,2744.14,False,False,True,3.091042453358316,2.5649493574615367,7.917587354464576,-0.7150207731887119,2.445349133013286,1.5077802519409844
17242.0,92,3,1754.24,False,False,True,4.532599493153256,1.3862943611198906,7.470360878686997,0.44682441462314787,0.26360245192940907,1.078784756081243
17244.0,19,4,871.14,False,False,True,2.995732273553991,1.6094379124341003,6.7709499614808495,-0.7918374864357232,0.6766518209102622,0.407885000616429
17245.0,325,1,200.18,False,False,True,5.786897381366708,0.6931471805599453,5.304200029706192,1.4577451935266839,-1.0194460782877899,-0.9990735502830684
17246.0,182,2,38.92,False,False,True,5.209486152841421,1.0986122886681098,3.686877451443263,0.9923716850694205,-0.26891080150533303,-2.5504667235533462
17248.0,117,1,227.51,False,False,True,4.770684624465665,0.6931471805599453,5.4315799730528065,0.6387128078456773,-1.0194460782877899,-0.876886191264226
17249.0,64,1,68.03,False,False,True,4.174387269895637,0.6931471805599453,4.234541192715384,0.1581177340561029,-1.0194460782877899,-2.0251282407568105
17251.0,18,2,529.15,False,False,True,2.9444389791664403,1.0986122886681098,6.273159985371807,-0.8331781102237836,-0.26891080150533303,-0.0696127979287387
17254.0,37,1,198.29,False,False,True,3.6375861597263857,0.6931471805599453,5.29476105034526,-0.27452542153552467,-1.0194460782877899,-1.0081277540269604
17255.0,26,2,500.72,False,False,True,3.295836866004329,1.0986122886681098,6.218042195156474,-0.5499635494680514,-0.26891080150533303,-0.12248373698262362
17256.0,117,3,258.93,False,False,True,4.770684624465665,1.3862943611198906,5.560412363997187,0.6387128078456773,0.26360245192940907,-0.753305593000478
17257.0,72,2,192.73,False,False,True,4.290459441148391,1.0986122886681098,5.266465437098854,0.25166789536506495,-0.26891080150533303,-1.0352699097193132
17258.0,32,2,417.3,False,False,True,3.4965075614664802,1.0986122886681098,6.036198878448153,-0.3882298993790306,-0.26891080150533303,-0.29691429520132606
17259.0,4,5,1285.97,False,False,True,1.6094379124341003,1.791759469228055,7.160045897301134,-1.909142863812241,1.0141377287118658,0.7811196210266225
17260.0,47,1,120.95,False,False,True,3.871201010907891,0.6931471805599453,4.80361112466193,-0.08623991971089644,-1.0194460782877899,-1.4792561807232019
17261.0,145,1,230.44,False,False,True,4.983606621708336,0.6931471805599453,5.44432066066788,0.8103205840533239,-1.0194460782877899,-0.864664871872257
17262.0,2,7,1504.26,False,False,True,1.0986122886681098,2.0794415416798357,7.316720919737205,-2.3208506744639323,1.546650982146608,0.9314078588192025
17264.0,60,1,279.59,False,False,True,4.110873864173311,0.6931471805599453,5.636894529114569,0.10692812257148,-1.0194460782877899,-0.6799411878813242
17266.0,135,2,207.09,False,False,True,4.912654885736052,1.0986122886681098,5.337970678424688,0.7531359352807564,-0.26891080150533303,-0.9666795464010138
17268.0,81,7,970.25,False,False,True,4.406719247264253,2.0794415416798357,6.878583901681857,0.3453692838934502,1.546650982146608,0.5111312931521893
17269.0,21,1,537.46,False,False,True,3.091042453358316,0.6931471805599453,6.2887132134289745,-0.7150207731887119,-1.0194460782877899,-0.05469359000169599
17270.0,105,2,604.4,False,False,True,4.663439094112067,1.0986122886681098,6.405889396587618,0.5522766142605914,-0.26891080150533303,0.05770596038202108
17271.0,372,1,210.39,False,False,True,5.921578419643816,0.6931471805599453,5.353704768627595,1.5662934589730666,-1.0194460782877899,-0.951586849089742
17273.0,60,1,141.12,False,False,True,4.110873864173311,0.6931471805599453,4.956671771152826,0.10692812257148,-1.0194460782877899,-1.332434980516283
17274.0,31,1,465.4,False,False,True,3.4657359027997265,0.6931471805599453,6.1450436350362825,-0.4130307935205781,-1.0194460782877899,-0.19250654464704095
17275.0,19,1,114.52,False,False,True,2.995732273553991,0.6931471805599453,4.749443675144516,-0.7918374864357232,-1.0194460782877899,-1.53121551927707
17276.0,38,1,508.39,False,False,True,3.6635616461296463,0.6931471805599453,6.2332139314143085,-0.25359007659558824,-1.0194460782877899,-0.10793046951860166
17278.0,201,1,25.2,False,False,True,5.308267697401205,0.6931471805599453,3.265759410767051,1.0719861984207155,-1.0194460782877899,-2.954418082562829
17280.0,74,1,118.85999999999999,False,False,True,4.31748811353631,0.6931471805599453,4.786324395030039,0.27345207183533093,-1.0194460782877899,-1.4958382248370532
17281.0,10,6,797.8499999999999,False,False,True,2.3978952727983707,1.9459101490553132,6.68317319347358,-1.2736734618769707,1.2994779980390392,0.32368641185718144
17282.0,92,2,636.25,False,False,True,4.532599493153256,1.0986122886681098,6.457162043256225,0.44682441462314787,-0.26891080150533303,0.10688850138296907
17283.0,14,1,188.46,False,False,True,2.70805020110221,0.6931471805599453,5.244177920447388,-1.0236993013143005,-1.0194460782877899,-1.0566488860886214
17284.0,25,2,1140.58,False,False,True,3.258096538021482,1.0986122886681098,7.040168546737964,-0.5803809504052695,-0.26891080150533303,0.6661290150751634
17285.0,264,2,428.34,False,False,True,5.579729825986222,1.0986122886681098,6.062249145825942,1.2907752987219643,-0.26891080150533303,-0.2719259548943641
17286.0,36,2,241.56,False,False,True,3.6109179126442243,1.0986122886681098,5.491249102454007,-0.29601910765716044,-0.26891080150533303,-0.8196494462560486
17287.0,3,16,3047.85,False,False,True,1.3862943611198906,2.833213344056216,8.022519749320214,-2.088988859585355,2.9419185822786758,1.608435126374743
17288.0,26,4,1080.25,False,False,True,3.295836866004329,1.6094379124341003,6.9858730582460895,-0.5499635494680514,0.6766518209102622,0.6140468569962605
17289.0,12,6,1134.98,False,False,True,2.5649493574615367,1.9459101490553132,7.035250993492313,-1.1390336390935285,1.2994779980390392,0.6614119236074305
17290.0,17,6,976.2,False,False,True,2.8903717578961645,1.9459101490553132,6.884691339383585,-0.876754423277733,1.2994779980390392,0.516989763987866
17292.0,108,2,271.75,False,False,True,4.6913478822291435,1.0986122886681098,5.60855562471318,0.5747701336124852,-0.26891080150533303,-0.7071248699848004
17293.0,30,8,1899.1200000000001,False,False,True,3.4339872044851463,2.1972245773362196,7.549672321054893,-0.4386191478747927,1.764673005494323,1.1548631042756556
17294.0,305,2,467.78999999999996,False,False,True,5.723585101952381,1.0986122886681098,6.150154906977272,1.406717682900119,-0.26891080150533303,-0.18760363133676294
17296.0,366,1,338.13,False,False,True,5.905361848054571,0.6931471805599453,5.826383514696429,1.5532234623349515,-1.0194460782877899,-0.4981766329356148
17298.0,10,3,459.14,False,False,True,2.3978952727983707,1.3862943611198906,6.131530791004823,-1.2736734618769707,0.26360245192940907,-0.20546854385711072
17299.0,75,2,346.97,False,False,True,4.330733340286331,1.0986122886681098,5.852116269161894,0.28412726715273423,-0.26891080150533303,-0.4734928622743285
17300.0,26,2,393.64,False,False,True,3.295836866004329,1.0986122886681098,5.977973956925482,-0.5499635494680514,-0.26891080150533303,-0.3527657047955004
17301.0,260,1,132.8,False,False,True,5.564520407322694,0.6931471805599453,4.896346147694128,1.27851703255849,-1.0194460782877899,-1.3903014579061028
17304.0,170,1,111.5,False,False,True,5.14166355650266,0.6931471805599453,4.722953221644475,0.9377090147720976,-1.0194460782877899,-1.5566261017231133
17305.0,284,1,2135.46,False,False,True,5.652489180268651,0.6931471805599453,7.666905532699596,1.3494168254237886,-1.0194460782877899,1.2673173584056407
17306.0,29,2,1151.04,False,False,True,3.4011973816621555,1.0986122886681098,7.0492895628752565,-0.4650466126260415,-0.26891080150533303,0.6748782172187964
17309.0,17,2,247.84,False,False,True,2.8903717578961645,1.0986122886681098,5.516810119646819,-0.876754423277733,-0.26891080150533303,-0.7951304120771253
17310.0,23,2,1025.1,False,False,True,3.1780538303479458,1.0986122886681098,6.933520486868163,-0.6448926083991554,-0.26891080150533303,0.5638284139160354
17311.0,28,4,2181.71,False,False,True,3.367295829986474,1.6094379124341003,7.688322503016188,-0.49237009243739077,0.6766518209102622,1.2878612758577666
17314.0,29,9,2376.51,False,False,True,3.4011973816621555,2.302585092994046,7.7738090005095435,-0.4650466126260415,1.959700351127462,1.3698629559186615
17315.0,11,5,3358.34,False,False,True,2.4849066497880004,1.791759469228055,8.119499805091202,-1.2035452970874143,1.0141377287118658,1.7014618351393456
17316.0,56,1,124.45,False,False,True,4.04305126783455,0.6931471805599453,4.8319072728124315,0.05226545227415695,-1.0194460782877899,-1.4521135119318704
17318.0,361,1,164.28,False,False,True,5.8916442118257715,0.6931471805599453,5.107641005371328,1.5421675212929993,-1.0194460782877899,-1.187619937130207
17319.0,305,1,29.1,False,False,True,5.723585101952381,0.6931471805599453,3.40452517175483,1.406717682900119,-1.0194460782877899,-2.821309043479658
17320.0,4,4,1695.15,False,False,True,1.6094379124341003,1.6094379124341003,7.436116255837188,-1.909142863812241,0.6766518209102622,1.045936099403569
17321.0,30,4,1040.32,False,False,True,3.4339872044851463,1.6094379124341003,6.948244418112183,-0.4386191478747927,0.6766518209102622,0.5779521309299951
17322.0,12,5,922.59,False,False,True,2.5649493574615367,1.791759469228055,6.828268250223805,-1.1390336390935285,1.0141377287118658,0.46286673589577115
17323.0,43,5,644.52,False,False,True,3.784189633918261,1.791759469228055,6.470056193540251,-0.1563680845004533,1.0141377287118658,0.11925702760934774
17324.0,2,9,1311.64,False,False,True,1.0986122886681098,2.302585092994046,7.179795655443961,-2.3208506744639323,1.959700351127462,0.8000642894362039
17325.0,46,2,512.77,False,False,True,3.8501476017100584,1.0986122886681098,6.241775694493103,-0.10320824041433209,-0.26891080150533303,-0.0997177227418486
17326.0,44,2,321.95,False,False,True,3.8066624897703196,1.0986122886681098,5.777497512478481,-0.13825573881636022,-0.26891080150533303,-0.5450698199403106
17327.0,45,2,152.35,False,False,True,3.828641396489095,1.0986122886681098,5.032722890560261,-0.12054149907444375,-0.26891080150533303,-1.2594840497285746
17328.0,309,1,104.7,False,False,True,5.736572297479192,0.6931471805599453,4.660604892876192,1.4171849139630979,-1.0194460782877899,-1.6164328297784487
17329.0,367,3,481.32,False,False,True,5.908082938168931,1.3862943611198906,6.17860779418115,1.555416566990333,0.26360245192940907,-0.1603106128868903
17330.0,180,2,59.900000000000006,False,False,True,5.198497031265826,1.0986122886681098,4.109233174715851,0.9835148326047404,-0.26891080150533303,-2.1453281355046476
17332.0,164,5,838.27,False,False,True,5.10594547390058,1.791759469228055,6.732532466377506,0.9089214737706007,1.0141377287118658,0.3710335768877846
17334.0,42,1,328.13,False,False,True,3.7612001156935624,0.6931471805599453,5.796452809497509,-0.17489684221320997,-1.0194460782877899,-0.5268872268151871
17335.0,19,2,508.0,False,False,True,2.995732273553991,1.0986122886681098,6.2324480165505225,-0.7918374864357232,-0.26891080150533303,-0.10866516221810012
17336.0,108,1,81.12,False,False,True,4.6913478822291435,0.6931471805599453,4.408181592150733,0.5747701336124852,-1.0194460782877899,-1.858566211691926
17339.0,1,2,119.0,False,False,True,0.6931471805599453,1.0986122886681098,4.787491742782046,-2.6476415482736133,-0.26891080150533303,-1.4947184634748887
17341.0,2,3,1108.47,False,False,True,1.0986122886681098,1.3862943611198906,7.011637702800233,-2.3208506744639323,0.26360245192940907,0.6387612177615467
17342.0,15,4,1227.54,False,False,True,2.772588722239781,1.6094379124341003,7.113581751463728,-0.971683482208837,0.6766518209102622,0.736549564550067
17343.0,12,5,1066.3,False,False,True,2.5649493574615367,1.791759469228055,6.972887373919919,-1.1390336390935285,1.0141377287118658,0.6015905280705238
17344.0,364,1,307.54,False,False,True,5.8998973535824915,0.6931471805599453,5.731851494583793,1.5488192685146966,-1.0194460782877899,-0.5888550990803879
17345.0,11,6,1066.94,False,False,True,2.4849066497880004,1.9459101490553132,6.973486838166717,-1.2035452970874143,1.2994779980390392,0.6021655554352566
17346.0,9,12,2646.44,False,False,True,2.302585092994046,2.5649493574615367,7.881348414329236,-1.3504901751239817,2.445349133013286,1.4730185753972114
17348.0,73,4,1316.8899999999999,False,False,True,4.30406509320417,1.6094379124341003,7.183787251791934,0.26263358103109885,0.6766518209102622,0.8038931702098506
17349.0,16,4,741.5,False,False,True,2.833213344056216,1.6094379124341003,6.610022870676855,-0.9228221307840204,0.6766518209102622,0.25351802805137047
17350.0,30,3,619.971,False,False,True,3.4339872044851463,1.3862943611198906,6.431284381970267,-0.4386191478747927,0.26360245192940907,0.08206573096053757
17351.0,63,9,1401.08,False,False,True,4.1588830833596715,2.302585092994046,7.245712127307541,0.14562189516768048,1.959700351127462,0.8632937068880113
17352.0,332,1,36.25,False,False,True,5.808142489980444,0.6931471805599453,3.6176519448255684,1.4748680173387203,-1.0194460782877899,-2.61687028449183
17353.0,127,2,1502.0,False,False,True,4.852030263919617,1.0986122886681098,7.315218389752975,0.7042745838559394,-0.26891080150533303,0.9299665787730955
17354.0,64,3,1750.3999999999999,False,False,True,4.174387269895637,1.3862943611198906,7.468170747088124,0.1581177340561029,0.26360245192940907,1.0766839041814904
17355.0,22,1,285.11,False,False,True,3.1354942159291497,0.6931471805599453,5.656376352258931,-0.6791941877627027,-1.0194460782877899,-0.6612535322242292
17356.0,190,4,768.25,False,False,True,5.25227342804663,1.6094379124341003,6.6454160142021514,1.0268567511642208,0.6766518209102622,0.2874683864917345
17358.0,12,3,500.2,False,False,True,2.5649493574615367,1.3862943611198906,6.217005223021913,-1.1390336390935285,0.26360245192940907,-0.12347843742893559
17359.0,284,1,156.6,False,False,True,5.652489180268651,0.6931471805599453,5.060060177423779,1.3494168254237886,-1.0194460782877899,-1.233261154688462
17360.0,21,3,645.59,False,False,True,3.091042453358316,1.3862943611198906,6.4717123996598325,-0.7150207731887119,0.26360245192940907,0.12084571925440403
17361.0,312,2,392.44,False,False,True,5.746203190540153,1.0986122886681098,5.974928578467883,1.4249470811533742,-0.26891080150533303,-0.35568693981233845
17362.0,36,5,711.8100000000001,False,False,True,3.6109179126442243,1.791759469228055,6.569214905238887,-0.29601910765716044,1.0141377287118658,0.21437358040289367
17363.0,31,3,940.86,False,False,True,3.4657359027997265,1.3862943611198906,6.8478566435737855,-0.4130307935205781,0.26360245192940907,0.48165661747346633
17365.0,22,7,3423.42,False,False,True,3.1354942159291497,2.0794415416798357,8.138687393290477,-0.6791941877627027,1.546650982146608,1.7198672502024603
17366.0,68,2,1096.24,False,False,True,4.23410650459726,1.0986122886681098,7.000553214833489,0.20624937473523788,-0.26891080150533303,0.6281285838071796
17368.0,11,6,913.47,False,False,True,2.4849066497880004,1.9459101490553132,6.818344662481459,-1.2035452970874143,1.2994779980390392,0.45334767860643344
17369.0,91,1,979.1999999999999,False,False,True,4.5217885770490405,0.6931471805599453,6.887756632475447,0.4381111896138152,-1.0194460782877899,0.5199301018281339
17371.0,259,3,238.66,False,False,True,5.560681631015528,1.3862943611198906,5.47922125225437,1.2754231114326207,0.26360245192940907,-0.8311869867192971
17372.0,17,20,3034.88,False,False,True,2.8903717578961645,3.044522437723423,8.018256612042661,-0.876754423277733,3.333061805038695,1.6043457739116043
17373.0,54,3,520.58,False,False,True,4.007333185232471,1.3862943611198906,6.256862666319028,0.02347791127266091,0.26360245192940907,-0.085245764326972
17374.0,31,1,231.34,False,False,True,3.4657359027997265,0.6931471805599453,5.448201816085329,-0.4130307935205781,-1.0194460782877899,-0.8609419299558095
17375.0,67,1,260.45,False,False,True,4.219507705176107,0.6931471805599453,5.5662430606341395,0.19448324659249747,-1.0194460782877899,-0.7477125820083894
17376.0,40,2,250.44,False,False,True,3.713572066704308,1.0986122886681098,5.527204392489312,-0.21328340479480876,-0.26891080150533303,-0.7851598569475035
17378.0,10,1,10.95,False,False,True,2.3978952727983707,0.6931471805599453,2.4807312783775197,-1.2736734618769707,-1.0194460782877899,-3.707444907132542
17380.0,70,3,645.0,False,False,True,4.2626798770413155,1.3862943611198906,6.470799503782602,0.22927852610229346,0.26360245192940907,0.11997003715432271
17382.0,71,7,836.88,False,False,True,4.276666119016055,2.0794415416798357,6.730874892137566,0.24055095409878485,1.546650982146608,0.36944357289316115
17383.0,89,1,110.69999999999999,False,False,True,4.499809670330265,0.6931471805599453,4.715816706075155,0.4203969498718987,-1.0194460782877899,-1.5634717005442655
17384.0,103,1,171.15,False,False,True,4.6443908991413725,0.6931471805599453,5.148366189784533,0.536924426971248,-1.0194460782877899,-1.1485548959764023
17386.0,21,1,126.35000000000001,False,False,True,3.091042453358316,0.6931471805599453,4.846939201425466,-0.7150207731887119,-1.0194460782877899,-1.4376943529188333
17388.0,56,7,1432.01,False,False,True,4.04305126783455,2.0794415416798357,7.2675324061708855,0.05226545227415695,1.546650982146608,0.8842244922009852
17390.0,56,1,149.3,False,False,True,4.04305126783455,0.6931471805599453,5.012633296758929,0.05226545227415695,-1.0194460782877899,-1.2787547005536153
17392.0,86,1,168.65,False,False,True,4.465908118654584,0.6931471805599453,5.13373749123024,0.39307347006054943,-1.0194460782877899,-1.1625872624170754
17393.0,46,2,381.15,False,False,True,3.8501476017100584,1.0986122886681098,5.945813201688893,-0.10320824041433209,-0.26891080150533303,-0.38361544175697204
17395.0,144,1,97.5,False,False,True,4.976733742420574,0.6931471805599453,4.590056548178043,0.8047812807122406,-1.0194460782877899,-1.6841053039164022
17396.0,7,7,1476.3,False,False,True,2.0794415416798357,2.0794415416798357,7.297971376327562,-1.530336170897096,1.546650982146608,0.9134226318529807
17397.0,52,1,536.77,False,False,True,3.970291913552122,0.6931471805599453,6.287430959459953,-0.006376074427667188,-1.0194460782877899,-0.055923573482218096
17400.0,217,3,2547.09,False,False,True,5.384495062789089,1.3862943611198906,7.8430993378892895,1.133422822300744,0.26360245192940907,1.4363287048232418
17401.0,177,1,114.85,False,False,True,5.181783550292085,0.6931471805599453,4.752296250878385,0.9700443441642078,-1.0194460782877899,-1.5284792274703272
17402.0,5,12,2462.33,False,False,True,1.791759469228055,2.5649493574615367,7.809269372093249,-1.7621979857756733,2.445349133013286,1.4038778018968054
17403.0,86,1,118.95,False,False,True,4.465908118654584,0.6931471805599453,4.787074989285704,0.39307347006054943,-1.0194460782877899,-1.4951182282081903
17406.0,2,11,2704.63,False,False,True,1.0986122886681098,2.4849066497880004,7.903090066196386,-2.3208506744639323,2.297186258929065,1.4938739389070332
17407.0,47,1,552.9,False,False,True,3.871201010907891,0.6931471805599453,6.316984165039059,-0.08623991971089644,-1.0194460782877899,-0.027575090625495124
17408.0,136,2,283.44000000000005,False,False,True,4.919980925828125,1.0986122886681098,5.650522335015317,0.7590404705795485,-0.26891080150533303,-0.6668689131692621
17411.0,22,2,646.44,False,False,True,3.1354942159291497,1.0986122886681098,6.473026125187446,-0.6791941877627027,-0.26891080150533303,0.12210589137002473
17412.0,8,10,3159.46,False,False,True,2.1972245773362196,2.3978952727983707,8.058472865606982,-1.4354071119659917,2.1361240451745016,1.6429226305466018
17413.0,40,2,560.14,False,False,True,3.713572066704308,1.0986122886681098,6.329970428756386,-0.21328340479480876,-0.26891080150533303,-0.015118205927212991
17414.0,59,4,1471.52,False,False,True,4.0943445622221,1.6094379124341003,7.294730497776457,0.09360607606221706,0.6766518209102622,0.9103138662133002
17417.0,184,1,164.18,False,False,True,5.220355825078324,0.6931471805599453,5.1070357883825706,1.001132265492471,-1.0194460782877899,-1.1882004827290416
17418.0,23,1,206.60000000000002,False,False,True,3.1780538303479458,0.6931471805599453,5.335613151291733,-0.6448926083991554,-1.0194460782877899,-0.9689409700335176
17419.0,3,8,2273.95,False,False,True,1.3862943611198906,2.1972245773362196,7.729713353121553,-2.088988859585355,1.764673005494323,1.3275648471504422
17420.0,9,4,485.6,False,False,True,2.302585092994046,1.6094379124341003,6.187442430349423,-1.3504901751239817,0.6766518209102622,-0.15183611656562696
17421.0,22,3,1059.41,False,False,True,3.1354942159291497,1.3862943611198906,6.966410904774026,-0.6791941877627027,0.26360245192940907,0.5953780691863936
17422.0,17,5,1615.39,False,False,True,2.8903717578961645,1.791759469228055,7.387950546597703,-0.876754423277733,1.0141377287118658,0.9997338429680502
17423.0,29,1,420.54,False,False,True,3.4011973816621555,0.6931471805599453,6.043914672108901,-0.4650466126260415,-1.0194460782877899,-0.2895130322915465
17426.0,88,7,3040.51,False,False,True,4.48863636973214,2.0794415416798357,8.020109381606744,0.4113916554759489,1.546650982146608,1.6061230161834883
17429.0,32,2,832.54,False,False,True,3.4965075614664802,1.0986122886681098,6.725681691441266,-0.3882298993790306,-0.26891080150533303,0.3644620706152945
17430.0,1,3,469.40999999999997,False,False,True,0.6931471805599453,1.3862943611198906,6.1536046548618595,-2.6476415482736133,0.26360245192940907,-0.18429451082513232
17432.0,21,7,1385.6299999999999,False,False,True,3.091042453358316,2.0794415416798357,7.2346316219299025,-0.7150207731887119,1.546650982146608,0.8526648931743516
17433.0,21,1,266.8,False,False,True,3.091042453358316,0.6931471805599453,5.5902404332570725,-0.7150207731887119,-1.0194460782877899,-0.7246934511534754
17435.0,47,1,331.35,False,False,True,3.871201010907891,0.6931471805599453,5.806188630487591,-0.08623991971089644,-1.0194460782877899,-0.5175482820535205
17436.0,44,3,317.76,False,False,True,3.8066624897703196,1.3862943611198906,5.764438468529548,-0.13825573881636022,0.26360245192940907,-0.5575965180178034
17437.0,165,1,373.17,False,False,True,5.111987788356544,0.6931471805599453,5.924710239594586,0.9137913705420152,-1.0194460782877899,-0.40385815138639725
17438.0,80,4,1034.32,False,False,True,4.394449154672439,1.6094379124341003,6.942465836657532,0.3354800130298892,0.6766518209102622,0.5724091106689657
17439.0,291,1,325.74,False,False,True,5.676753802268282,0.6931471805599453,5.789164747598362,1.3689732727415829,-1.0194460782877899,-0.5338781942502994
17440.0,185,1,137.16,False,False,True,5.225746673713202,0.6931471805599453,4.928412433838423,1.0054771033114067,-1.0194460782877899,-1.3595423390481811
17441.0,368,1,293.35,False,False,True,5.910796644040527,0.6931471805599453,5.68476953547427,1.5576037202010717,-1.0194460782877899,-0.6340177839574858
17442.0,17,9,2371.74,False,False,True,2.8903717578961645,2.302585092994046,7.771800684482702,-0.876754423277733,1.959700351127462,1.3679365079634507
17449.0,23,6,2430.29,False,False,True,3.1780538303479458,1.9459101490553132,7.796177259673576,-0.6448926083991554,1.2994779980390392,1.3913193833694497
17454.0,98,6,1030.41,False,False,True,4.59511985013459,1.9459101490553132,6.9386820771292905,0.49721366311890963,1.2994779980390392,0.5687795943434625
17456.0,1,2,975.5600000000001,False,False,True,0.6931471805599453,1.0986122886681098,6.8840361923615445,-2.6476415482736133,-0.26891080150533303,0.5163613237304041
17458.0,17,1,213.08,False,False,True,2.8903717578961645,0.6931471805599453,5.366349776939864,-0.876754423277733,-1.0194460782877899,-0.9394573086781625
17460.0,8,12,1605.8400000000001,False,False,True,2.1972245773362196,2.5649493574615367,7.382024796374924,-1.4354071119659917,2.445349133013286,0.9940496532054868
17463.0,196,2,661.5,False,False,True,5.2832037287379885,1.0986122886681098,6.496020557860377,1.0517855052986675,-0.26891080150533303,0.14416296665696154
17464.0,158,2,710.98,False,False,True,5.0689042022202315,1.0986122886681098,6.568049821129807,0.879067488070273,-0.26891080150533303,0.21325599040730123
17465.0,61,7,2542.79,False,False,True,4.127134385045092,2.0794415416798357,7.841410373882996,0.12003354081346623,1.546650982146608,1.4347085906515367
17467.0,31,1,102.6,False,False,True,3.4657359027997265,0.6931471805599453,4.640537329825382,-0.4130307935205781,-1.0194460782877899,-1.635682347926297
17468.0,11,1,57.8,False,False,True,2.4849066497880004,0.6931471805599453,4.074141854904581,-1.2035452970874143,-1.0194460782877899,-2.17898897393474
17469.0,36,12,3180.28,False,False,True,3.6109179126442243,2.5649493574615367,8.065038910509772,-0.29601910765716044,2.445349133013286,1.6492210136734333
17470.0,3,7,1679.8,False,False,True,1.3862943611198906,2.0794415416798357,7.427025149530791,-2.088988859585355,1.546650982146608,1.0372155878304434
17471.0,110,1,321.65000000000003,False,False,True,4.709530201312334,0.6931471805599453,5.776568144381849,0.5894244548407798,-1.0194460782877899,-0.5459613027774075
17472.0,264,1,224.81,False,False,True,5.579729825986222,0.6931471805599453,5.41969393771455,1.2907752987219643,-1.0194460782877899,-0.8882876978831624
17473.0,44,2,607.0,False,False,True,3.8066624897703196,1.0986122886681098,6.410174881966167,-0.13825573881636022,-0.26891080150533303,0.06181674993618139
17474.0,235,1,1047.0,False,False,True,5.4638318050256105,0.6931471805599453,6.954638864880987,1.1973654965339362,-1.0194460782877899,0.5840859110412071
17476.0,31,2,489.86,False,False,True,3.4657359027997265,1.0986122886681098,6.1961589547536615,-0.4130307935205781,-0.26891080150533303,-0.14347491723710218
17477.0,248,2,1144.3,False,False,True,5.517452896464707,1.0986122886681098,7.04342189040367,1.240582244351696,-0.26891080150533303,0.6692497376948279
17478.0,44,2,1272.8,False,False,True,3.8066624897703196,1.0986122886681098,7.149759837937266,-0.13825573881636022,-0.26891080150533303,0.7712528681033453
17479.0,268,1,389.26000000000005,False,False,True,5.594711379601839,0.6931471805599453,5.9668131836668525,1.3028499135264717,-1.0194460782877899,-0.36347151430720126
17480.0,80,1,390.21,False,False,True,4.394449154672439,0.6931471805599453,5.9692445002061385,0.3354800130298892,-1.0194460782877899,-0.3611393092593013
17482.0,123,2,778.19,False,False,True,4.820281565605037,1.0986122886681098,6.6582549185704085,0.6786862295017252,-0.26891080150533303,0.2997839188764842
17483.0,50,1,177.69,False,False,True,3.9318256327243257,0.6931471805599453,5.18565246089057,-0.03737856828608019,-1.0194460782877899,-1.1127885824233326
17484.0,212,2,209.57,False,False,True,5.3612921657094255,1.0986122886681098,5.34981813941044,1.114722088600234,-0.26891080150533303,-0.9553150416689885
17487.0,364,1,160.55,False,False,True,5.8998973535824915,0.6931471805599453,5.084814692270507,1.5488192685146966,-1.0194460782877899,-1.2095157461614383
17488.0,277,1,336.5,False,False,True,5.627621113690637,0.6931471805599453,5.821565510312585,1.3293740226166515,-1.0194460782877899,-0.5027982336047347
17490.0,24,2,658.18,False,False,True,3.2188758248682006,1.0986122886681098,6.490996638329175,-0.6119914906626093,-0.26891080150533303,0.13934384487598886
17491.0,3,8,2422.2000000000003,False,False,True,1.3862943611198906,2.1972245773362196,7.792844259713028,-2.088988859585355,1.764673005494323,1.388122251606868
17492.0,114,2,747.85,False,False,True,4.74493212836325,1.0986122886681098,6.618538696438405,0.617957185386929,-0.26891080150533303,0.2616867101243167
17493.0,21,1,100.91000000000001,False,False,True,3.091042453358316,0.6931471805599453,4.6240900708406025,-0.7150207731887119,-1.0194460782877899,-1.6514591420247264
17494.0,137,1,54.699999999999996,False,False,True,4.927253685157205,0.6931471805599453,4.019980146933238,0.7649020634234969,-1.0194460782877899,-2.230942804994
17495.0,26,1,309.16,False,False,True,3.295836866004329,0.6931471805599453,5.737088293362674,-0.5499635494680514,-1.0194460782877899,-0.5838317759755618
17496.0,199,3,1141.84,False,False,True,5.298317366548036,1.3862943611198906,7.041271671494158,1.0639665754021672,0.26360245192940907,0.6671871714621617
17497.0,26,2,287.25,False,False,True,3.295836866004329,1.0986122886681098,5.663828159149168,-0.5499635494680514,-0.26891080150533303,-0.6541054947866646
17499.0,197,1,718.51,False,False,True,5.288267030694535,0.6931471805599453,6.578570424771492,1.0558663518071685,-1.0194460782877899,0.2233477265196618
17505.0,186,3,1289.64,False,False,True,5.231108616854587,1.3862943611198906,7.162893498357889,1.009798644300881,0.26360245192940907,0.7838511409466568
17510.0,56,1,206.07999999999998,False,False,True,4.04305126783455,0.6931471805599453,5.333105192033701,0.05226545227415695,-1.0194460782877899,-0.9713466934952718
17512.0,88,8,2542.83,False,False,True,4.48863636973214,2.1972245773362196,7.841426098327825,0.4113916554759489,1.764673005494323,1.4347236740966631
17513.0,44,2,645.6,False,False,True,3.8066624897703196,1.0986122886681098,6.471727865291332,-0.13825573881636022,-0.26891080150533303,0.12086055443660684
17514.0,305,1,334.18,False,False,True,5.723585101952381,0.6931471805599453,5.814667700956727,1.406717682900119,-1.0194460782877899,-0.5094148569605347
17515.0,30,5,978.4399999999999,False,False,True,3.4339872044851463,1.791759469228055,6.88698097976566,-0.4386191478747927,1.0141377287118658,0.5191860682414119
17516.0,14,1,189.47,False,False,True,2.70805020110221,0.6931471805599453,5.249494701850468,-1.0236993013143005,-1.0194460782877899,-1.0515488408141858
17518.0,61,2,329.42,False,False,True,4.127134385045092,1.0986122886681098,5.8003645725024455,0.12003354081346623,-0.26891080150533303,-0.5231349250153648
17519.0,4,10,3265.45,False,False,True,1.6094379124341003,2.3978952727983707,8.09145904726024,-1.909142863812241,2.1361240451745016,1.6745641457995963
17521.0,30,2,554.85,False,False,True,3.4339872044851463,1.0986122886681098,6.320498473679624,-0.4386191478747927,-0.26891080150533303,-0.024204041147169085
17524.0,74,2,394.14,False,False,True,4.31748811353631,1.0986122886681098,5.979240132485259,0.27345207183533093,-0.26891080150533303,-0.35155114429532547
17525.0,33,2,739.2,False,False,True,3.5263605246161616,1.0986122886681098,6.606920419952056,-0.36416944209576146,-0.26891080150533303,0.25054204729184254
17526.0,1,9,2970.14,False,False,True,0.6931471805599453,2.302585092994046,7.996700996533476,-2.6476415482736133,1.959700351127462,1.583668863073875
17529.0,246,2,1240.25,False,False,True,5.5093883366279774,1.0986122886681098,7.123874215359383,1.2340824876445606,-0.26891080150533303,0.7464224609273623
17530.0,1,3,756.51,False,False,True,0.6931471805599453,1.3862943611198906,6.6300367386165195,-2.6476415482736133,0.26360245192940907,0.2727160399443825
17531.0,163,2,970.12,False,False,True,5.099866427824199,1.0986122886681098,6.878450044589548,0.9040219725817091,-0.26891080150533303,0.5110028926821822
17532.0,21,1,65.34,False,False,True,3.091042453358316,0.6931471805599453,4.1947930335189065,-0.7150207731887119,-1.0194460782877899,-2.063256084673827
17533.0,70,1,34.8,False,False,True,4.2626798770413155,0.6931471805599453,3.5779478934066544,0.22927852610229346,-1.0194460782877899,-2.6549558186643836
17534.0,87,4,1445.47,False,False,True,4.477336814478207,1.6094379124341003,7.276881384484562,0.402284604187806,0.6766518209102622,0.8931923637485817
17536.0,56,2,288.33,False,False,True,4.04305126783455,1.0986122886681098,5.667567905188549,0.05226545227415695,-0.26891080150533303,-0.6505181977605565
17539.0,253,4,1226.57,False,False,True,5.537334267018537,1.6094379124341003,7.112791884519306,1.2566059423861191,0.6766518209102622,0.7357918961653944
17540.0,19,4,1011.7,False,False,True,2.995732273553991,1.6094379124341003,6.9203753103382395,-0.7918374864357232,0.6766518209102622,0.551219094412279
17541.0,145,1,124.46,False,False,True,4.983606621708336,0.6931471805599453,4.831986982668597,0.8103205840533239,-1.0194460782877899,-1.4520370514110323
17542.0,277,2,170.95,False,False,True,5.627621113690637,1.0986122886681098,5.147203736878275,1.3293740226166515,-0.26891080150533303,-1.1496699620289357
17543.0,185,1,120.05,False,False,True,5.225746673713202,0.6931471805599453,4.796203683384068,1.0054771033114067,-1.0194460782877899,-1.486361661092009
17544.0,26,3,960.69,False,False,True,3.295836866004329,1.3862943611198906,6.86869215341128,-0.5499635494680514,0.26360245192940907,0.5016427774133174
17545.0,26,3,802.58,False,False,True,3.295836866004329,1.3862943611198906,6.689076744627086,-0.5499635494680514,0.26360245192940907,0.3293493074852372
17547.0,11,2,727.85,False,False,True,2.4849066497880004,1.0986122886681098,6.5914679495200215,-1.2035452970874143,-0.26891080150533303,0.23571948965206305
17548.0,14,3,627.96,False,False,True,2.70805020110221,1.3862943611198906,6.44406766167355,-1.0236993013143005,0.26360245192940907,0.09432790619398955
17550.0,33,6,2280.48,False,False,True,3.5263605246161616,1.9459101490553132,7.732579634166422,-0.36416944209576146,1.2994779980390392,1.330314285577537
17552.0,8,10,2154.88,False,False,True,2.1972245773362196,2.3978952727983707,7.6759542718528015,-1.4354071119659917,2.1361240451745016,1.2759972299029296
17553.0,108,3,2270.0,False,False,True,4.6913478822291435,1.3862943611198906,7.7279755421055585,0.5747701336124852,0.26360245192940907,1.3258978771947374
17555.0,61,3,574.48,False,False,True,4.127134385045092,1.3862943611198906,6.355204475168832,0.12003354081346623,0.26360245192940907,0.009087186283597549
17556.0,15,1,142.77,False,False,True,2.772588722239781,0.6931471805599453,4.9682148004345015,-0.971683482208837,-1.0194460782877899,-1.3213624974710738
17557.0,368,1,34.0,False,False,True,5.910796644040527,0.6931471805599453,3.5553480614894135,1.5576037202010717,-1.0194460782877899,-2.67663437891247
17558.0,29,1,259.17,False,False,True,3.4011973816621555,0.6931471805599453,5.561335263505108,-0.4650466126260415,-1.0194460782877899,-0.7524203150630733
17559.0,148,1,167.62,False,False,True,5.003946305945459,0.6931471805599453,5.12764766249453,0.8267136670879539,-1.0194460782877899,-1.1684288421080684
17560.0,31,4,1040.85,False,False,True,3.4657359027997265,1.6094379124341003,6.948753258016209,-0.4130307935205781,0.6766518209102622,0.5784402282112695
17561.0,26,3,554.72,False,False,True,3.295836866004329,1.3862943611198906,6.320264570280661,-0.5499635494680514,0.26360245192940907,-0.024428409582528583
17563.0,214,2,392.38,False,False,True,5.3706380281276624,1.0986122886681098,5.974776065821747,1.1222545309364214,-0.26891080150533303,-0.355833235351171
17565.0,222,1,131.83,False,False,True,5.407171771460119,0.6931471805599453,4.8890701151444125,1.1516994663165754,-1.0194460782877899,-1.3972808863626358
17567.0,8,2,1024.55,False,False,True,2.1972245773362196,1.0986122886681098,6.932984333027912,-1.4354071119659917,-0.26891080150533303,0.5633141161384817
17568.0,269,1,382.79,False,False,True,5.598421958998375,0.6931471805599453,5.950095527997053,1.3058405123698393,-1.0194460782877899,-0.37950768249516137
17570.0,17,1,100.0,False,False,True,2.8903717578961645,0.6931471805599453,4.61512051684126,-0.876754423277733,-1.0194460782877899,-1.660063056314234
17571.0,178,1,205.23999999999998,False,False,True,5.187385805840755,0.6931471805599453,5.329040539190877,0.9745595686544162,-1.0194460782877899,-0.9752456526496313
17572.0,9,7,496.26000000000005,False,False,True,2.302585092994046,2.0794415416798357,6.209113028140212,-1.3504901751239817,1.546650982146608,-0.1310489106456887
17575.0,303,1,171.7,False,False,True,5.717027701406222,0.6931471805599453,5.1515559851526325,1.4014326445292522,-1.0194460782877899,-1.1454951311374586
17577.0,281,2,348.75,False,False,True,5.641907070938114,1.0986122886681098,5.857218613545591,1.3408880107718675,-0.26891080150533303,-0.46859851259360946
17578.0,110,6,903.87,False,False,True,4.709530201312334,1.9459101490553132,6.807791286972953,0.5894244548407798,1.2994779980390392,0.4432245065572072
17579.0,214,1,304.38,False,False,True,5.3706380281276624,0.6931471805599453,5.721556902755365,1.1222545309364214,-1.0194460782877899,-0.5987300366462635
17580.0,12,2,329.55,False,False,True,2.5649493574615367,1.0986122886681098,5.800757933779587,-1.1390336390935285,-0.26891080150533303,-0.5227575989282948
17582.0,82,4,1275.43,False,False,True,4.418840607796598,1.6094379124341003,7.151822397731769,0.35513868185375624,0.6766518209102622,0.7732313486041811
17583.0,196,1,135.95,False,False,True,5.2832037287379885,0.6931471805599453,4.919615895709087,1.0517855052986675,-1.0194460782877899,-1.3679802903793998
17585.0,81,3,960.23,False,False,True,4.406719247264253,1.3862943611198906,6.868213714361528,0.3453692838934502,0.26360245192940907,0.5011838417095885
17586.0,255,1,167.4,False,False,True,5.545177444479562,0.6931471805599453,5.126342101808226,1.2629272725441985,-1.0194460782877899,-1.1696811822183495
17587.0,264,1,181.66,False,False,True,5.579729825986222,0.6931471805599453,5.207626501263533,1.2907752987219643,-1.0194460782877899,-1.091710303617385
17588.0,32,4,1699.35,False,False,True,3.4965075614664802,1.6094379124341003,7.438589391206386,-0.3882298993790306,0.6766518209102622,1.0483084185561695
17591.0,3,2,550.7,False,False,True,1.3862943611198906,1.0986122886681098,6.313004420278385,-2.088988859585355,-0.26891080150533303,-0.031392602936303714
17592.0,374,1,148.3,False,False,True,5.926926025970411,0.6931471805599453,5.005957704545144,1.5706034449849626,-1.0194460782877899,-1.2851581653461024
17594.0,85,2,1504.7,False,False,True,4.454347296253507,1.0986122886681098,7.317013185328998,0.3837558464750486,-0.26891080150533303,0.931688210339662
17596.0,4,7,2092.74,False,False,True,1.6094379124341003,2.0794415416798357,7.646707219442567,-1.909142863812241,1.546650982146608,1.2479424200231044
17597.0,54,4,1439.72,False,False,True,4.007333185232471,1.6094379124341003,7.272898267611698,0.02347791127266091,0.6766518209102622,0.8893716167881727
17598.0,17,1,409.98,False,False,True,2.8903717578961645,0.6931471805599453,6.018544551511725,-0.876754423277733,-1.0194460782877899,-0.31384895168604127
17599.0,113,1,52.05,False,False,True,4.736198448394496,0.6931471805599453,3.971234865059992,0.6109181409624159,-1.0194460782877899,-2.2777010080535978
17601.0,16,1,305.46999999999997,False,False,True,2.833213344056216,0.6931471805599453,5.725119871303558,-0.9228221307840204,-1.0194460782877899,-0.5953123108588827
17602.0,108,8,2348.16,False,False,True,4.6913478822291435,2.1972245773362196,7.761813096430356,0.5747701336124852,1.764673005494323,1.3583560593070747
17603.0,253,3,1398.76,False,False,True,5.537334267018537,1.3862943611198906,7.244056072336364,1.2566059423861191,0.26360245192940907,0.8617051602298652
17604.0,58,4,636.57,False,False,True,4.07753744390572,1.6094379124341003,6.45766407492614,0.08006011915741833,0.6766518209102622,0.10737006796463952
17605.0,226,1,160.75,False,False,True,5.424950017481403,0.6931471805599453,5.08605193338101,1.1660281186122226,-1.0194460782877899,-1.2083289406111288
17606.0,373,1,87.30000000000001,False,False,True,5.924255797414532,0.6931471805599453,4.480740107609915,1.56845133298914,-1.0194460782877899,-1.7889655104719493
17607.0,12,1,333.81,False,False,True,2.5649493574615367,0.6931471805599453,5.813563206747519,-1.1390336390935285,-1.0194460782877899,-0.5104743269754298
17608.0,85,2,305.11,False,False,True,4.454347296253507,1.0986122886681098,5.723944514480142,0.3837558464750486,-0.26891080150533303,-0.5964397548063737
17609.0,38,6,782.12,False,False,True,3.6635616461296463,1.9459101490553132,6.663285940953175,-0.25359007659558824,1.2994779980390392,0.30460985396457096
17610.0,176,5,1529.49,False,False,True,5.176149732573829,1.791759469228055,7.333343224551642,0.9655036816553582,1.0141377287118658,0.9473525630852081
17612.0,15,12,3346.41,False,False,True,2.772588722239781,2.5649493574615367,8.115942191468276,-0.971683482208837,2.445349133013286,1.698049245986186
17615.0,23,3,403.6,False,False,True,3.1780538303479458,1.3862943611198906,6.002898924733645,-0.6448926083991554,0.26360245192940907,-0.3288567917429807
17616.0,3,2,489.59999999999997,False,False,True,1.3862943611198906,1.0986122886681098,6.195629131824389,-2.088988859585355,-0.26891080150533303,-0.14398314218032796
17617.0,194,1,395.33,False,False,True,5.272999558563747,0.6931471805599453,5.982247197558372,1.0435612965540435,-1.0194460782877899,-0.34866666083562003
17618.0,19,8,3101.66,False,False,True,2.995732273553991,2.1972245773362196,8.040015087062464,-0.7918374864357232,1.764673005494323,1.6252172747860618
17621.0,40,3,1795.22,False,False,True,3.713572066704308,1.3862943611198906,7.493439735792386,-0.21328340479480876,0.26360245192940907,1.1009228142777934
17622.0,233,2,1130.21,False,False,True,5.455321115357702,1.0986122886681098,7.031043135272966,1.1905061745906114,-0.26891080150533303,0.6573755967773209
17623.0,45,6,1856.6200000000001,False,False,True,3.828641396489095,1.9459101490553132,7.527051377466202,-0.12054149907444375,1.2994779980390392,1.1331642929636165
17624.0,73,2,725.15,False,False,True,4.30406509320417,1.0986122886681098,6.587756605053813,0.26263358103109885,-0.26891080150533303,0.23215943642216605
17626.0,238,1,254.0,False,False,True,5.476463551931511,0.6931471805599453,5.541263545158426,1.2075462482843946,-1.0194460782877899,-0.7716738191180846
17627.0,114,1,296.36,False,False,True,4.74493212836325,0.6931471805599453,5.694943525988997,0.617957185386929,-1.0194460782877899,-0.6242585314486787
17629.0,24,2,641.4,False,False,True,3.2188758248682006,1.0986122886681098,6.465211162632552,-0.6119914906626093,-0.26891080150533303,0.11460950214008675
17631.0,10,4,470.16,False,False,True,2.3978952727983707,1.6094379124341003,6.155197739090584,-1.2736734618769707,0.6766518209102622,-0.18276636793632053
17633.0,15,3,732.55,False,False,True,2.772588722239781,1.3862943611198906,6.597895761585653,-0.971683482208837,0.26360245192940907,0.2418852749392473
17635.0,60,3,1265.58,False,False,True,4.110873864173311,1.3862943611198906,7.144075633652909,0.10692812257148,0.26360245192940907,0.7658003777710229
17638.0,283,2,842.4,False,False,True,5.648974238161206,1.0986122886681098,6.73744134131246,1.3465839034788114,-0.26891080150533303,0.3757423438121316
17639.0,23,5,506.67,False,False,True,3.1780538303479458,1.791759469228055,6.229831630193678,-0.6448926083991554,1.0141377287118658,-0.11117489279825826
17640.0,15,5,2547.28,False,False,True,2.772588722239781,1.791759469228055,7.8431739007644685,-0.971683482208837,1.0141377287118658,1.4364002281773869
17642.0,65,3,1112.2,False,False,True,4.189654742026425,1.3862943611198906,7.014994029651736,0.17042278930922797,0.26360245192940907,0.6419807255051896
17643.0,9,2,439.7,False,False,True,2.302585092994046,1.0986122886681098,6.088364371847941,-1.3504901751239817,-0.26891080150533303,-0.24687530395220345
17644.0,30,9,3132.96,False,False,True,3.4339872044851463,2.302585092994046,8.050052659592652,-0.4386191478747927,1.959700351127462,1.6348456703262162
17646.0,1,10,3141.4,False,False,True,0.6931471805599453,2.3978952727983707,8.052742118160147,-2.6476415482736133,2.1361240451745016,1.6374254943622393
17647.0,305,2,198.6,False,False,True,5.723585101952381,1.0986122886681098,5.296315363877364,1.406717682900119,-0.26891080150533303,-1.0066368013652982
17648.0,21,1,418.87,False,False,True,3.091042453358316,0.6931471805599453,6.039945139555509,-0.7150207731887119,-1.0194460782877899,-0.2933207486909682
17649.0,105,2,710.4,False,False,True,4.663439094112067,1.0986122886681098,6.567234859514355,0.5522766142605914,-0.26891080150533303,0.21247425032422648
17651.0,134,6,1758.52,False,False,True,4.90527477843843,1.9459101490553132,7.4727963235626245,0.7471878236815803,1.2994779980390392,1.0811209211757673
17655.0,2,3,1013.54,False,False,True,1.0986122886681098,1.3862943611198906,6.922190586778393,-2.3208506744639323,0.26360245192940907,0.5529603719500455
17657.0,66,1,126.0,False,False,True,4.204692619390966,0.6931471805599453,4.844187086458591,0.1825427991101455,-1.0194460782877899,-1.4403342791951677
17659.0,8,3,835.33,False,False,True,2.1972245773362196,1.3862943611198906,6.729023272038716,-1.4354071119659917,0.26360245192940907,0.36766743322909307
17660.0,373,1,163.47,False,False,True,5.924255797414532,0.6931471805599453,5.102728182753178,1.56845133298914,-1.0194460782877899,-1.192332490812276
17662.0,297,2,412.92,False,False,True,5.697093486505405,1.0986122886681098,6.025672718437719,1.3853663557762128,-0.26891080150533303,-0.30701136117964
17663.0,53,10,3372.92,False,False,True,3.9889840465642745,2.3978952727983707,8.123830552095704,0.008689139220207557,2.1361240451745016,1.7056160412502637
17664.0,110,2,561.59,False,False,True,4.709530201312334,1.0986122886681098,6.33255112127994,0.5894244548407798,-0.26891080150533303,-0.01264271413778187
17665.0,129,1,563.1,False,False,True,4.867534450455582,0.6931471805599453,6.33523154074593,0.7167704227443619,-1.0194460782877899,-0.010071560728482708
17666.0,113,3,1319.6399999999999,False,False,True,4.736198448394496,1.3862943611198906,7.185871746564217,0.6109181409624159,0.26360245192940907,0.8058926915192678
17667.0,71,4,1895.19,False,False,True,4.276666119016055,1.6094379124341003,7.547601888764647,0.24055095409878485,0.6766518209102622,1.1528770721977162
17669.0,98,3,2735.63,False,False,True,4.59511985013459,1.3862943611198906,7.914482515393844,0.49721366311890963,0.26360245192940907,1.5048019801953376
17671.0,1,2,830.63,False,False,True,0.6931471805599453,1.0986122886681098,6.723387630369245,-2.6476415482736133,-0.26891080150533303,0.36226152587917804
17672.0,53,5,2600.46,False,False,True,3.9889840465642745,1.791759469228055,7.8638281048673875,0.008689139220207557,1.0141377287118658,1.4562124732268653
17673.0,11,7,2604.46,False,False,True,2.4849066497880004,2.0794415416798357,7.86536452209172,-1.2035452970874143,1.546650982146608,1.4576862591154442
17674.0,4,1,300.66,False,False,True,1.6094379124341003,0.6931471805599453,5.709300555340106,-1.909142863812241,-1.0194460782877899,-0.6104867597420877
17676.0,2,5,1378.16,False,False,True,1.0986122886681098,1.791759469228055,7.2292298971686675,-2.3208506744639323,1.0141377287118658,0.8474833672183697
17678.0,239,1,301.65,False,False,True,5.480638923341991,0.6931471805599453,5.712577022337697,1.2109114534387349,-1.0194460782877899,-0.6073438564024418
17679.0,157,5,1585.5,False,False,True,5.062595033026967,1.791759469228055,7.36928561102325,0.8739825155968092,1.0141377287118658,0.9818297748378468
17680.0,19,2,313.05,False,False,True,2.995732273553991,1.0986122886681098,5.74955220890039,-0.7918374864357232,-0.26891080150533303,-0.5718759461755485
17681.0,233,5,731.2,False,False,True,5.455321115357702,1.791759469228055,6.596053700686136,1.1905061745906114,1.0141377287118658,0.2401183047981841
17682.0,4,6,1982.45,False,False,True,1.6094379124341003,1.9459101490553132,7.592593031670941,-1.909142863812241,1.2994779980390392,1.1960341720246532
17683.0,21,3,819.01,False,False,True,3.091042453358316,1.3862943611198906,6.70931653530589,-0.7150207731887119,0.26360245192940907,0.34876403248168153
17685.0,8,6,2751.64,False,False,True,2.1972245773362196,1.9459101490553132,7.920315730155317,-1.4354071119659917,1.2994779980390392,1.510397406661769
17686.0,59,2,2557.35,False,False,True,4.0943445622221,1.0986122886681098,7.8471177984240486,0.09360607606221706,-0.26891080150533303,1.4401833546775564
17687.0,56,1,432.68,False,False,True,4.04305126783455,0.6931471805599453,6.072306934952083,0.05226545227415695,-1.0194460782877899,-0.26227816687841604
17688.0,29,1,304.2,False,False,True,3.4011973816621555,0.6931471805599453,5.720967299410302,-0.4650466126260415,-1.0194460782877899,-0.5992956050843491
17689.0,24,2,317.08,False,False,True,3.2188758248682006,1.0986122886681098,5.7623029234682095,-0.6119914906626093,-0.26891080150533303,-0.5596450085749127
17690.0,2,8,2690.15,False,False,True,1.0986122886681098,2.1972245773362196,7.897723890533503,-2.3208506744639323,1.764673005494323,1.4887265129068923
17691.0,4,3,489.65000000000003,False,False,True,1.6094379124341003,1.3862943611198906,6.195731042652502,-1.909142863812241,0.26360245192940907,-0.14388538569986933
17692.0,32,8,2234.86,False,False,True,3.4965075614664802,2.1972245773362196,7.712381220507991,-0.3882298993790306,1.764673005494323,1.310939250886415
17694.0,147,2,1412.85,False,False,True,4.997212273764115,1.0986122886681098,7.254071758792645,0.821286269719357,-0.26891080150533303,0.8713125618717684
17695.0,30,3,980.7,False,False,True,3.4339872044851463,1.3862943611198906,6.889285762698476,-0.4386191478747927,0.26360245192940907,0.5213968977666393
17699.0,112,2,442.0,False,False,True,4.727387818712341,1.0986122886681098,6.093569770045136,0.603817077726472,-0.26891080150533303,-0.24188210139891045
17702.0,19,2,1319.67,False,False,True,2.995732273553991,1.0986122886681098,7.18589446256499,-0.7918374864357232,-0.26891080150533303,0.805914481512802
17703.0,54,1,296.1,False,False,True,4.007333185232471,0.6931471805599453,5.694068782468562,0.02347791127266091,-1.0194460782877899,-0.625097616455099
17705.0,91,2,260.38,False,False,True,4.5217885770490405,1.0986122886681098,5.5659752871688895,0.4381111896138152,-0.26891080150533303,-0.7479694398124881
17707.0,12,6,456.90000000000003,False,False,True,2.5649493574615367,1.9459101490553132,6.12665081966305,-1.1390336390935285,1.2994779980390392,-0.21014958542985168
17708.0,38,2,620.85,False,False,True,3.6635616461296463,1.0986122886681098,6.43269890609975,-0.25359007659558824,-0.26891080150533303,0.08342259266976047
17709.0,106,4,533.56,False,False,True,4.672828834461906,1.6094379124341003,6.281443978608446,0.5598444206942619,0.6766518209102622,-0.06166649783531981
17710.0,59,1,293.5,False,False,True,4.0943445622221,0.6931471805599453,5.685279003091641,0.09360607606221706,-1.0194460782877899,-0.6335290845513104
17713.0,18,4,1198.09,False,False,True,2.9444389791664403,1.6094379124341003,7.089318214762589,-0.8331781102237836,0.6766518209102622,0.7132751196721817
17714.0,60,4,1257.18,False,False,True,4.110873864173311,1.6094379124341003,7.137421511285541,0.10692812257148,0.6766518209102622,0.759417507616618
17715.0,228,1,163.2,False,False,True,5.43372200355424,0.6931471805599453,5.101085197018328,1.1730980364336694,-1.0194460782877899,-1.1939085009954542
17717.0,57,1,376.92,False,False,True,4.060443010546419,0.6931471805599453,5.934682533008997,0.06628259625086781,-1.0194460782877899,-0.3942923738891324
17718.0,280,1,299.83,False,False,True,5.638354669333745,0.6931471805599453,5.706545321145129,1.3380248977660874,-1.0194460782877899,-0.6131296780926364
17720.0,3,7,1572.97,False,False,True,1.3862943611198906,2.0794415416798357,7.361356369075252,-2.088988859585355,1.546650982146608,0.9742237647612763
17721.0,295,1,307.21000000000004,False,False,True,5.69035945432406,0.6931471805599453,5.730781368822976,1.379938958407616,-1.0194460782877899,-0.5898816016607549
17722.0,2,2,2006.32,False,False,True,1.0986122886681098,1.0986122886681098,7.604555778039985,-2.3208506744639323,-0.26891080150533303,1.2075092625847756
17723.0,11,1,102.0,False,False,True,2.4849066497880004,0.6931471805599453,4.634728988229636,-1.2035452970874143,-1.0194460782877899,-1.641253915170069
17726.0,31,7,1092.06,False,False,True,3.4657359027997265,2.0794415416798357,6.996736381454871,-0.4130307935205781,1.546650982146608,0.6244673418714749
17728.0,40,2,1362.75,False,False,True,3.713572066704308,1.0986122886681098,7.21799353714728,-0.21328340479480876,-0.26891080150533303,0.8367050522032476
17729.0,232,1,438.65000000000003,False,False,True,5.4510384535657,0.6931471805599453,6.085978955825011,1.1870544970941936,-1.0194460782877899,-0.249163479597014
17730.0,18,7,2475.32,False,False,True,2.9444389791664403,2.0794415416798357,7.81452886616445,-0.8331781102237836,1.546650982146608,1.4089228951308834
17731.0,257,2,468.88,False,False,True,5.552959584921617,1.0986122886681098,6.152477342955685,1.2691994089729892,-0.26891080150533303,-0.18537586838415632
17732.0,8,8,2166.42,False,False,True,2.1972245773362196,2.1972245773362196,7.681292799092348,-1.4354071119659917,1.764673005494323,1.2811181345548917
17734.0,161,3,741.69,False,False,True,5.087596335232384,1.3862943611198906,6.610278730197908,0.8941327017181474,0.26360245192940907,0.2537634575776828
17738.0,31,9,2304.51,False,False,True,3.4657359027997265,2.302585092994046,7.743057189091268,-0.4130307935205781,1.959700351127462,1.3403647278340405
17740.0,25,6,426.9,False,False,True,3.258096538021482,1.9459101490553132,6.0588895234227715,-0.5803809504052695,1.2994779980390392,-0.27514862384803845
17741.0,42,2,101.1,False,False,True,3.7612001156935624,1.0986122886681098,4.625952725170619,-0.17489684221320997,-0.26891080150533303,-1.6496724179348086
17742.0,64,9,1743.3700000000001,False,False,True,4.174387269895637,2.302585092994046,7.4641487379303335,0.1581177340561029,1.959700351127462,1.072825850362117
17743.0,84,1,229.2,False,False,True,4.442651256490317,0.6931471805599453,5.438948496287782,0.3743292423656113,-1.0194460782877899,-0.8698180424623321
17744.0,16,1,326.74,False,False,True,2.833213344056216,0.6931471805599453,5.792220611118078,-0.9228221307840204,-1.0194460782877899,-0.5309469015900405
17745.0,113,2,600.34,False,False,True,4.736198448394496,1.0986122886681098,6.399160498367506,0.6109181409624159,-0.26891080150533303,0.05125136257783725
17746.0,107,3,793.9300000000001,False,False,True,4.68213122712422,1.3862943611198906,6.67825406046321,0.5673418279084664,0.26360245192940907,0.31896780502310573
17748.0,163,1,358.15,False,False,True,5.099866427824199,0.6931471805599453,5.88374012852081,0.9040219725817091,-1.0194460782877899,-0.4431581348790209
17749.0,182,1,351.66,False,False,True,5.209486152841421,0.6931471805599453,5.865504419979778,0.9923716850694205,-1.0194460782877899,-0.4606504732168002
17751.0,57,1,157.85999999999999,False,False,True,4.060443010546419,0.6931471805599453,5.0680233112049855,0.06628259625086781,-1.0194460782877899,-1.225622634363549
17753.0,100,4,390.56,False,False,True,4.61512051684126,1.6094379124341003,5.97013876039323,0.5133335097324566,0.6766518209102622,-0.36028150317409185
17754.0,10,8,2805.27,False,False,True,2.3978952727983707,2.1972245773362196,7.939611478413943,-1.2736734618769707,1.764673005494323,1.5289065726895668
17756.0,11,3,733.7,False,False,True,2.4849066497880004,1.3862943611198906,6.599462252626232,-1.2035452970874143,0.26360245192940907,0.24338790869889831
17757.0,4,28,3817.16,False,False,True,1.6094379124341003,3.367295829986474,8.247523910165095,-1.909142863812241,3.9305307671165286,1.8242670969313348
17758.0,63,4,1555.83,False,False,True,4.1588830833596715,1.6094379124341003,7.350406981544118,0.14562189516768048,0.6766518209102622,0.9637207239359044
17759.0,29,2,441.92,False,False,True,3.4011973816621555,1.0986122886681098,6.093389166829907,-0.4650466126260415,-0.26891080150533303,-0.24205534240781093
17760.0,9,5,631.34,False,False,True,2.302585092994046,1.791759469228055,6.449427224173901,-1.3504901751239817,1.0141377287118658,0.09946898861410254
17762.0,92,1,129.75,False,False,True,4.532599493153256,0.6931471805599453,4.873287102945032,0.44682441462314787,-1.0194460782877899,-1.4124205113878785
17763.0,289,3,71.15,False,False,True,5.66988092298052,1.3862943611198906,4.27874728521988,1.3634339694004995,0.26360245192940907,-1.9827241891160503
17764.0,38,3,804.82,False,False,True,3.6635616461296463,1.3862943611198906,6.6918603925038385,-0.25359007659558824,0.26360245192940907,0.3320194812469984
17765.0,84,1,158.92,False,False,True,4.442651256490317,0.6931471805599453,5.074673690192145,0.3743292423656113,-1.0194460782877899,-1.219243354992194
17766.0,17,2,299.61,False,False,True,2.8903717578961645,1.0986122886681098,5.7058137435652805,-0.876754423277733,-0.26891080150533303,-0.6138314332516561
17767.0,46,1,141.85,False,False,True,3.8501476017100584,0.6931471805599453,4.961795128676782,-0.10320824041433209,-1.0194460782877899,-1.3275204742862243
17768.0,23,4,1236.33,False,False,True,3.1780538303479458,1.6094379124341003,7.120711111268835,-0.6448926083991554,0.6766518209102622,0.7433882993084172
17769.0,19,7,3105.1,False,False,True,2.995732273553991,2.0794415416798357,8.041123198940522,-0.7918374864357232,1.546650982146608,1.6262802149972126
17771.0,72,2,141.6,False,False,True,4.290459441148391,1.0986122886681098,4.960043507980195,0.25166789536506495,-0.26891080150533303,-1.3292006909772949
17772.0,28,1,202.0,False,False,True,3.367295829986474,0.6931471805599453,5.313205979041787,-0.49237009243739077,-1.0194460782877899,-0.9904347242963153
17773.0,150,2,585.27,False,False,True,5.017279836814924,1.0986122886681098,6.373780434317173,0.8374600324759184,-0.26891080150533303,0.026905905070443915
17774.0,33,5,2102.64,False,False,True,3.5263605246161616,1.791759469228055,7.651424456556273,-0.36416944209576146,1.0141377287118658,1.2524673611531296
17776.0,22,2,338.56,False,False,True,3.1354942159291497,1.0986122886681098,5.827650661869767,-0.6791941877627027,-0.26891080150533303,-0.49696114042925504
17778.0,297,1,197.70000000000002,False,False,True,5.697093486505405,0.6931471805599453,5.291796149557771,1.3853663557762128,-1.0194460782877899,-1.010971792008594
17780.0,303,3,352.91,False,False,True,5.717027701406222,1.3862943611198906,5.869042643521861,1.4014326445292522,0.26360245192940907,-0.45725648371682803
17782.0,18,2,679.02,False,False,True,2.9444389791664403,1.0986122886681098,6.52212220950234,-0.8331781102237836,-0.26891080150533303,0.16920059657239425
17783.0,148,1,96.44,False,False,True,5.003946305945459,0.6931471805599453,4.579236803961587,0.8267136670879539,-1.0194460782877899,-1.6944839862767074
17784.0,186,1,112.86,False,False,True,5.231108616854587,0.6931471805599453,4.734969623522936,1.009798644300881,-1.0194460782877899,-1.5450995428955359
17785.0,81,2,271.44,False,False,True,4.406719247264253,1.0986122886681098,5.607418406373117,0.3453692838934502,-0.26891080150533303,-0.7082157301465286
17787.0,7,1,736.28,False,False,True,2.0794415416798357,0.6931471805599453,6.602967738627417,-1.530336170897096,-1.0194460782877899,0.24675049518864706
17789.0,297,1,171.25,False,False,True,5.697093486505405,0.6931471805599453,5.148946909893768,1.3853663557762128,-1.0194460782877899,-1.1479978486531557
17790.0,14,6,818.06,False,False,True,2.70805020110221,1.9459101490553132,6.708157341242941,-1.0236993013143005,1.2994779980390392,0.3476520924272213
17792.0,103,2,370.05,False,False,True,4.6443908991413725,1.0986122886681098,5.916336824416143,0.536924426971248,-0.26891080150533303,-0.4118902281776253
17794.0,322,2,147.3,False,False,True,5.777652323222656,1.0986122886681098,4.999237249143887,1.4502939959540684,-0.26891080150533303,-1.2916046644990273
17796.0,5,4,664.09,False,False,True,1.791759469228055,1.6094379124341003,6.499922369844311,-1.7621979857756733,0.6766518209102622,0.14790572308453903
17797.0,31,5,1205.44,False,False,True,3.4657359027997265,1.791759469228055,7.0954291532027005,-0.4130307935205781,1.0141377287118658,0.719136948540265
17798.0,217,1,183.09,False,False,True,5.384495062789089,0.6931471805599453,5.215424768458471,1.133422822300744,-1.0194460782877899,-1.0842299291687962
17799.0,25,10,3285.96,False,False,True,3.258096538021482,2.3978952727983707,8.097718404438973,-0.5803809504052695,2.1361240451745016,1.6805683431852387
17801.0,87,3,798.3299999999999,False,False,True,4.477336814478207,1.3862943611198906,6.6837738767688695,0.402284604187806,0.26360245192940907,0.32426260857645933
17802.0,8,8,3768.08,False,False,True,2.1972245773362196,2.1972245773362196,8.234586218831206,-1.4354071119659917,1.764673005494323,1.8118568045858023
17803.0,28,1,184.66,False,False,True,3.367295829986474,0.6931471805599453,5.223917043971786,-0.49237009243739077,-1.0194460782877899,-1.0760838373291346
17804.0,12,3,385.23,False,False,True,2.5649493574615367,1.3862943611198906,5.956433046936053,-1.1390336390935285,0.26360245192940907,-0.3734285095771681
17805.0,246,1,414.72,False,False,True,5.5093883366279774,0.6931471805599453,6.030011956720221,1.2340824876445606,-1.0194460782877899,-0.3028490099337327
17807.0,31,3,437.87,False,False,True,3.4657359027997265,1.3862943611198906,6.084203241658105,-0.4130307935205781,0.26360245192940907,-0.2508668075992587
17808.0,184,4,262.64,False,False,True,5.220355825078324,1.6094379124341003,5.574584536184519,1.001132265492471,0.6766518209102622,-0.7397111428410971
17810.0,304,2,374.81,False,False,True,5.720311776607412,1.0986122886681098,5.92908369652421,1.4040794957211118,-0.26891080150533303,-0.3996629764006515
17811.0,10,8,1772.07,False,False,True,2.3978952727983707,2.1972245773362196,7.480467786400321,-1.2736734618769707,1.764673005494323,1.0884796603879419
17812.0,4,4,433.73,False,False,True,1.6094379124341003,1.6094379124341003,6.074725148725943,-1.909142863812241,0.6766518209102622,-0.25995853046778533
17814.0,11,2,1617.32,False,False,True,2.4849066497880004,1.0986122886681098,7.389143853094436,-1.2035452970874143,-0.26891080150533303,1.0008785048787485
17815.0,29,1,591.96,False,False,True,3.4011973816621555,0.6931471805599453,6.385126943096995,-0.4650466126260415,-1.0194460782877899,0.03778987868093572
17816.0,1,3,75.76,False,False,True,0.6931471805599453,1.3862943611198906,4.340683671139499,-2.6476415482736133,0.26360245192940907,-1.92331261125016
17817.0,14,3,420.17,False,False,True,2.70805020110221,1.3862943611198906,6.043036552651969,-1.0236993013143005,0.26360245192940907,-0.29035535561597736
17818.0,373,1,130.18,False,False,True,5.924255797414532,0.6931471805599453,4.876570425865589,1.56845133298914,-1.0194460782877899,-1.4092710316037873
17819.0,7,6,2907.65,False,False,True,2.0794415416798357,1.9459101490553132,7.9754443349967366,-1.530336170897096,1.2994779980390392,1.5632787194885223
17820.0,10,1,183.56,False,False,True,2.3978952727983707,0.6931471805599453,5.217974613865498,-1.2736734618769707,-1.0194460782877899,-1.0817840270274899
17821.0,42,1,334.62,False,False,True,3.7612001156935624,0.6931471805599453,5.815979567573016,-0.17489684221320997,-1.0194460782877899,-0.508156467978581
17822.0,56,5,2188.5,False,False,True,4.04305126783455,1.791759469228055,7.6914284862414535,0.05226545227415695,1.0141377287118658,1.2908406451170173
17823.0,57,2,494.25,False,False,True,4.060443010546419,1.0986122886681098,6.20506268557866,0.06628259625086781,-0.26891080150533303,-0.134934142870757
17825.0,234,4,731.96,False,False,True,5.459585514144159,1.6094379124341003,6.597091130138432,1.1939431327352996,0.6766518209102622,0.24111344391988632
17826.0,10,1,134.59,False,False,True,2.3978952727983707,0.6931471805599453,4.909635626474218,-1.2736734618769707,-1.0194460782877899,-1.3775537185664992
17827.0,257,1,392.59,False,False,True,5.552959584921617,0.6931471805599453,5.975309758351282,1.2691994089729892,-1.0194460782877899,-0.3553212985501424
17833.0,359,1,342.36,False,False,True,5.886104031450156,0.6931471805599453,5.838779459442334,1.5377023272484165,-1.0194460782877899,-0.48628600312960146
17834.0,50,2,730.47,False,False,True,3.9318256327243257,1.0986122886681098,6.595056207999221,-0.03737856828608019,-0.26891080150533303,0.23916147443813973
17840.0,79,1,185.72,False,False,True,4.382026634673881,0.6931471805599453,5.229610168538246,0.32546789094079437,-1.0194460782877899,-1.0706227903458738
17842.0,238,1,430.69,False,False,True,5.476463551931511,0.6931471805599453,6.067707738058715,1.2075462482843946,-1.0194460782877899,-0.26668987964295343
17843.0,47,1,120.75,False,False,True,3.871201010907891,0.6931471805599453,4.801969761962699,-0.08623991971089644,-1.0194460782877899,-1.4808306340330557
17845.0,191,4,598.19,False,False,True,5.2574953720277815,1.6094379124341003,6.39557874314519,1.031065457665621,0.6766518209102622,0.047815615946393185
17847.0,151,2,129.69,False,False,True,5.0238805208462765,1.0986122886681098,4.872828106608945,0.8427799558409932,-0.26891080150533303,-1.4128607969511502
17848.0,53,21,2749.7,False,False,True,3.9889840465642745,3.091042453358316,7.919610703723965,0.008689139220207557,3.4191725753917006,1.5097211203059886
17849.0,116,4,457.96000000000004,False,False,True,4.762173934797756,1.6094379124341003,6.128963060293616,0.6318534859023524,0.6766518209102622,-0.20793160221646512
17851.0,58,6,1563.34,False,False,True,4.07753744390572,1.9459101490553132,7.355219288783538,0.08006011915741833,1.2994779980390392,0.9683368597020505
17852.0,24,3,548.87,False,False,True,3.2188758248682006,1.3862943611198906,6.309681886651866,-0.6119914906626093,0.26360245192940907,-0.03457969502010953
17853.0,43,3,1608.19,False,False,True,3.784189633918261,1.3862943611198906,7.383486225788365,-0.1563680845004533,0.26360245192940907,0.9954515081265162
17854.0,98,4,760.19,False,False,True,4.59511985013459,1.6094379124341003,6.634882998183836,0.49721366311890963,0.6766518209102622,0.2773647439875215
17855.0,8,1,208.97,False,False,True,2.1972245773362196,0.6931471805599453,5.346964663369558,-1.4354071119659917,-1.0194460782877899,-0.9580521970821456
17857.0,1,2,1803.2,False,False,True,0.6931471805599453,1.0986122886681098,7.497872559222539,-2.6476415482736133,-0.26891080150533303,1.1051749357162006
17860.0,4,4,762.74,False,False,True,1.6094379124341003,1.6094379124341003,6.638227417110398,-1.909142863812241,0.6766518209102622,0.280572829227262
17861.0,21,10,3026.89,False,False,True,3.091042453358316,2.3978952727983707,8.015621286288493,-0.7150207731887119,2.1361240451745016,1.601817875989873
17862.0,21,3,948.1899999999999,False,False,True,3.091042453358316,1.3862943611198906,6.855608989318586,-0.7150207731887119,0.26360245192940907,0.4890929424385405
17863.0,5,7,2585.2,False,False,True,1.791759469228055,2.0794415416798357,7.857944895861751,-1.7621979857756733,1.546650982146608,1.4505690905084532
17864.0,21,2,326.82,False,False,True,3.091042453358316,1.0986122886681098,5.792464677261214,-0.7150207731887119,-0.26891080150533303,-0.5307127846900626
17866.0,120,2,805.3000000000001,False,False,True,4.795790545596741,1.0986122886681098,6.692455881690976,0.6589473132079308,-0.26891080150533303,0.33259069559353516
17867.0,46,9,424.18,False,False,True,3.8501476017100584,2.302585092994046,6.052512608672916,-0.10320824041433209,1.959700351127462,-0.2812655866249252
17868.0,22,1,234.65,False,False,True,3.1354942159291497,0.6931471805599453,5.46234765336974,-0.6791941877627027,-1.0194460782877899,-0.8473727411692425
17869.0,4,3,607.98,False,False,True,1.6094379124341003,1.3862943611198906,6.411785426448133,-1.909142863812241,0.26360245192940907,0.0633616413191071
17870.0,2,2,1213.8,False,False,True,1.0986122886681098,1.0986122886681098,7.102334733171594,-2.3208506744639323,-0.26891080150533303,0.7257610257436633
17871.0,33,4,963.09,False,False,True,3.5263605246161616,1.6094379124341003,6.87118465124853,-0.36416944209576146,0.6766518209102622,0.5040336697319379
17872.0,17,1,235.87,False,False,True,2.8903717578961645,0.6931471805599453,5.46751146743449,-0.876754423277733,-1.0194460782877899,-0.842419427590516
17875.0,324,1,167.1,False,False,True,5.783825182329737,0.6931471805599453,5.12455904041457,1.4552691072057347,-1.0194460782877899,-1.171391557941052
17876.0,35,3,3424.02,False,False,True,3.58351893845611,1.3862943611198906,8.138862590095334,-0.3181017345894741,0.26360245192940907,1.720035305190802
17878.0,31,2,1032.88,False,False,True,3.4657359027997265,1.0986122886681098,6.941073994174962,-0.4130307935205781,-0.26891080150533303,0.5710740059998368
17880.0,275,2,366.0,False,False,True,5.62040086571715,1.0986122886681098,5.905361848054571,1.323554752111755,-0.26891080150533303,-0.42241781471662776
17882.0,15,2,313.46,False,False,True,2.772588722239781,1.0986122886681098,5.75085688204213,-0.971683482208837,-0.26891080150533303,-0.5706244574294888
17883.0,175,3,324.08,False,False,True,5.170483995038151,1.3862943611198906,5.784071305885004,0.9609372928760642,0.26360245192940907,-0.5387640041739081
17884.0,4,18,2355.44,False,False,True,1.6094379124341003,2.9444389791664403,7.764907284550139,-1.909142863812241,3.147802544088004,1.361324114282849
17886.0,73,3,708.77,False,False,True,4.30406509320417,1.3862943611198906,6.564940973892307,0.26263358103109885,0.26360245192940907,0.21027387388594684
17888.0,10,17,1094.39,False,False,True,2.3978952727983707,2.8903717578961645,6.998865743222685,-1.2736734618769707,3.0477215357115215,0.6265099011941534
17889.0,10,5,571.0,False,False,True,2.3978952727983707,1.791759469228055,6.349138991379798,-1.2736734618769707,1.0141377287118658,0.0032689591288169607
17894.0,2,11,1333.57,False,False,True,1.0986122886681098,2.4849066497880004,7.1963644215715705,-2.3208506744639323,2.297186258929065,0.8159576374951257
17897.0,3,8,2018.4,False,False,True,1.3862943611198906,2.1972245773362196,7.610555716570221,-2.088988859585355,1.764673005494323,1.2132646164028413
17898.0,88,2,147.12,False,False,True,4.48863636973214,1.0986122886681098,4.998022756045412,0.4113916554759489,-0.26891080150533303,-1.2927696493494718
17901.0,157,2,149.7,False,False,True,5.062595033026967,1.0986122886681098,5.01529110563245,0.8739825155968092,-0.26891080150533303,-1.2762052360264666
17902.0,182,1,216.39999999999998,False,False,True,5.209486152841421,0.6931471805599453,5.381738974687109,0.9923716850694205,-1.0194460782877899,-0.9246954444415147
17903.0,30,1,381.09000000000003,False,False,True,3.4339872044851463,0.6931471805599453,5.9456561829510015,-0.4386191478747927,-1.0194460782877899,-0.3837660596988193
17905.0,9,10,1583.28,False,False,True,2.302585092994046,2.3978952727983707,7.367885324429574,-1.3504901751239817,2.1361240451745016,0.9804865702778855
17907.0,276,1,291.76,False,False,True,5.6240175061873385,0.6931471805599453,5.679353160733027,1.326469639424804,-1.0194460782877899,-0.6392133626938342
17908.0,9,5,1168.26,False,False,True,2.302585092994046,1.791759469228055,7.064126349060336,-1.3504901751239817,1.0141377287118658,0.6891101886944714
17909.0,373,1,132.55,False,False,True,5.924255797414532,0.6931471805599453,4.89447593955597,1.56845133298914,-1.0194460782877899,-1.392095427876676
17910.0,362,1,261.7,False,False,True,5.8944028342648505,0.6931471805599453,5.571012696691494,1.5443908757058706,-1.0194460782877899,-0.743137377953357
17912.0,11,1,64.49,False,False,True,2.4849066497880004,0.6931471805599453,4.181897459229962,-1.2035452970874143,-1.0194460782877899,-2.075625976856224
17913.0,36,12,3068.04,False,False,True,3.6109179126442243,2.5649493574615367,8.02912008809622,-0.29601910765716044,2.445349133013286,1.6147664054009507
17915.0,187,1,242.13,False,False,True,5.236441962829949,0.6931471805599453,5.493596279713942,1.0140971369621858,-1.0194460782877899,-0.8173979505887901
17916.0,264,2,43.87,False,False,True,5.579729825986222,1.0986122886681098,3.803769419987892,1.2907752987219643,-0.26891080150533303,-2.4383398019066864
17918.0,136,3,396.39,False,False,True,4.919980925828125,1.3862943611198906,5.984918166237948,0.7590404705795485,0.26360245192940907,-0.3461045729558087
17919.0,74,1,536.28,False,False,True,4.31748811353631,0.6931471805599453,6.286519373889176,0.27345207183533093,-1.0194460782877899,-0.05679799868988088
17921.0,15,6,1596.98,False,False,True,2.772588722239781,1.9459101490553132,7.376495610603343,-0.971683482208837,1.2994779980390392,0.9887458621281457
17922.0,179,1,170.4,False,False,True,5.19295685089021,0.6931471805599453,5.1440000061636795,0.9790496385601576,-1.0194460782877899,-1.1527430941464372
17923.0,163,2,289.5,False,False,True,5.099866427824199,1.0986122886681098,5.671603576291966,0.9040219725817091,-0.26891080150533303,-0.6466470389184347
17924.0,9,2,574.2,False,False,True,2.302585092994046,1.0986122886681098,6.354717806406837,-1.3504901751239817,-0.26891080150533303,0.008620356348030008
17925.0,8,1,244.08,False,False,True,2.1972245773362196,0.6931471805599453,5.501584687857454,-1.4354071119659917,-1.0194460782877899,-0.8097351861992321
17926.0,80,3,638.2,False,False,True,4.394449154672439,1.3862943611198906,6.460217394452065,0.3354800130298892,0.26360245192940907,0.1098193026039974
17927.0,357,1,294.0,False,False,True,5.8805329864007,0.6931471805599453,5.68697535633982,1.5332122573426752,-1.0194460782877899,-0.6319018823567386
17928.0,207,1,128.7,False,False,True,5.337538079701318,0.6931471805599453,4.865224091322398,1.0955771156595069,-1.0194460782877899,-1.4201548380803242
17929.0,23,8,2239.1,False,False,True,3.1780538303479458,2.1972245773362196,7.7142757867097655,-0.6448926083991554,1.764673005494323,1.312756585975435
17930.0,29,8,2534.74,False,False,True,3.4011973816621555,2.1972245773362196,7.838240786641901,-0.4650466126260415,1.764673005494323,1.4316682101646696
17931.0,33,12,3028.93,False,False,True,3.5263605246161616,2.5649493574615367,8.01629479592632,-0.36416944209576146,2.445349133013286,1.6024639303196035
17933.0,268,1,114.69,False,False,True,5.594711379601839,0.6931471805599453,4.750914200040797,1.3028499135264717,-1.0194460782877899,-1.5298049396463416
17934.0,42,1,344.90000000000003,False,False,True,3.7612001156935624,0.6931471805599453,5.846149715943123,-0.17489684221320997,-1.0194460782877899,-0.4792161917176713
17935.0,36,5,540.35,False,False,True,3.6109179126442243,1.791759469228055,6.294066019756907,-0.29601910765716044,1.0141377287118658,-0.04955898834176501
17938.0,56,1,144.29,False,False,True,4.04305126783455,0.6931471805599453,4.978731745083247,0.05226545227415695,-1.0194460782877899,-1.3112742711945016
17941.0,226,3,1128.72,False,False,True,5.424950017481403,1.3862943611198906,7.029725093391344,1.1660281186122226,0.26360245192940907,0.6561112842618625
17944.0,59,1,75.41,False,False,True,4.0943445622221,0.6931471805599453,4.336113577659475,0.09360607606221706,-1.0194460782877899,-1.9276964069885036
17945.0,332,3,360.35,False,False,True,5.808142489980444,1.3862943611198906,5.88984701772899,1.4748680173387203,0.26360245192940907,-0.4373001901778074
17950.0,1,6,950.61,False,False,True,0.6931471805599453,1.9459101490553132,6.8581552869906535,-2.6476415482736133,1.2994779980390392,0.4915354414666576
17951.0,9,2,627.5400000000001,False,False,True,2.302585092994046,1.0986122886681098,6.443399669600998,-1.3504901751239817,-0.26891080150533303,0.09368714450854458
17952.0,14,4,819.61,False,False,True,2.70805020110221,1.6094379124341003,6.71004796613905,-1.0236993013143005,0.6766518209102622,0.3494656468760734
17953.0,176,1,160.82,False,False,True,5.176149732573829,0.6931471805599453,5.086484606379694,0.9655036816553582,-1.0194460782877899,-1.2079139053266175
17954.0,3,9,1633.33,False,False,True,1.3862943611198906,2.302585092994046,7.398988213413432,-2.088988859585355,1.959700351127462,1.0103215644139136
17955.0,291,2,392.6,False,False,True,5.676753802268282,1.0986122886681098,5.975335165178098,1.3689732727415829,-0.26891080150533303,-0.35529692742084135
17958.0,364,1,465.42,False,False,True,5.8998973535824915,0.6931471805599453,6.145086515763547,1.5488192685146966,-1.0194460782877899,-0.1924654119327411
17959.0,228,1,140.75,False,False,True,5.43372200355424,0.6931471805599453,4.954064942607862,1.1730980364336694,-1.0194460782877899,-1.33493554290433
17960.0,158,2,61.300000000000004,False,False,True,5.0689042022202315,1.0986122886681098,4.131961425793407,0.879067488070273,-0.26891080150533303,-2.123526391043772
17961.0,8,62,1699.1,False,False,True,2.1972245773362196,4.143134726391533,7.438442351843683,-1.4354071119659917,5.366645612038351,1.0481673731849093
17962.0,185,3,584.59,False,False,True,5.225746673713202,1.3862943611198906,6.3726198859985645,1.0054771033114067,0.26360245192940907,0.025792665965927268
17963.0,107,4,651.51,False,False,True,4.68213122712422,1.6094379124341003,6.48082646474991,0.5673418279084664,0.6766518209102622,0.12958825370703855
17964.0,8,1,261.76,False,False,True,2.1972245773362196,0.6931471805599453,5.571241068024272,-1.4354071119659917,-1.0194460782877899,-0.7429183160720702
17966.0,227,5,875.99,False,False,True,5.429345628954441,1.791759469228055,6.776495589798622,1.1695708296506748,1.0141377287118658,0.41320456396719063
17967.0,7,2,234.22,False,False,True,2.0794415416798357,1.0986122886681098,5.460521246422891,-1.530336170897096,-0.26891080150533303,-0.8491246954837604
17968.0,9,4,610.6899999999999,False,False,True,2.302585092994046,1.6094379124341003,6.416225618231942,-1.3504901751239817,0.6766518209102622,0.06762083074365013
17969.0,138,18,2141.7400000000002,False,False,True,4.9344739331306915,2.9444389791664403,7.669840662868091,0.7707213339283926,3.147802544088004,1.2701328393537599
17971.0,184,1,161.94,False,False,True,5.220355825078324,0.6931471805599453,5.093382034882496,1.001132265492471,-1.0194460782877899,-1.2012976472985744
17974.0,17,3,1117.27,False,False,True,2.8903717578961645,1.3862943611198906,7.019538127241328,-0.876754423277733,0.26360245192940907,0.6463395850635217
17975.0,2,12,2540.02,False,False,True,1.0986122886681098,2.5649493574615367,7.84032085420615,-2.3208506744639323,2.445349133013286,1.4336634847391356
17976.0,8,1,353.19,False,False,True,2.1972245773362196,0.6931471805599453,5.869833492313257,-1.4354071119659917,-1.0194460782877899,-0.45649787350971766
17977.0,36,1,1277.49,False,False,True,3.6109179126442243,0.6931471805599453,7.153434973034637,-0.29601910765716044,-1.0194460782877899,0.774778188022536
17978.0,1,4,1160.84,False,False,True,0.6931471805599453,1.6094379124341003,7.057760234299549,-2.6476415482736133,0.6766518209102622,0.6830035856501063
17980.0,29,1,221.97,False,False,True,3.4011973816621555,0.6931471805599453,5.40703723326228,-0.4650466126260415,-1.0194460782877899,-0.9004284576470194
17981.0,46,1,239.12,False,False,True,3.8501476017100584,0.6931471805599453,5.481138798383642,-0.10320824041433209,-1.0194460782877899,-0.8293476084688687
17982.0,316,1,138.18,False,False,True,5.75890177387728,0.6931471805599453,4.935768059416704,1.4351817007591081,-1.0194460782877899,-1.3524865621359872
17983.0,31,1,171.71,False,False,True,3.4657359027997265,0.6931471805599453,5.151613887355828,-0.4130307935205781,-1.0194460782877899,-1.1454395892907285
17984.0,28,4,1038.59,False,False,True,3.367295829986474,1.6094379124341003,6.946581683636809,-0.49237009243739077,0.6766518209102622,0.5763571770545428
17987.0,12,4,805.07,False,False,True,2.5649493574615367,1.6094379124341003,6.6921705873707396,-1.1390336390935285,0.6766518209102622,0.33231703116397954
17988.0,123,7,288.42,False,False,True,4.820281565605037,2.0794415416798357,5.667878920309847,0.6786862295017252,1.546650982146608,-0.6502198610264687
17989.0,15,1,228.82999999999998,False,False,True,2.772588722239781,0.6931471805599453,5.437339905196839,-0.971683482208837,-1.0194460782877899,-0.8713610600833148
17990.0,16,3,896.77,False,False,True,2.833213344056216,1.3862943611198906,6.799913910775058,-0.9228221307840204,0.26360245192940907,0.43566824794748604
17991.0,227,1,227.2,False,False,True,5.429345628954441,0.6931471805599453,5.430222437427975,1.1695708296506748,-1.0194460782877899,-0.8781883875787647
17992.0,25,1,254.13,False,False,True,3.258096538021482,0.6931471805599453,5.541773219174124,-0.5803809504052695,-1.0194460782877899,-0.7711849217273136
17993.0,253,1,235.19,False,False,True,5.537334267018537,0.6931471805599453,5.4646365658644855,1.2566059423861191,-1.0194460782877899,-0.8451771351310363
17994.0,24,7,1634.83,False,False,True,3.2188758248682006,2.0794415416798357,7.399905599783028,-0.6119914906626093,1.546650982146608,1.0112015539535213
17995.0,18,2,419.38,False,False,True,2.9444389791664403,1.0986122886681098,6.041159064131834,-0.8331781102237836,-0.26891080150533303,-0.2921563091871322
17996.0,15,3,482.33,False,False,True,2.772588722239781,1.3862943611198906,6.180699650171005,-0.971683482208837,0.26360245192940907,-0.15830403043652272
17998.0,16,3,639.24,False,False,True,2.833213344056216,1.3862943611198906,6.461843106058791,-0.9228221307840204,0.26360245192940907,0.11137874283087543
17999.0,2,2,348.84,False,False,True,1.0986122886681098,1.0986122886681098,5.857475907104665,-2.3208506744639323,-0.26891080150533303,-0.4683517074871705
18000.0,200,1,124.25,False,False,True,5.303304908059076,0.6931471805599453,4.830311739964974,1.067986361608086,-1.0194460782877899,-1.4536440036226086
18001.0,85,4,536.61,False,False,True,4.454347296253507,1.6094379124341003,6.287133390226416,0.3837558464750486,0.6766518209102622,-0.05620901244392459
18002.0,11,4,249.92,False,False,True,2.4849066497880004,1.6094379124341003,5.525134163228542,-1.2035452970874143,0.6766518209102622,-0.7871456942723696
18003.0,12,1,358.61,False,False,True,2.5649493574615367,0.6931471805599453,5.885020110887118,-1.1390336390935285,-1.0194460782877899,-0.4419303304003814
18006.0,17,3,553.1800000000001,False,False,True,2.8903717578961645,1.3862943611198906,6.317489543722835,-0.876754423277733,0.26360245192940907,-0.027090313469432057
18007.0,28,1,220.32,False,False,True,3.367295829986474,0.6931471805599453,5.399609618029909,-0.49237009243739077,-1.0194460782877899,-0.9075532895884337
18009.0,178,7,1898.49,False,False,True,5.187385805840755,2.0794415416798357,7.549340708070521,0.9745595686544162,1.546650982146608,1.1545450093408316
18011.0,9,2,424.24,False,False,True,2.302585092994046,1.0986122886681098,6.052653715420404,-1.3504901751239817,-0.26891080150533303,-0.2811302320285707
18012.0,359,1,115.3,False,False,True,5.886104031450156,0.6931471805599453,4.7561730595246186,1.5377023272484165,-1.0194460782877899,-1.5247604551309824
18016.0,46,2,476.90000000000003,False,False,True,3.8501476017100584,1.0986122886681098,6.169401505584113,-0.10320824041433209,-0.26891080150533303,-0.16914161139798445
18017.0,67,1,165.0,False,False,True,4.219507705176107,0.6931471805599453,5.111987788356544,0.19448324659249747,-1.0194460782877899,-1.1834503487378942
18018.0,35,2,175.85,False,False,True,3.58351893845611,1.0986122886681098,5.17530191565149,-0.3181017345894741,-0.26891080150533303,-1.1227171924850194
18020.0,179,1,190.48000000000002,False,False,True,5.19295685089021,0.6931471805599453,5.254783364524308,0.9790496385601576,-1.0194460782877899,-1.0464757680220296
18021.0,145,2,227.06,False,False,True,4.983606621708336,1.0986122886681098,5.429608752229212,0.8103205840533239,-0.26891080150533303,-0.87877705618495
18022.0,21,4,983.68,False,False,True,3.091042453358316,1.6094379124341003,6.892316715292946,-0.7150207731887119,0.6766518209102622,0.5243042949839691
18025.0,15,6,1177.72,False,False,True,2.772588722239781,1.9459101490553132,7.072184382934504,-0.971683482208837,1.2994779980390392,0.6968397405540584
18026.0,136,2,2074.07,False,False,True,4.919980925828125,1.0986122886681098,7.637750167035548,0.7590404705795485,-0.26891080150533303,1.2393504977043055
18028.0,219,1,192.05,False,False,True,5.393627546352362,0.6931471805599453,5.262949222710246,1.1407832886491787,-1.0194460782877899,-1.0386427872587467
18029.0,278,1,433.77,False,False,True,5.631211781821365,0.6931471805599453,6.0748171556265245,1.3322679771210877,-1.0194460782877899,-0.25987027418584446
18031.0,14,1,462.09999999999997,False,False,True,2.70805020110221,0.6931471805599453,6.137943013486706,-1.0236993013143005,-1.0194460782877899,-0.19931771265152182
18034.0,11,1,370.82,False,False,True,2.4849066497880004,0.6931471805599453,5.918409866202071,-1.2035452970874143,-1.0194460782877899,-0.4099016929788846
18035.0,21,2,546.34,False,False,True,3.091042453358316,1.0986122886681098,6.305070181538051,-0.7150207731887119,-0.26891080150533303,-0.039003406113287106
18036.0,21,8,1158.02,False,False,True,3.091042453358316,2.1972245773362196,7.055330099446257,-0.7150207731887119,1.764673005494323,0.6806725141173191
18037.0,57,9,97.39999999999999,False,False,True,4.060443010546419,2.302585092994046,4.589040804058207,0.06628259625086781,1.959700351127462,-1.6850796416981668
18038.0,192,1,149.41,False,False,True,5.262690188904886,0.6931471805599453,5.013364898667122,1.0352523006580328,-1.0194460782877899,-1.2780529220579846
18039.0,10,4,579.17,False,False,True,2.3978952727983707,1.6094379124341003,6.363321164042317,-1.2736734618769707,0.6766518209102622,0.01687300209865129
18042.0,177,1,116.1,False,False,True,5.181783550292085,0.6931471805599453,4.763028270603671,0.9700443441642078,-1.0194460782877899,-1.5181846935529848
18043.0,2,1,316.46,False,False,True,1.0986122886681098,0.6931471805599453,5.760351826144095,-2.3208506744639323,-1.0194460782877899,-0.5615165703212822
18044.0,23,8,1417.01,False,False,True,3.1780538303479458,2.1972245773362196,7.257009759253384,-0.6448926083991554,1.764673005494323,0.874130796105999
18046.0,285,1,189.63,False,False,True,5.655991810819852,0.6931471805599453,5.250334376525886,1.3522398246796317,-1.0194460782877899,-1.050743395087576
18047.0,17,2,342.69,False,False,True,2.8903717578961645,1.0986122886681098,5.839740088291405,-0.876754423277733,-0.26891080150533303,-0.4853645338701438
18048.0,129,1,229.44,False,False,True,4.867534450455582,0.6931471805599453,5.439990524864182,0.7167704227443619,-1.0194460782877899,-0.8688184916976878
18049.0,73,2,556.52,False,False,True,4.30406509320417,1.0986122886681098,6.323498377130264,0.26263358103109885,-0.26891080150533303,-0.021326427369717925
18050.0,29,1,337.66,False,False,True,3.4011973816621555,0.6931471805599453,5.824996654237195,-0.4650466126260415,-1.0194460782877899,-0.49950695867127975
18051.0,270,7,2282.28,False,False,True,5.602118820879701,2.0794415416798357,7.733368284651133,1.3088200553697018,1.546650982146608,1.3310707870909158
18053.0,161,2,271.05,False,False,True,5.087596335232384,1.0986122886681098,5.605985872931934,0.8941327017181474,-0.26891080150533303,-0.7095898670262102
18054.0,28,1,176.5,False,False,True,3.367295829986474,0.6931471805599453,5.178970608915471,-0.49237009243739077,-1.0194460782877899,-1.1191980518008677
18056.0,254,1,190.95,False,False,True,5.541263545158426,0.6931471805599453,5.257234921446806,1.2597728048635513,-1.0194460782877899,-1.0441241476807541
18057.0,29,3,1203.56,False,False,True,3.4011973816621555,1.3862943611198906,7.093869634014788,-0.4650466126260415,0.26360245192940907,0.7176410024289395
18058.0,177,2,603.9,False,False,True,5.181783550292085,1.0986122886681098,6.4050631551128685,0.9700443441642078,-0.26891080150533303,0.056913400257883134
18060.0,44,2,1185.46,False,False,True,3.8066624897703196,1.0986122886681098,7.078729362707452,-0.13825573881636022,-0.26891080150533303,0.7031179172612984
18062.0,22,3,912.15,False,False,True,3.1354942159291497,1.3862943611198906,6.816900160638051,-0.6791941877627027,0.26360245192940907,0.4519620612108942
18063.0,26,2,186.60000000000002,False,False,True,3.295836866004329,1.0986122886681098,5.234312036572124,-0.5499635494680514,-0.26891080150533303,-1.0661125917822631
18064.0,82,9,3681.03,False,False,True,4.418840607796598,2.302585092994046,8.211219509505622,0.35513868185375624,1.959700351127462,1.7894426283313427
18065.0,24,15,3473.8,False,False,True,3.2188758248682006,2.772588722239781,8.153292202385765,-0.6119914906626093,2.829699512363807,1.7338767010268483
18066.0,22,2,1122.4,False,False,True,3.1354942159291497,1.0986122886681098,7.0241150800983325,-0.6791941877627027,-0.26891080150533303,0.6507299605595236
18069.0,19,6,2503.89,False,False,True,2.995732273553991,1.9459101490553132,7.826000100379148,-0.7918374864357232,1.2994779980390392,1.4199265098017315
18070.0,305,1,314.1,False,False,True,5.723585101952381,0.6931471805599453,5.752890048763229,1.406717682900119,-1.0194460782877899,-0.568674171807049
18071.0,1,5,975.63,False,False,True,0.6931471805599453,1.791759469228055,6.884107869976144,-2.6476415482736133,1.0141377287118658,0.5164300794402793
18074.0,9,2,1019.44,False,False,True,2.302585092994046,1.0986122886681098,6.9279891858129465,-1.3504901751239817,-0.26891080150533303,0.5585225937836148
18075.0,10,10,3171.54,False,False,True,2.3978952727983707,2.3978952727983707,8.062287807862091,-1.2736734618769707,2.1361240451745016,1.646582058449571
18076.0,16,1,151.49,False,False,True,2.833213344056216,0.6931471805599453,5.027099020126921,-0.9228221307840204,-1.0194460782877899,-1.2648786656913409
18077.0,2,8,1705.55,False,False,True,1.0986122886681098,2.1972245773362196,7.442229067653836,-2.3208506744639323,1.764673005494323,1.051799725280862
18078.0,61,2,508.47,False,False,True,4.127134385045092,1.0986122886681098,6.233370969673077,0.12003354081346623,-0.26891080150533303,-0.10777983285163747
18079.0,127,1,590.78,False,False,True,4.852030263919617,0.6931471805599453,6.383134944193957,0.7042745838559394,-1.0194460782877899,0.035879082689542284
18083.0,33,1,470.72999999999996,False,False,True,3.5263605246161616,0.6931471805599453,6.156406788013439,-0.36416944209576146,-1.0194460782877899,-0.181606605332201
18084.0,19,2,722.4499999999999,False,False,True,2.995732273553991,1.0986122886681098,6.584031435183091,-0.7918374864357232,-0.26891080150533303,0.22858612137395995
18085.0,9,3,955.8000000000001,False,False,True,2.302585092994046,1.3862943611198906,6.863594383196367,-1.3504901751239817,0.26360245192940907,0.4967528154375121
18089.0,82,1,428.45,False,False,True,4.418840607796598,0.6931471805599453,6.062505320212233,0.35513868185375624,-1.0194460782877899,-0.27168022333814845
18090.0,57,1,349.4,False,False,True,4.060443010546419,0.6931471805599453,5.859075359062237,0.06628259625086781,-1.0194460782877899,-0.46681745644702527
18091.0,229,1,360.85,False,False,True,5.438079308923196,0.6931471805599453,5.891229761312137,1.176609874075188,-1.0194460782877899,-0.4359738134956857
18093.0,80,4,2346.19,False,False,True,4.394449154672439,1.6094379124341003,7.760974146984277,0.3354800130298892,0.6766518209102622,1.3575513092461662
18094.0,82,6,3374.2200000000003,False,False,True,4.418840607796598,1.9459101490553132,8.124215786367353,0.35513868185375624,1.2994779980390392,1.7059855716254517
18095.0,63,3,1723.04,False,False,True,4.1588830833596715,1.3862943611198906,7.452425652810628,0.14562189516768048,0.26360245192940907,1.0615806513716277
18096.0,78,3,894.13,False,False,True,4.3694478524670215,1.3862943611198906,6.79696895912354,0.3153298269085502,0.26360245192940907,0.43284334588454515
18097.0,21,5,1965.52,False,False,True,3.091042453358316,1.791759469228055,7.584020762173567,-0.7150207731887119,1.0141377287118658,1.1878113471186016
18098.0,32,1,550.84,False,False,True,3.4965075614664802,0.6931471805599453,6.313258149188531,-0.3882298993790306,-1.0194460782877899,-0.031149217167532058
18100.0,186,1,451.56,False,False,True,5.231108616854587,0.6931471805599453,6.1149203510349,1.009798644300881,-1.0194460782877899,-0.2214018669434867
18101.0,10,3,405.51,False,False,True,2.3978952727983707,1.3862943611198906,6.007608528931287,-1.2736734618769707,0.26360245192940907,-0.32433917237673576
18103.0,185,1,105.8,False,False,True,5.225746673713202,0.6931471805599453,4.6709579265260945,1.0054771033114067,-1.0194460782877899,-1.606501832744853
18106.0,112,5,1030.76,False,False,True,4.727387818712341,1.791759469228055,6.9390213608561355,0.603817077726472,1.0141377287118658,0.5691050473264996
18107.0,78,1,167.13,False,False,True,4.3694478524670215,0.6931471805599453,5.124737489690837,0.3153298269085502,-1.0194460782877899,-1.17122038306679
18108.0,232,2,577.8100000000001,False,False,True,5.4510384535657,1.0986122886681098,6.360974271733167,1.1870544970941936,-0.26891080150533303,0.014621779766291683
18109.0,5,13,1840.99,False,False,True,1.791759469228055,2.6390573296152584,7.518601787918866,-1.7621979857756733,2.582526528256238,1.1250591470163236
18110.0,47,1,199.13,False,False,True,3.871201010907891,0.6931471805599453,5.2989671553895334,-0.08623991971089644,-1.0194460782877899,-1.0040931089045555
18111.0,225,1,405.85,False,False,True,5.420534999272286,0.6931471805599453,6.008444567142666,1.162469766414731,-1.0194460782877899,-0.3235372148753941
18112.0,54,2,423.27,False,False,True,4.007333185232471,1.0986122886681098,6.050370045018507,0.02347791127266091,-0.26891080150533303,-0.2833208096654126
18113.0,4,1,76.32000000000001,False,False,True,1.6094379124341003,0.6931471805599453,4.34795265434013,-1.909142863812241,-1.0194460782877899,-1.916339944779265
18115.0,333,1,9.700000000000001,False,False,True,5.811140992976701,0.6931471805599453,2.3702437414678608,1.4772847071960542,-1.0194460782877899,-3.813428470830264
18116.0,12,5,736.27,False,False,True,2.5649493574615367,1.791759469228055,6.602954175167378,-1.1390336390935285,1.0141377287118658,0.24673748463676784
18118.0,5,4,1079.4,False,False,True,1.791759469228055,1.6094379124341003,6.985086621918461,-1.7621979857756733,0.6766518209102622,0.6132924793808774
18119.0,3,1,181.12,False,False,True,1.3862943611198906,0.6931471805599453,5.204665810466581,-2.088988859585355,-1.0194460782877899,-1.0945503032267943
18123.0,149,1,95.15,False,False,True,5.0106352940962555,0.6931471805599453,4.565909472034789,0.8321047605235898,-1.0194460782877899,-1.7072680356970455
18124.0,108,1,111.53,False,False,True,4.6913478822291435,0.6931471805599453,4.723219852761906,0.5747701336124852,-1.0194460782877899,-1.5563703396995543
18127.0,39,1,212.8,False,False,True,3.6888794541139363,0.6931471805599453,5.365040998590945,-0.23318479774746423,-1.0194460782877899,-0.9407127352845345
18128.0,173,1,420.04,False,False,True,5.159055299214529,0.6931471805599453,6.042727841045523,0.9517261587488084,-1.0194460782877899,-0.29065148273692826
18131.0,267,1,222.95999999999998,False,False,True,5.5909869805108565,0.6931471805599453,5.411467464480692,1.2998481764866634,-1.0194460782877899,-0.8961788227500429
18132.0,140,1,226.9,False,False,True,4.948759890378168,0.6931471805599453,5.4289069362516384,0.7822353220836085,-1.0194460782877899,-0.8794502629596117
18134.0,234,2,445.0,False,False,True,5.459585514144159,1.0986122886681098,6.100318952020064,1.1939431327352996,-0.26891080150533303,-0.23540804669777043
18135.0,28,5,567.71,False,False,True,3.367295829986474,1.791759469228055,6.343370638121583,-0.49237009243739077,1.0141377287118658,-0.0022642498834611253
18136.0,45,2,847.03,False,False,True,3.828641396489095,1.0986122886681098,6.7429160125246295,-0.12054149907444375,-0.26891080150533303,0.3809938425907994
18137.0,187,2,145.99,False,False,True,5.236441962829949,1.0986122886681098,4.990364557253896,1.0140971369621858,-0.26891080150533303,-1.3001156652181582
18141.0,37,2,882.47,False,False,True,3.6375861597263857,1.0986122886681098,6.783857335325853,-0.27452542153552467,-0.26891080150533303,0.42026621135145276
18144.0,9,8,2169.25,False,False,True,2.302585092994046,2.1972245773362196,7.682597647271917,-1.3504901751239817,1.764673005494323,1.2823697912034449
18145.0,18,7,2756.2400000000002,False,False,True,2.9444389791664403,2.0794415416798357,7.921985458377613,-0.8331781102237836,1.546650982146608,1.511999069187292
18148.0,282,1,114.10000000000001,False,False,True,5.645446897643238,0.6931471805599453,4.745801315727837,1.3437409888431486,-1.0194460782877899,-1.5347093996009948
18149.0,40,4,1012.63,False,False,True,3.713572066704308,1.6094379124341003,6.921293226043281,-0.21328340479480876,0.6766518209102622,0.5520995917092184
18151.0,56,4,1226.09,False,False,True,4.04305126783455,1.6094379124341003,7.112400791654211,0.05226545227415695,0.6766518209102622,0.7354167460196048
18152.0,282,1,426.69,False,False,True,5.645446897643238,0.6931471805599453,6.058398634085082,1.3437409888431486,-1.0194460782877899,-0.2756195023094899
18153.0,295,1,246.22,False,False,True,5.69035945432406,0.6931471805599453,5.510278628459677,1.379938958407616,-1.0194460782877899,-0.8013956500545057
18154.0,24,3,533.41,False,False,True,3.2188758248682006,1.3862943611198906,6.281163334622208,-0.6119914906626093,0.26360245192940907,-0.06193570149958584
18156.0,5,1,206.23000000000002,False,False,True,1.791759469228055,0.6931471805599453,5.3338292875493964,-1.7621979857756733,-1.0194460782877899,-0.9706521153975292
18157.0,207,1,215.35,False,False,True,5.337538079701318,0.6931471805599453,5.3768974666708935,1.0955771156595069,-1.0194460782877899,-0.9293395906283302
18160.0,22,1,365.82,False,False,True,3.1354942159291497,0.6931471805599453,5.904871264522886,-0.6791941877627027,-1.0194460782877899,-0.4228883998381138
18161.0,15,1,184.41,False,False,True,2.772588722239781,0.6931471805599453,5.222569589109762,-0.971683482208837,-1.0194460782877899,-1.0773763638184883
18162.0,368,1,379.16,False,False,True,5.910796644040527,0.6931471805599453,5.940592216734226,1.5576037202010717,-1.0194460782877899,-0.388623595680797
18163.0,220,1,728.84,False,False,True,5.3981627015177525,0.6931471805599453,6.5928253320372185,1.144438467084323,-1.0194460782877899,0.2370215391003294
18166.0,259,1,175.5,False,False,True,5.560681631015528,0.6931471805599453,5.173320876373351,1.2754231114326207,-1.0194460782877899,-1.124617475615541
18168.0,8,11,2600.33,False,False,True,2.1972245773362196,2.4849066497880004,7.863778131679914,-1.4354071119659917,2.297186258929065,1.456164537173208
18170.0,10,6,1897.69,False,False,True,2.3978952727983707,1.9459101490553132,7.548919453674031,-1.2736734618769707,1.2994779980390392,1.1541409271844898
18171.0,106,4,1206.0,False,False,True,4.672828834461906,1.6094379124341003,7.095893221097532,0.5598444206942619,0.6766518209102622,0.7195820989225395
18173.0,248,1,589.52,False,False,True,5.517452896464707,0.6931471805599453,6.3810035046658875,1.240582244351696,-1.0194460782877899,0.03383453030554181
18174.0,239,1,58.5,False,False,True,5.480638923341991,0.6931471805599453,4.085976312551584,1.2109114534387349,-1.0194460782877899,-2.167636942466388
18175.0,311,1,176.1,False,False,True,5.7430031878094825,0.6931471805599453,5.176714544788788,1.4223679894691885,-1.0194460782877899,-1.1213621485195042
18177.0,196,3,875.45,False,False,True,5.2832037287379885,1.3862943611198906,6.775879657668556,1.0517855052986675,0.26360245192940907,0.4126137400248149
18179.0,158,2,754.38,False,False,True,5.0689042022202315,1.0986122886681098,6.627220933888675,0.879067488070273,-0.26891080150533303,0.2700150201906536
18181.0,36,4,823.14,False,False,True,3.6109179126442243,1.6094379124341003,6.714340418390228,-0.29601910765716044,0.6766518209102622,0.35358311930153036
18182.0,99,1,291.13,False,False,True,4.605170185988092,0.6931471805599453,5.677198908673179,0.5053138867139089,-1.0194460782877899,-0.6412797976673326
18186.0,358,1,329.58,False,False,True,5.883322388488279,0.6931471805599453,5.800848687489207,1.5354604190892172,-1.0194460782877899,-0.522670544751567
18187.0,267,1,724.89,False,False,True,5.5909869805108565,0.6931471805599453,6.587398488193701,1.2998481764866634,-1.0194460782877899,0.23181591802980697
18188.0,66,3,1279.55,False,False,True,4.204692619390966,1.3862943611198906,7.155044952124425,0.1825427991101455,0.26360245192940907,0.7763225370612341
18189.0,261,1,313.49,False,False,True,5.568344503761097,0.6931471805599453,5.750952279132591,1.2815991222171266,-1.0194460782877899,-0.5705329491571874
18190.0,239,3,461.16,False,False,True,5.480638923341991,1.3862943611198906,6.13591115147301,1.2109114534387349,0.26360245192940907,-0.2012667467523505
18191.0,113,1,321.59999999999997,False,False,True,4.736198448394496,0.6931471805599453,5.776413165691109,0.6109181409624159,-1.0194460782877899,-0.5461099638336793
18193.0,16,2,963.59,False,False,True,2.833213344056216,1.0986122886681098,6.871703140589635,-0.9228221307840204,-0.26891080150533303,0.5045310230954627
18194.0,74,5,3188.2000000000003,False,False,True,4.31748811353631,1.791759469228055,8.067525380628341,0.27345207183533093,1.0141377287118658,1.6516061239905302
18195.0,23,1,101.16,False,False,True,3.1780538303479458,0.6931471805599453,4.626540211724284,-0.6448926083991554,-1.0194460782877899,-1.6491088799981022
18196.0,107,2,775.18,False,False,True,4.68213122712422,1.0986122886681098,6.654384452047831,0.5673418279084664,-0.26891080150533303,0.29607123012706493
18197.0,211,1,230.1,False,False,True,5.356586274672012,0.6931471805599453,5.442850517280335,1.1109293029488503,-1.0194460782877899,-0.8660750855462757
18199.0,319,1,344.75,False,False,True,5.768320995793772,0.6931471805599453,5.845715970544868,1.4427732683173122,-1.0194460782877899,-0.47963225568588314
18201.0,358,1,447.53000000000003,False,False,True,5.883322388488279,0.6931471805599453,6.105975568893946,1.5354604190892172,-1.0194460782877899,-0.22998201918792685
18203.0,17,3,344.0,False,False,True,2.8903717578961645,1.3862943611198906,5.84354441703136,-0.876754423277733,0.26360245192940907,-0.48171528682730524
18206.0,189,1,314.65999999999997,False,False,True,5.247024072160486,0.6931471805599453,5.754665684970771,1.022625951614107,-1.0194460782877899,-0.5669709185861913
18207.0,135,1,544.47,False,False,True,4.912654885736052,0.6931471805599453,6.301647808343773,0.7531359352807564,-1.0194460782877899,-0.042286267851165175
18208.0,201,1,360.08,False,False,True,5.308267697401205,0.6931471805599453,5.889099540429954,1.0719861984207155,-1.0194460782877899,-0.43801719691133423
18210.0,18,1,147.45,False,False,True,2.9444389791664403,0.6931471805599453,5.000248201209769,-0.8331781102237836,-1.0194460782877899,-1.290634923425359
18212.0,313,1,298.3,False,False,True,5.749392985908253,0.6931471805599453,5.701446414858653,1.427517946055854,-1.0194460782877899,-0.6180207298285743
18214.0,166,4,1780.34,False,False,True,5.117993812416755,1.6094379124341003,7.485121169056339,0.9186320185077952,0.6766518209102622,1.0929433500576395
18215.0,73,4,1948.15,False,False,True,4.30406509320417,1.6094379124341003,7.575148659090991,0.26263358103109885,0.6766518209102622,1.1793009112044248
18217.0,149,2,323.29,False,False,True,5.0106352940962555,1.0986122886681098,5.781638177191837,0.8321047605235898,-0.26891080150533303,-0.5410979475040765
18218.0,232,2,479.91999999999996,False,False,True,5.4510384535657,1.0986122886681098,6.175700936106709,1.1870544970941936,-0.26891080150533303,-0.16309897423976102
18219.0,4,8,1493.1200000000001,False,False,True,1.6094379124341003,2.1972245773362196,7.3092926837523216,-1.909142863812241,1.764673005494323,0.924282431429964
18220.0,30,5,1616.48,False,False,True,3.4339872044851463,1.791759469228055,7.388624661538179,-0.4386191478747927,1.0141377287118658,1.0003804779255472
18221.0,26,1,383.33,False,False,True,3.295836866004329,0.6931471805599453,5.951501558536452,-0.5499635494680514,-1.0194460782877899,-0.37815896813876154
18227.0,120,1,295.0,False,False,True,4.795790545596741,0.6931471805599453,5.69035945432406,0.6589473132079308,-1.0194460782877899,-0.6286557355577085
18229.0,2,10,3526.81,False,False,True,1.0986122886681098,2.3978952727983707,8.168432560801172,-2.3208506744639323,2.1361240451745016,1.7483998697516394
18230.0,14,2,1480.8600000000001,False,False,True,2.70805020110221,1.0986122886681098,7.301053334457178,-1.0236993013143005,-0.26891080150533303,0.9163789553884659
18234.0,187,1,179.6,False,False,True,5.236441962829949,0.6931471805599453,5.196284640982885,1.0140971369621858,-1.0194460782877899,-1.102589818222617
18236.0,24,6,913.11,False,False,True,3.2188758248682006,1.9459101490553132,6.817950914322066,-0.6119914906626093,1.2994779980390392,0.4529699814081874
18238.0,151,1,270.92,False,False,True,5.0238805208462765,0.6931471805599453,5.605507905387861,0.8427799558409932,-1.0194460782877899,-0.7100483504449705
18239.0,8,2,588.75,False,False,True,2.1972245773362196,1.0986122886681098,6.379698718287784,-1.4354071119659917,-0.26891080150533303,0.032582932939146554
18241.0,51,4,913.9,False,False,True,3.9512437185814275,1.6094379124341003,6.818814769685489,-0.0217282617170106,0.6766518209102622,0.45379862210826805
18242.0,81,4,1372.72,False,False,True,4.406719247264253,1.6094379124341003,7.225277667444801,0.3453692838934502,0.6766518209102622,0.8436922483066508
18243.0,50,1,515.78,False,False,True,3.9318256327243257,0.6931471805599453,6.247617252029137,-0.03737856828608019,-1.0194460782877899,-0.09411429359019295
18244.0,66,2,568.64,False,False,True,4.204692619390966,1.0986122886681098,6.345004582351227,0.1825427991101455,-0.26891080150533303,-0.0006969126327214896
18245.0,15,13,3757.92,False,False,True,2.772588722239781,2.6390573296152584,8.231886961081788,-0.971683482208837,2.582526528256238,1.809267580826964
18246.0,245,1,162.72,False,False,True,5.5053315359323625,0.6931471805599453,5.098157651624202,1.23081284639139,-1.0194460782877899,-1.1967167063590152
18247.0,50,3,839.73,False,False,True,3.9318256327243257,1.3862943611198906,6.7342705620531635,-0.03737856828608019,0.26360245192940907,0.3727008198991332
18252.0,184,5,1015.42,False,False,True,5.220355825078324,1.791759469228055,6.924041928544818,1.001132265492471,1.0141377287118658,0.5547362446277813
18253.0,278,1,317.88,False,False,True,5.631211781821365,0.6931471805599453,5.7648148564644845,1.3322679771210877,-1.0194460782877899,-0.5572354733625131
18254.0,217,1,267.9,False,False,True,5.384495062789089,0.6931471805599453,5.5943395632748185,1.133422822300744,-1.0194460782877899,-0.7207614202702433
18255.0,92,1,199.85,False,False,True,4.532599493153256,0.6931471805599453,5.302558360805291,0.44682441462314787,-1.0194460782877899,-1.0006482973124233
18256.0,23,1,110.7,False,False,True,3.1780538303479458,0.6931471805599453,4.715816706075155,-0.6448926083991554,-1.0194460782877899,-1.5634717005442655
18257.0,82,4,2262.52,False,False,True,4.418840607796598,1.6094379124341003,7.7246764027106245,0.35513868185375624,0.6766518209102622,1.322733225687513
18258.0,100,6,2059.67,False,False,True,4.61512051684126,1.9459101490553132,7.630786451622126,0.5133335097324566,1.2994779980390392,1.232670654920819
18259.0,2,5,1979.6000000000001,False,False,True,1.0986122886681098,1.791759469228055,7.591155108087203,-2.3208506744639323,1.0141377287118658,1.1946548647290782
18262.0,29,2,428.06,False,False,True,3.4011973816621555,1.0986122886681098,6.06159676928836,-0.4650466126260415,-0.26891080150533303,-0.2725517376048816
18264.0,134,1,603.25,False,False,True,4.90527477843843,0.6931471805599453,6.4039880195835925,0.7471878236815803,-1.0194460782877899,0.05588209212994584
18266.0,70,1,251.1,False,False,True,4.2626798770413155,0.6931471805599453,5.529825834193874,0.22927852610229346,-1.0194460782877899,-0.7826452770985345
18267.0,308,1,269.37,False,False,True,5.733341276897746,0.6931471805599453,5.599791391268202,1.4145808229624335,-1.0194460782877899,-0.7155318335171402
18268.0,227,5,1464.73,False,False,True,5.429345628954441,1.791759469228055,7.2901086908595385,1.1695708296506748,1.0141377287118658,0.9058804651123389
18269.0,2,1,168.6,False,False,True,1.0986122886681098,0.6931471805599453,5.133442723357803,-2.3208506744639323,-1.0194460782877899,-1.1628700142138688
18270.0,68,1,161.4,False,False,True,4.23410650459726,0.6931471805599453,5.090062427727577,0.20624937473523788,-1.0194460782877899,-1.2044819322070377
18271.0,245,2,680.85,False,False,True,5.5053315359323625,1.0986122886681098,6.524809692303843,1.23081284639139,-0.26891080150533303,0.17177852538360924
18272.0,184,3,1307.4,False,False,True,5.220355825078324,1.3862943611198906,7.1765602956642285,1.001132265492471,0.26360245192940907,0.7969608175977405
18273.0,226,1,153.0,False,False,True,5.424950017481403,0.6931471805599453,5.0369526024136295,1.1660281186122226,-1.0194460782877899,-1.2554267601177014
18275.0,214,2,741.85,False,False,True,5.3706380281276624,1.0986122886681098,6.610494140083362,1.1222545309364214,-0.26891080150533303,0.2539700863790365
18276.0,28,5,1320.66,False,False,True,3.367295829986474,1.791759469228055,7.186643801251925,-0.49237009243739077,1.0141377287118658,0.8066332737556131
18277.0,33,4,1069.67,False,False,True,3.5263605246161616,1.6094379124341003,6.976039899718727,-0.36416944209576146,0.6766518209102622,0.6046145426168873
18278.0,40,1,240.3,False,False,True,3.713572066704308,0.6931471805599453,5.4860409726309864,-0.21328340479480876,-1.0194460782877899,-0.8246452690817074
18279.0,155,1,231.33999999999997,False,False,True,5.049856007249537,0.6931471805599453,5.448201816085328,0.8637153007809296,-1.0194460782877899,-0.8609419299558104
18280.0,30,1,307.55,False,False,True,3.4339872044851463,0.6931471805599453,5.731883904767076,-0.4386191478747927,-1.0194460782877899,-0.5888240100831988
18281.0,213,1,120.32,False,False,True,5.365976015021851,0.6931471805599453,4.798431682820381,1.118497109382521,-1.0194460782877899,-1.4842244850196522
18283.0,18,6,641.77,False,False,True,2.9444389791664403,1.9459101490553132,6.465786961959058,-0.8331781102237836,1.2994779980390392,0.11516182927403072
18284.0,67,1,461.68,False,False,True,4.219507705176107,0.6931471805599453,6.137035670427201,0.19448324659249747,-1.0194460782877899,-0.20018806829191738
18285.0,296,1,427.0,False,False,True,5.6937321388027,0.6931471805599453,6.059123195581797,1.3826572256168501,-1.0194460782877899,-0.2749244772262284
18286.0,112,2,1296.43,False,False,True,4.727387818712341,1.0986122886681098,7.168140663681035,0.603817077726472,-0.26891080150533303,0.7888844080083782
18287.0,18,4,2345.71,False,False,True,2.9444389791664403,1.6094379124341003,7.760769626222577,-0.8331781102237836,0.6766518209102622,1.3573551256784855
